-- phpMyAdmin SQL Dump
-- version 4.8.3
-- https://www.phpmyadmin.net/
--
-- Host: 127.0.0.1
-- Generation Time: Dec 01, 2018 at 11:43 AM
-- Server version: 10.1.35-MariaDB
-- PHP Version: 7.2.9

SET SQL_MODE = "NO_AUTO_VALUE_ON_ZERO";
SET AUTOCOMMIT = 0;
START TRANSACTION;
SET time_zone = "+00:00";


/*!40101 SET @OLD_CHARACTER_SET_CLIENT=@@CHARACTER_SET_CLIENT */;
/*!40101 SET @OLD_CHARACTER_SET_RESULTS=@@CHARACTER_SET_RESULTS */;
/*!40101 SET @OLD_COLLATION_CONNECTION=@@COLLATION_CONNECTION */;
/*!40101 SET NAMES utf8mb4 */;

--
-- Database: `restfulapi`
--

-- --------------------------------------------------------

--
-- Table structure for table `categories`
--

CREATE TABLE `categories` (
  `id` int(10) UNSIGNED NOT NULL,
  `name` varchar(191) COLLATE utf8mb4_unicode_ci NOT NULL,
  `description` varchar(1000) COLLATE utf8mb4_unicode_ci NOT NULL,
  `created_at` timestamp NULL DEFAULT NULL,
  `updated_at` timestamp NULL DEFAULT NULL
) ENGINE=InnoDB DEFAULT CHARSET=utf8mb4 COLLATE=utf8mb4_unicode_ci;

--
-- Dumping data for table `categories`
--

INSERT INTO `categories` (`id`, `name`, `description`, `created_at`, `updated_at`) VALUES
(1, 'eos', 'Quia sed nisi maiores dolorem.', '2018-11-30 23:52:03', '2018-11-30 23:52:03'),
(2, 'et', 'Tenetur accusantium mollitia et voluptates fugiat qui.', '2018-11-30 23:52:03', '2018-11-30 23:52:03'),
(3, 'vel', 'Et voluptatem voluptatem hic.', '2018-11-30 23:52:03', '2018-11-30 23:52:03'),
(4, 'laboriosam', 'Perspiciatis corrupti dolor suscipit blanditiis sequi sequi. Maiores dolor odio et culpa id.', '2018-11-30 23:52:04', '2018-11-30 23:52:04'),
(5, 'sint', 'Rerum pariatur veniam saepe nam occaecati dignissimos omnis. Voluptas soluta itaque necessitatibus dignissimos neque sed quibusdam modi.', '2018-11-30 23:52:04', '2018-11-30 23:52:04'),
(6, 'assumenda', 'Voluptatem maxime sunt velit nobis.', '2018-11-30 23:52:04', '2018-11-30 23:52:04'),
(7, 'laudantium', 'Corrupti id ratione necessitatibus voluptatem accusamus aut eos expedita. Est sunt iusto officia consequatur reiciendis maxime porro.', '2018-11-30 23:52:04', '2018-11-30 23:52:04'),
(8, 'nihil', 'Laboriosam velit iste quas officiis voluptatum. Et temporibus architecto deserunt deserunt unde blanditiis accusamus.', '2018-11-30 23:52:04', '2018-11-30 23:52:04'),
(9, 'voluptates', 'Voluptatibus fugit velit et consequuntur corporis voluptas neque. Enim veritatis id laboriosam vero maiores quidem expedita odit.', '2018-11-30 23:52:04', '2018-11-30 23:52:04'),
(10, 'corporis', 'Aperiam sunt reprehenderit cumque veniam. Dolores molestias velit quod eligendi autem voluptatem.', '2018-11-30 23:52:04', '2018-11-30 23:52:04'),
(11, 'illum', 'Eius sit illum accusantium totam nihil ut.', '2018-11-30 23:52:04', '2018-11-30 23:52:04'),
(12, 'quis', 'Autem molestiae quo repudiandae culpa voluptatem atque dolores.', '2018-11-30 23:52:04', '2018-11-30 23:52:04'),
(13, 'enim', 'Eos impedit dolor et illo sint earum deleniti. Veniam ipsam officiis suscipit et veritatis qui itaque.', '2018-11-30 23:52:04', '2018-11-30 23:52:04'),
(14, 'quibusdam', 'Est blanditiis vel sunt eum quidem.', '2018-11-30 23:52:04', '2018-11-30 23:52:04'),
(15, 'dolores', 'Aperiam quia architecto harum. Aut consectetur qui iste ab distinctio.', '2018-11-30 23:52:04', '2018-11-30 23:52:04'),
(16, 'corrupti', 'Minus labore quos et nesciunt. Voluptatem molestias necessitatibus eaque placeat.', '2018-11-30 23:52:04', '2018-11-30 23:52:04'),
(17, 'soluta', 'At dolorem deserunt sequi doloremque.', '2018-11-30 23:52:04', '2018-11-30 23:52:04'),
(18, 'et', 'Dolores similique non dolor animi.', '2018-11-30 23:52:04', '2018-11-30 23:52:04'),
(19, 'aut', 'Ab nobis magni autem maxime voluptates aut nostrum.', '2018-11-30 23:52:04', '2018-11-30 23:52:04'),
(20, 'sit', 'Dolore eum architecto rerum.', '2018-11-30 23:52:04', '2018-11-30 23:52:04'),
(21, 'expedita', 'Et voluptatum nam possimus facere eveniet velit quisquam. Sit sunt voluptatibus quos officia qui eligendi autem.', '2018-11-30 23:52:04', '2018-11-30 23:52:04'),
(22, 'expedita', 'Sint ab in rerum perferendis.', '2018-11-30 23:52:04', '2018-11-30 23:52:04'),
(23, 'maxime', 'Voluptatem molestias voluptatum saepe atque. Earum libero iusto molestiae aut commodi voluptates.', '2018-11-30 23:52:04', '2018-11-30 23:52:04'),
(24, 'repudiandae', 'Dolores sequi saepe sit dolores. Ab ab est quam similique ad.', '2018-11-30 23:52:04', '2018-11-30 23:52:04'),
(25, 'beatae', 'Et iusto dolorem neque sed hic molestiae consequatur. Et aspernatur explicabo voluptatum sed nemo.', '2018-11-30 23:52:04', '2018-11-30 23:52:04'),
(26, 'deleniti', 'Dolor dignissimos voluptas odit.', '2018-11-30 23:52:04', '2018-11-30 23:52:04'),
(27, 'iure', 'Ut est officia aperiam sunt accusamus sed. Sint est suscipit rem qui veritatis quae et expedita.', '2018-11-30 23:52:05', '2018-11-30 23:52:05'),
(28, 'voluptatibus', 'Est reiciendis quis corrupti nesciunt nobis accusantium commodi.', '2018-11-30 23:52:05', '2018-11-30 23:52:05'),
(29, 'facere', 'Et amet voluptas tempore fugit adipisci qui. Dolor dolorum possimus eum alias.', '2018-11-30 23:52:05', '2018-11-30 23:52:05'),
(30, 'praesentium', 'Quis earum sequi hic est.', '2018-11-30 23:52:05', '2018-11-30 23:52:05');

-- --------------------------------------------------------

--
-- Table structure for table `category_product`
--

CREATE TABLE `category_product` (
  `category_id` int(10) UNSIGNED NOT NULL,
  `product_id` int(10) UNSIGNED NOT NULL
) ENGINE=InnoDB DEFAULT CHARSET=utf8mb4 COLLATE=utf8mb4_unicode_ci;

--
-- Dumping data for table `category_product`
--

INSERT INTO `category_product` (`category_id`, `product_id`) VALUES
(10, 1),
(28, 1),
(18, 2),
(23, 2),
(24, 2),
(27, 2),
(7, 3),
(18, 3),
(9, 4),
(10, 5),
(18, 5),
(24, 5),
(30, 5),
(3, 6),
(23, 6),
(25, 6),
(1, 7),
(7, 7),
(21, 7),
(30, 7),
(8, 8),
(12, 8),
(22, 8),
(24, 8),
(3, 9),
(4, 9),
(21, 9),
(10, 10),
(11, 10),
(12, 10),
(24, 10),
(30, 10),
(5, 11),
(16, 11),
(22, 11),
(28, 11),
(13, 12),
(15, 12),
(22, 12),
(30, 13),
(3, 14),
(4, 14),
(7, 14),
(11, 14),
(19, 14),
(2, 15),
(16, 15),
(21, 15),
(4, 16),
(6, 16),
(7, 16),
(11, 16),
(27, 16),
(20, 17),
(11, 18),
(30, 18),
(9, 19),
(11, 19),
(18, 19),
(1, 20),
(10, 20),
(14, 20),
(18, 20),
(30, 20),
(7, 21),
(15, 21),
(17, 21),
(20, 21),
(26, 21),
(2, 22),
(4, 22),
(19, 23),
(24, 23),
(2, 24),
(18, 24),
(2, 25),
(22, 25),
(26, 25),
(27, 25),
(30, 25),
(20, 26),
(7, 27),
(16, 27),
(18, 27),
(19, 27),
(7, 28),
(4, 29),
(6, 29),
(1, 30),
(13, 30),
(14, 30),
(16, 30),
(23, 30),
(24, 31),
(17, 32),
(27, 32),
(7, 33),
(9, 33),
(26, 33),
(1, 34),
(7, 34),
(18, 34),
(15, 35),
(2, 36),
(8, 36),
(10, 36),
(24, 36),
(28, 36),
(17, 37),
(21, 37),
(8, 38),
(16, 38),
(17, 38),
(8, 39),
(18, 39),
(25, 39),
(27, 39),
(9, 40),
(12, 40),
(23, 40),
(27, 40),
(30, 40),
(9, 41),
(11, 41),
(16, 41),
(17, 41),
(30, 41),
(10, 42),
(1, 43),
(7, 43),
(8, 43),
(26, 43),
(1, 44),
(2, 44),
(20, 44),
(8, 45),
(12, 45),
(19, 45),
(21, 45),
(24, 45),
(15, 46),
(22, 46),
(28, 46),
(29, 46),
(6, 47),
(1, 48),
(9, 48),
(18, 48),
(20, 48),
(26, 48),
(17, 49),
(28, 49),
(2, 50),
(13, 51),
(16, 51),
(19, 51),
(29, 51),
(16, 52),
(18, 52),
(26, 52),
(3, 53),
(9, 53),
(21, 53),
(29, 53),
(2, 54),
(15, 54),
(17, 54),
(22, 54),
(3, 55),
(21, 55),
(26, 55),
(10, 56),
(20, 56),
(24, 56),
(11, 57),
(13, 57),
(2, 58),
(8, 58),
(24, 58),
(25, 58),
(26, 58),
(17, 59),
(18, 59),
(25, 59),
(2, 60),
(4, 60),
(26, 60),
(27, 60),
(28, 60),
(21, 61),
(7, 62),
(8, 62),
(15, 62),
(18, 62),
(21, 62),
(2, 63),
(18, 63),
(23, 63),
(27, 63),
(30, 63),
(6, 64),
(12, 65),
(13, 65),
(20, 65),
(30, 65),
(23, 66),
(4, 67),
(6, 67),
(18, 67),
(23, 67),
(7, 68),
(13, 68),
(24, 68),
(25, 68),
(2, 69),
(8, 69),
(29, 69),
(17, 70),
(26, 70),
(27, 70),
(29, 70),
(2, 71),
(27, 71),
(28, 71),
(29, 71),
(6, 72),
(11, 72),
(18, 72),
(6, 73),
(10, 73),
(3, 74),
(8, 74),
(10, 74),
(12, 75),
(15, 75),
(20, 75),
(25, 75),
(26, 75),
(14, 76),
(17, 76),
(24, 76),
(29, 76),
(1, 77),
(20, 77),
(22, 77),
(7, 78),
(19, 78),
(20, 78),
(30, 78),
(3, 79),
(4, 79),
(5, 79),
(10, 79),
(26, 79),
(20, 80),
(28, 80),
(4, 81),
(18, 81),
(27, 81),
(7, 82),
(15, 82),
(16, 82),
(17, 82),
(13, 83),
(14, 83),
(21, 83),
(9, 84),
(10, 84),
(11, 84),
(17, 84),
(29, 84),
(7, 85),
(8, 85),
(17, 85),
(18, 85),
(20, 85),
(15, 86),
(10, 87),
(26, 87),
(27, 87),
(30, 87),
(21, 88),
(23, 88),
(8, 89),
(18, 89),
(4, 90),
(19, 90),
(21, 90),
(15, 91),
(17, 91),
(27, 91),
(29, 91),
(5, 92),
(9, 92),
(16, 92),
(29, 92),
(6, 93),
(10, 93),
(11, 93),
(12, 93),
(26, 93),
(12, 94),
(19, 94),
(20, 94),
(23, 94),
(2, 95),
(16, 95),
(20, 95),
(12, 96),
(15, 96),
(19, 96),
(22, 96),
(25, 96),
(16, 97),
(12, 98),
(15, 98),
(16, 98),
(26, 98),
(27, 98),
(5, 99),
(7, 99),
(12, 99),
(30, 99),
(2, 100),
(4, 100),
(5, 100),
(14, 100),
(16, 101),
(19, 101),
(27, 101),
(1, 102),
(14, 102),
(19, 102),
(25, 102),
(26, 102),
(27, 103),
(10, 104),
(25, 104),
(28, 104),
(14, 105),
(18, 105),
(30, 106),
(8, 107),
(14, 107),
(19, 107),
(9, 108),
(17, 108),
(24, 108),
(27, 108),
(29, 108),
(11, 109),
(17, 109),
(26, 109),
(28, 109),
(2, 110),
(7, 111),
(19, 111),
(23, 112),
(26, 112),
(3, 113),
(6, 113),
(11, 113),
(12, 114),
(14, 114),
(22, 114),
(24, 114),
(27, 114),
(10, 115),
(21, 115),
(1, 116),
(4, 116),
(17, 116),
(23, 116),
(29, 116),
(1, 117),
(14, 117),
(1, 118),
(2, 118),
(6, 118),
(27, 118),
(2, 119),
(3, 119),
(18, 119),
(23, 119),
(15, 120),
(21, 120),
(29, 120),
(9, 121),
(15, 121),
(18, 121),
(28, 121),
(4, 122),
(18, 122),
(19, 122),
(3, 123),
(8, 124),
(1, 125),
(18, 125),
(23, 125),
(2, 126),
(5, 126),
(7, 126),
(10, 126),
(23, 126),
(9, 127),
(25, 127),
(7, 128),
(12, 128),
(13, 128),
(30, 128),
(3, 129),
(8, 129),
(10, 129),
(11, 129),
(14, 129),
(3, 130),
(17, 130),
(20, 130),
(22, 130),
(24, 130),
(21, 131),
(9, 132),
(10, 132),
(27, 132),
(21, 133),
(6, 134),
(8, 134),
(10, 134),
(13, 134),
(21, 134),
(5, 135),
(18, 135),
(29, 135),
(6, 136),
(8, 136),
(7, 137),
(20, 137),
(22, 137),
(29, 137),
(13, 138),
(16, 139),
(20, 139),
(27, 139),
(22, 140),
(4, 141),
(22, 141),
(30, 141),
(9, 142),
(9, 143),
(10, 143),
(20, 143),
(26, 143),
(29, 143),
(7, 144),
(9, 145),
(24, 145),
(7, 146),
(10, 146),
(1, 147),
(15, 147),
(26, 147),
(27, 147),
(14, 148),
(16, 148),
(19, 148),
(26, 148),
(2, 149),
(13, 149),
(14, 149),
(30, 149),
(29, 150),
(1, 151),
(11, 151),
(16, 151),
(23, 151),
(26, 151),
(27, 152),
(2, 153),
(9, 153),
(12, 153),
(16, 153),
(23, 153),
(2, 154),
(6, 154),
(9, 154),
(18, 154),
(30, 154),
(3, 155),
(11, 155),
(14, 155),
(16, 155),
(21, 155),
(5, 156),
(11, 156),
(25, 156),
(1, 157),
(19, 157),
(21, 157),
(26, 157),
(28, 157),
(1, 158),
(8, 159),
(17, 159),
(18, 159),
(20, 159),
(28, 159),
(4, 160),
(6, 160),
(12, 160),
(20, 160),
(26, 160),
(5, 161),
(9, 161),
(12, 161),
(23, 161),
(24, 161),
(14, 162),
(20, 162),
(24, 163),
(9, 164),
(17, 164),
(14, 165),
(21, 165),
(1, 166),
(3, 166),
(21, 166),
(28, 166),
(25, 167),
(12, 168),
(22, 169),
(10, 170),
(19, 170),
(4, 171),
(6, 171),
(10, 171),
(14, 171),
(29, 171),
(13, 172),
(23, 172),
(30, 173),
(15, 174),
(22, 174),
(14, 175),
(26, 176),
(8, 177),
(20, 177),
(11, 178),
(12, 178),
(28, 178),
(29, 178),
(30, 178),
(1, 179),
(3, 179),
(14, 179),
(29, 179),
(4, 180),
(19, 180),
(22, 180),
(27, 180),
(6, 181),
(8, 181),
(11, 181),
(19, 181),
(21, 181),
(7, 182),
(10, 182),
(20, 182),
(1, 183),
(11, 183),
(25, 184),
(3, 185),
(5, 185),
(23, 185),
(12, 186),
(16, 186),
(19, 186),
(20, 186),
(9, 187),
(21, 187),
(5, 188),
(29, 188),
(17, 189),
(20, 189),
(5, 190),
(14, 190),
(16, 190),
(17, 190),
(21, 190),
(2, 191),
(3, 191),
(5, 191),
(15, 191),
(27, 191),
(2, 192),
(4, 192),
(8, 192),
(9, 192),
(6, 193),
(11, 193),
(14, 193),
(18, 193),
(26, 193),
(14, 194),
(27, 194),
(11, 195),
(24, 195),
(3, 196),
(7, 196),
(10, 196),
(13, 196),
(8, 197),
(17, 197),
(15, 198),
(3, 199),
(8, 199),
(25, 199),
(6, 200),
(11, 200),
(14, 200),
(8, 201),
(9, 201),
(20, 201),
(26, 201),
(28, 201),
(16, 202),
(26, 202),
(8, 203),
(13, 203),
(22, 203),
(24, 203),
(12, 204),
(20, 204),
(11, 205),
(18, 205),
(22, 205),
(23, 205),
(12, 206),
(15, 206),
(24, 206),
(1, 207),
(2, 207),
(15, 207),
(21, 207),
(27, 207),
(4, 208),
(27, 208),
(1, 209),
(5, 209),
(6, 209),
(6, 210),
(1, 211),
(6, 211),
(29, 211),
(8, 212),
(9, 212),
(14, 212),
(16, 212),
(27, 212),
(11, 213),
(13, 213),
(21, 213),
(23, 213),
(24, 213),
(4, 214),
(11, 214),
(17, 215),
(25, 215),
(5, 216),
(24, 216),
(15, 217),
(7, 218),
(10, 218),
(17, 219),
(26, 219),
(27, 219),
(29, 219),
(5, 220),
(14, 220),
(12, 221),
(13, 221),
(29, 221),
(2, 222),
(7, 222),
(10, 222),
(22, 222),
(29, 222),
(4, 223),
(7, 223),
(11, 223),
(18, 223),
(3, 224),
(27, 224),
(2, 225),
(9, 225),
(15, 225),
(28, 225),
(2, 226),
(27, 227),
(30, 227),
(3, 228),
(10, 228),
(17, 228),
(24, 228),
(25, 228),
(2, 229),
(2, 230),
(5, 230),
(7, 230),
(25, 230),
(9, 231),
(14, 231),
(25, 231),
(20, 232),
(21, 232),
(27, 232),
(29, 232),
(13, 233),
(26, 233),
(3, 234),
(27, 235),
(30, 235),
(10, 236),
(23, 236),
(29, 236),
(2, 237),
(8, 237),
(17, 237),
(21, 237),
(25, 237),
(11, 238),
(13, 238),
(16, 238),
(19, 238),
(25, 239),
(3, 240),
(5, 240),
(12, 240),
(17, 240),
(3, 241),
(16, 241),
(18, 241),
(21, 241),
(2, 242),
(18, 242),
(29, 242),
(18, 243),
(20, 243),
(13, 244),
(28, 244),
(30, 244),
(9, 245),
(13, 245),
(17, 245),
(20, 245),
(21, 245),
(6, 246),
(16, 246),
(19, 246),
(25, 246),
(7, 247),
(17, 247),
(7, 248),
(25, 248),
(29, 248),
(2, 249),
(7, 249),
(9, 249),
(14, 249),
(29, 249),
(5, 250),
(25, 250),
(12, 251),
(15, 251),
(24, 251),
(25, 251),
(29, 251),
(23, 252),
(12, 253),
(17, 253),
(18, 253),
(25, 253),
(8, 254),
(17, 254),
(13, 255),
(16, 255),
(17, 255),
(24, 255),
(15, 256),
(16, 256),
(18, 256),
(27, 256),
(6, 257),
(11, 257),
(22, 257),
(24, 257),
(25, 257),
(7, 258),
(15, 258),
(24, 258),
(26, 258),
(30, 258),
(6, 259),
(21, 260),
(23, 260),
(17, 261),
(3, 262),
(14, 262),
(30, 262),
(4, 263),
(10, 263),
(6, 264),
(12, 264),
(22, 264),
(25, 264),
(27, 264),
(18, 265),
(19, 265),
(27, 265),
(8, 266),
(23, 266),
(24, 266),
(28, 266),
(30, 266),
(11, 267),
(15, 267),
(19, 267),
(5, 268),
(11, 268),
(14, 268),
(15, 268),
(23, 268),
(11, 269),
(22, 269),
(22, 270),
(1, 271),
(9, 271),
(5, 272),
(19, 272),
(24, 272),
(27, 272),
(30, 272),
(8, 273),
(11, 273),
(14, 273),
(22, 273),
(24, 273),
(13, 274),
(16, 274),
(19, 274),
(23, 274),
(25, 274),
(8, 275),
(9, 275),
(23, 275),
(4, 276),
(5, 276),
(15, 276),
(12, 277),
(14, 277),
(30, 277),
(5, 278),
(10, 278),
(18, 278),
(23, 278),
(21, 279),
(8, 280),
(17, 280),
(22, 280),
(27, 280),
(26, 281),
(7, 282),
(20, 282),
(21, 282),
(28, 282),
(14, 283),
(24, 283),
(2, 284),
(30, 284),
(3, 285),
(9, 285),
(18, 285),
(4, 286),
(13, 286),
(28, 286),
(4, 287),
(5, 287),
(9, 287),
(12, 287),
(16, 287),
(11, 288),
(16, 288),
(22, 288),
(23, 288),
(6, 289),
(14, 289),
(26, 289),
(14, 290),
(21, 290),
(14, 291),
(20, 292),
(22, 292),
(1, 293),
(9, 293),
(11, 293),
(16, 293),
(25, 293),
(10, 294),
(18, 294),
(3, 295),
(12, 295),
(3, 296),
(8, 296),
(11, 296),
(19, 296),
(8, 297),
(15, 297),
(19, 297),
(26, 297),
(3, 298),
(4, 298),
(5, 298),
(17, 298),
(7, 299),
(30, 299),
(12, 300),
(16, 300),
(18, 300),
(29, 300),
(14, 301),
(11, 302),
(20, 302),
(21, 302),
(23, 302),
(2, 303),
(6, 303),
(12, 303),
(24, 303),
(20, 304),
(25, 305),
(9, 306),
(23, 306),
(24, 306),
(7, 307),
(9, 307),
(25, 307),
(23, 308),
(4, 309),
(19, 309),
(29, 309),
(30, 309),
(10, 310),
(18, 310),
(21, 310),
(29, 310),
(30, 310),
(5, 311),
(12, 311),
(18, 311),
(25, 311),
(27, 311),
(4, 312),
(12, 312),
(13, 312),
(28, 312),
(30, 312),
(4, 313),
(9, 313),
(2, 314),
(14, 314),
(24, 314),
(29, 314),
(2, 315),
(3, 315),
(4, 316),
(9, 316),
(19, 316),
(22, 316),
(28, 316),
(3, 317),
(6, 318),
(26, 318),
(3, 319),
(21, 319),
(26, 319),
(2, 320),
(26, 320),
(27, 320),
(29, 320),
(30, 320),
(2, 321),
(11, 321),
(17, 321),
(18, 321),
(30, 321),
(3, 322),
(15, 322),
(16, 322),
(4, 323),
(8, 323),
(24, 323),
(29, 323),
(13, 324),
(5, 325),
(13, 325),
(28, 325),
(12, 326),
(14, 326),
(17, 326),
(18, 326),
(29, 326),
(6, 327),
(7, 327),
(9, 327),
(13, 327),
(1, 328),
(14, 328),
(15, 328),
(17, 328),
(28, 328),
(3, 329),
(4, 329),
(21, 329),
(23, 329),
(29, 329),
(2, 330),
(26, 330),
(30, 330),
(30, 331),
(12, 332),
(22, 332),
(2, 333),
(20, 333),
(6, 334),
(14, 334),
(23, 334),
(10, 335),
(13, 335),
(7, 336),
(26, 336),
(8, 337),
(15, 337),
(24, 337),
(27, 337),
(19, 338),
(12, 339),
(19, 340),
(3, 341),
(24, 341),
(15, 342),
(18, 342),
(30, 342),
(5, 343),
(11, 343),
(16, 343),
(27, 343),
(19, 344),
(23, 344),
(25, 344),
(27, 344),
(29, 344),
(8, 345),
(5, 346),
(14, 346),
(17, 346),
(26, 346),
(27, 346),
(8, 347),
(17, 347),
(22, 347),
(24, 347),
(12, 348),
(17, 348),
(21, 348),
(30, 348),
(2, 349),
(12, 349),
(22, 349),
(4, 350),
(5, 350),
(9, 350),
(14, 350),
(20, 350),
(5, 351),
(11, 351),
(22, 351),
(26, 351),
(27, 351),
(4, 352),
(8, 352),
(19, 352),
(2, 353),
(25, 353),
(27, 353),
(3, 354),
(6, 354),
(9, 354),
(20, 355),
(21, 355),
(22, 355),
(23, 355),
(28, 356),
(1, 357),
(6, 357),
(27, 357),
(29, 357),
(18, 358),
(20, 358),
(21, 358),
(10, 359),
(12, 359),
(8, 360),
(26, 360),
(29, 360),
(9, 361),
(3, 362),
(18, 362),
(30, 362),
(4, 363),
(13, 363),
(15, 363),
(23, 363),
(8, 364),
(14, 364),
(15, 364),
(10, 365),
(16, 365),
(17, 365),
(15, 366),
(4, 367),
(19, 367),
(23, 367),
(25, 367),
(29, 367),
(7, 368),
(8, 368),
(13, 368),
(19, 368),
(2, 369),
(8, 369),
(13, 369),
(15, 369),
(19, 369),
(9, 370),
(5, 371),
(10, 371),
(12, 371),
(16, 371),
(18, 372),
(19, 372),
(25, 372),
(9, 373),
(12, 373),
(17, 373),
(3, 374),
(30, 374),
(7, 375),
(13, 375),
(9, 376),
(30, 376),
(12, 377),
(16, 377),
(18, 377),
(30, 377),
(8, 378),
(16, 378),
(20, 378),
(26, 378),
(27, 378),
(4, 379),
(13, 379),
(21, 379),
(24, 379),
(26, 379),
(1, 380),
(8, 380),
(15, 380),
(4, 381),
(14, 381),
(8, 382),
(15, 382),
(17, 382),
(28, 382),
(29, 382),
(8, 383),
(24, 383),
(5, 384),
(14, 384),
(18, 384),
(19, 384),
(11, 385),
(6, 386),
(13, 386),
(4, 387),
(3, 388),
(4, 388),
(6, 388),
(19, 388),
(30, 388),
(7, 389),
(21, 389),
(24, 389),
(29, 389),
(30, 389),
(21, 390),
(1, 391),
(12, 391),
(13, 391),
(18, 391),
(24, 391),
(4, 392),
(13, 393),
(20, 393),
(26, 393),
(11, 394),
(18, 394),
(25, 394),
(3, 395),
(4, 395),
(5, 395),
(19, 395),
(30, 395),
(6, 396),
(15, 396),
(27, 397),
(1, 398),
(10, 398),
(20, 398),
(15, 399),
(17, 399),
(20, 399),
(24, 399),
(1, 400),
(9, 400),
(24, 400),
(27, 400),
(7, 401),
(11, 402),
(2, 403),
(13, 403),
(18, 403),
(25, 403),
(5, 404),
(13, 404),
(25, 404),
(26, 404),
(28, 404),
(7, 405),
(11, 405),
(13, 405),
(24, 405),
(25, 405),
(5, 406),
(17, 406),
(23, 406),
(26, 406),
(10, 407),
(16, 407),
(12, 408),
(21, 408),
(29, 408),
(1, 409),
(2, 410),
(17, 410),
(18, 410),
(22, 410),
(28, 410),
(11, 411),
(14, 411),
(16, 411),
(28, 411),
(14, 412),
(23, 412),
(25, 412),
(24, 413),
(8, 414),
(15, 414),
(21, 414),
(29, 414),
(8, 415),
(11, 415),
(14, 415),
(15, 415),
(3, 416),
(7, 416),
(11, 417),
(12, 417),
(15, 417),
(18, 417),
(22, 417),
(10, 418),
(21, 418),
(27, 418),
(13, 419),
(14, 419),
(17, 419),
(26, 419),
(30, 420),
(4, 421),
(13, 421),
(29, 421),
(30, 421),
(12, 422),
(16, 422),
(9, 423),
(13, 423),
(19, 423),
(24, 423),
(14, 424),
(12, 425),
(18, 425),
(20, 425),
(23, 425),
(26, 425),
(24, 426),
(4, 427),
(29, 427),
(17, 428),
(18, 428),
(22, 428),
(13, 429),
(16, 429),
(28, 429),
(23, 430),
(19, 431),
(26, 431),
(30, 431),
(2, 432),
(17, 432),
(21, 432),
(22, 432),
(29, 432),
(10, 433),
(21, 433),
(22, 433),
(4, 434),
(7, 434),
(15, 434),
(26, 434),
(1, 435),
(3, 435),
(14, 435),
(16, 435),
(24, 435),
(2, 436),
(7, 436),
(9, 436),
(6, 437),
(20, 437),
(24, 437),
(9, 438),
(15, 438),
(4, 439),
(7, 439),
(27, 439),
(14, 440),
(17, 441),
(19, 441),
(26, 442),
(23, 443),
(27, 443),
(29, 443),
(30, 443),
(13, 444),
(14, 444),
(28, 444),
(6, 445),
(8, 445),
(21, 445),
(21, 446),
(15, 447),
(22, 447),
(15, 448),
(3, 449),
(16, 449),
(20, 449),
(24, 449),
(25, 449),
(24, 450),
(27, 450),
(30, 450),
(14, 451),
(16, 451),
(23, 452),
(26, 452),
(1, 453),
(4, 453),
(5, 453),
(16, 453),
(2, 454),
(7, 454),
(19, 454),
(24, 454),
(26, 454),
(15, 455),
(17, 455),
(21, 455),
(30, 455),
(13, 456),
(14, 456),
(17, 457),
(23, 457),
(26, 457),
(4, 458),
(12, 458),
(17, 458),
(26, 458),
(29, 458),
(15, 459),
(17, 459),
(20, 459),
(12, 460),
(19, 460),
(20, 461),
(24, 461),
(7, 462),
(10, 462),
(30, 462),
(10, 463),
(22, 463),
(24, 463),
(28, 463),
(17, 464),
(22, 464),
(30, 464),
(8, 465),
(12, 465),
(7, 466),
(11, 466),
(13, 466),
(14, 466),
(18, 466),
(13, 467),
(16, 467),
(2, 468),
(7, 469),
(8, 469),
(11, 469),
(30, 469),
(18, 470),
(30, 470),
(2, 471),
(8, 471),
(12, 471),
(19, 471),
(28, 471),
(12, 472),
(16, 472),
(24, 472),
(12, 473),
(13, 473),
(22, 473),
(23, 473),
(22, 474),
(8, 475),
(9, 475),
(13, 475),
(29, 475),
(6, 476),
(26, 476),
(4, 477),
(11, 477),
(20, 477),
(1, 478),
(5, 478),
(8, 478),
(23, 478),
(26, 478),
(9, 479),
(15, 479),
(15, 480),
(17, 480),
(23, 480),
(17, 481),
(8, 482),
(19, 482),
(21, 482),
(29, 482),
(3, 483),
(12, 483),
(18, 483),
(19, 483),
(22, 483),
(30, 484),
(14, 485),
(3, 486),
(5, 486),
(13, 486),
(16, 486),
(3, 487),
(20, 487),
(2, 488),
(10, 488),
(4, 489),
(6, 489),
(26, 489),
(2, 490),
(12, 490),
(18, 490),
(4, 491),
(5, 492),
(25, 492),
(28, 492),
(30, 492),
(2, 493),
(20, 493),
(1, 494),
(4, 494),
(9, 494),
(11, 494),
(28, 494),
(11, 495),
(17, 495),
(28, 495),
(4, 496),
(30, 496),
(14, 497),
(6, 498),
(29, 499),
(18, 500),
(6, 501),
(16, 501),
(20, 501),
(1, 502),
(8, 502),
(20, 502),
(22, 502),
(29, 502),
(10, 503),
(30, 503),
(5, 504),
(20, 504),
(29, 505),
(1, 506),
(20, 506),
(1, 507),
(2, 507),
(26, 507),
(29, 507),
(1, 508),
(9, 508),
(14, 508),
(16, 508),
(3, 509),
(15, 509),
(21, 509),
(22, 509),
(26, 509),
(2, 510),
(6, 510),
(15, 510),
(17, 510),
(4, 511),
(13, 511),
(17, 511),
(25, 511),
(28, 511),
(4, 512),
(21, 512),
(28, 512),
(8, 513),
(19, 513),
(27, 513),
(28, 513),
(7, 514),
(10, 514),
(30, 514),
(7, 515),
(12, 515),
(23, 515),
(30, 515),
(3, 516),
(13, 516),
(30, 517),
(9, 518),
(14, 518),
(27, 518),
(12, 519),
(14, 519),
(16, 519),
(29, 519),
(1, 520),
(7, 520),
(27, 520),
(29, 520),
(30, 520),
(1, 521),
(7, 521),
(8, 521),
(11, 521),
(24, 521),
(3, 522),
(14, 522),
(22, 522),
(23, 523),
(4, 524),
(18, 524),
(23, 524),
(28, 524),
(5, 525),
(6, 525),
(11, 525),
(19, 525),
(28, 525),
(21, 526),
(1, 527),
(4, 528),
(10, 528),
(11, 528),
(14, 528),
(18, 528),
(6, 529),
(10, 529),
(1, 530),
(9, 531),
(18, 531),
(25, 531),
(1, 532),
(13, 532),
(19, 532),
(25, 532),
(30, 532),
(20, 533),
(22, 534),
(28, 534),
(29, 534),
(5, 535),
(9, 535),
(10, 535),
(1, 536),
(6, 536),
(22, 536),
(28, 536),
(29, 536),
(11, 537),
(21, 538),
(24, 538),
(26, 538),
(19, 539),
(29, 539),
(6, 540),
(29, 540),
(14, 541),
(18, 541),
(18, 542),
(2, 543),
(7, 543),
(17, 543),
(29, 543),
(30, 544),
(8, 545),
(10, 545),
(18, 545),
(18, 546),
(14, 547),
(28, 547),
(10, 548),
(13, 548),
(14, 549),
(15, 549),
(16, 549),
(26, 549),
(1, 550),
(28, 550),
(10, 551),
(18, 551),
(21, 551),
(30, 551),
(20, 552),
(22, 552),
(27, 552),
(12, 553),
(3, 554),
(7, 554),
(11, 555),
(2, 556),
(10, 556),
(14, 556),
(17, 556),
(20, 556),
(16, 557),
(20, 557),
(3, 558),
(4, 558),
(19, 558),
(24, 558),
(28, 558),
(1, 559),
(10, 559),
(11, 559),
(12, 559),
(17, 559),
(2, 560),
(19, 560),
(3, 561),
(16, 561),
(17, 561),
(23, 561),
(19, 562),
(21, 562),
(12, 563),
(27, 563),
(29, 563),
(17, 564),
(26, 564),
(27, 564),
(26, 565),
(11, 566),
(17, 566),
(19, 566),
(28, 566),
(9, 567),
(19, 567),
(9, 568),
(13, 568),
(25, 568),
(2, 569),
(26, 569),
(5, 570),
(13, 570),
(7, 571),
(10, 571),
(18, 571),
(20, 571),
(21, 571),
(19, 572),
(6, 573),
(8, 573),
(29, 573),
(30, 573),
(9, 574),
(8, 575),
(20, 575),
(4, 576),
(10, 576),
(24, 576),
(26, 576),
(27, 576),
(5, 577),
(8, 577),
(19, 577),
(21, 577),
(7, 578),
(8, 578),
(5, 579),
(8, 579),
(9, 579),
(11, 579),
(13, 579),
(2, 580),
(12, 580),
(3, 581),
(8, 581),
(30, 581),
(17, 582),
(24, 582),
(27, 582),
(30, 582),
(9, 583),
(10, 583),
(20, 583),
(28, 583),
(4, 584),
(9, 584),
(13, 584),
(16, 584),
(27, 585),
(6, 586),
(5, 587),
(12, 587),
(16, 587),
(26, 587),
(28, 587),
(4, 588),
(9, 588),
(6, 589),
(7, 589),
(20, 589),
(23, 589),
(2, 590),
(13, 590),
(15, 590),
(24, 590),
(28, 590),
(8, 591),
(9, 591),
(18, 591),
(29, 591),
(11, 592),
(26, 592),
(30, 592),
(18, 593),
(3, 594),
(6, 594),
(19, 594),
(26, 594),
(28, 594),
(5, 595),
(23, 595),
(30, 595),
(6, 596),
(30, 596),
(12, 597),
(8, 598),
(14, 598),
(11, 599),
(12, 599),
(15, 599),
(10, 600),
(11, 600),
(24, 600),
(7, 601),
(12, 601),
(25, 601),
(27, 601),
(2, 602),
(10, 602),
(20, 602),
(26, 602),
(11, 603),
(12, 603),
(16, 603),
(25, 603),
(4, 604),
(17, 604),
(19, 604),
(28, 604),
(3, 605),
(9, 605),
(23, 605),
(28, 605),
(16, 606),
(20, 606),
(24, 606),
(29, 606),
(27, 607),
(3, 608),
(8, 608),
(16, 608),
(28, 608),
(16, 609),
(25, 609),
(29, 609),
(20, 610),
(6, 611),
(18, 612),
(26, 613),
(29, 613),
(6, 614),
(20, 614),
(21, 614),
(28, 614),
(7, 615),
(16, 615),
(2, 616),
(6, 616),
(12, 616),
(29, 616),
(16, 617),
(4, 618),
(13, 618),
(14, 618),
(17, 618),
(22, 618),
(13, 619),
(18, 619),
(20, 619),
(22, 619),
(25, 619),
(2, 620),
(2, 621),
(18, 621),
(23, 621),
(17, 622),
(28, 622),
(29, 622),
(2, 623),
(10, 623),
(14, 623),
(19, 623),
(2, 624),
(16, 624),
(19, 624),
(23, 624),
(1, 625),
(2, 625),
(13, 625),
(14, 625),
(25, 625),
(1, 626),
(5, 626),
(19, 626),
(20, 626),
(23, 626),
(4, 627),
(8, 627),
(9, 627),
(18, 628),
(2, 629),
(6, 629),
(19, 629),
(22, 629),
(27, 629),
(1, 630),
(3, 630),
(15, 630),
(19, 630),
(25, 630),
(9, 631),
(1, 632),
(10, 632),
(17, 632),
(27, 632),
(11, 633),
(18, 633),
(4, 634),
(15, 634),
(20, 635),
(24, 635),
(29, 635),
(5, 636),
(5, 637),
(9, 637),
(12, 637),
(9, 638),
(13, 638),
(19, 638),
(14, 639),
(17, 639),
(15, 640),
(21, 640),
(26, 640),
(1, 641),
(14, 641),
(17, 641),
(4, 642),
(5, 642),
(16, 642),
(19, 642),
(25, 642),
(8, 643),
(11, 643),
(22, 643),
(1, 644),
(18, 644),
(19, 644),
(30, 644),
(1, 645),
(14, 645),
(15, 645),
(16, 645),
(21, 645),
(9, 646),
(14, 646),
(25, 646),
(6, 647),
(17, 647),
(26, 647),
(11, 648),
(15, 648),
(15, 649),
(20, 649),
(5, 650),
(3, 651),
(9, 651),
(4, 652),
(15, 652),
(24, 652),
(30, 652),
(8, 653),
(9, 653),
(19, 653),
(29, 653),
(1, 654),
(15, 654),
(21, 654),
(27, 654),
(28, 654),
(2, 655),
(14, 656),
(15, 656),
(16, 656),
(18, 656),
(22, 656),
(14, 657),
(23, 657),
(25, 657),
(27, 657),
(4, 658),
(12, 658),
(20, 658),
(21, 658),
(26, 658),
(3, 659),
(21, 659),
(23, 659),
(8, 660),
(12, 660),
(17, 660),
(24, 660),
(25, 660),
(15, 661),
(8, 662),
(13, 662),
(23, 662),
(2, 663),
(9, 663),
(24, 663),
(30, 663),
(12, 664),
(13, 664),
(29, 665),
(1, 666),
(4, 666),
(16, 666),
(22, 666),
(14, 667),
(28, 667),
(20, 668),
(3, 669),
(10, 670),
(20, 671),
(28, 671),
(29, 671),
(13, 672),
(15, 672),
(18, 672),
(28, 672),
(2, 673),
(4, 673),
(5, 674),
(3, 675),
(11, 675),
(15, 675),
(2, 676),
(26, 676),
(11, 677),
(2, 678),
(7, 678),
(9, 678),
(19, 678),
(21, 678),
(7, 679),
(12, 679),
(3, 680),
(6, 680),
(11, 680),
(14, 680),
(28, 681),
(29, 681),
(23, 682),
(1, 683),
(24, 683),
(3, 684),
(7, 684),
(12, 684),
(22, 684),
(2, 685),
(3, 685),
(15, 685),
(16, 685),
(4, 686),
(5, 686),
(28, 686),
(17, 687),
(10, 688),
(4, 689),
(25, 689),
(4, 690),
(12, 690),
(26, 690),
(1, 691),
(11, 691),
(14, 691),
(25, 691),
(30, 691),
(7, 692),
(3, 693),
(12, 693),
(22, 693),
(28, 693),
(29, 693),
(6, 694),
(16, 694),
(18, 694),
(19, 694),
(6, 695),
(10, 695),
(21, 695),
(23, 695),
(11, 696),
(19, 696),
(15, 697),
(23, 697),
(24, 697),
(25, 697),
(27, 698),
(28, 698),
(21, 699),
(5, 700),
(8, 700),
(15, 700),
(17, 700),
(30, 700),
(23, 701),
(19, 702),
(25, 702),
(7, 703),
(15, 703),
(19, 703),
(28, 703),
(16, 704),
(25, 704),
(29, 704),
(30, 704),
(21, 705),
(4, 706),
(6, 706),
(20, 706),
(25, 706),
(30, 706),
(11, 707),
(4, 708),
(11, 708),
(15, 708),
(17, 708),
(14, 709),
(18, 709),
(24, 709),
(27, 709),
(13, 710),
(9, 711),
(16, 711),
(29, 711),
(1, 712),
(2, 712),
(11, 712),
(15, 712),
(23, 712),
(2, 713),
(7, 713),
(12, 713),
(24, 713),
(29, 713),
(14, 714),
(12, 715),
(6, 716),
(12, 716),
(13, 716),
(18, 716),
(2, 717),
(3, 717),
(4, 717),
(17, 717),
(23, 717),
(9, 718),
(18, 718),
(8, 719),
(11, 719),
(24, 719),
(7, 720),
(9, 720),
(19, 720),
(22, 720),
(25, 720),
(5, 721),
(8, 721),
(25, 721),
(7, 722),
(14, 722),
(21, 722),
(24, 722),
(28, 722),
(1, 723),
(14, 723),
(16, 723),
(29, 723),
(13, 724),
(21, 725),
(1, 726),
(3, 726),
(12, 726),
(15, 726),
(19, 727),
(23, 727),
(3, 728),
(15, 728),
(22, 728),
(27, 728),
(28, 728),
(12, 729),
(21, 729),
(29, 729),
(4, 730),
(7, 730),
(27, 730),
(6, 731),
(7, 731),
(12, 731),
(29, 731),
(18, 732),
(19, 732),
(24, 732),
(29, 732),
(13, 733),
(3, 734),
(4, 734),
(10, 735),
(12, 735),
(13, 735),
(18, 735),
(25, 735),
(1, 736),
(11, 736),
(14, 736),
(24, 736),
(25, 736),
(14, 737),
(17, 737),
(18, 737),
(26, 737),
(3, 738),
(10, 738),
(11, 738),
(12, 738),
(27, 738),
(21, 739),
(23, 739),
(5, 740),
(8, 740),
(13, 740),
(18, 740),
(25, 740),
(17, 741),
(20, 741),
(24, 741),
(26, 741),
(6, 742),
(10, 742),
(11, 742),
(15, 742),
(21, 742),
(9, 743),
(19, 743),
(22, 743),
(30, 743),
(11, 744),
(16, 744),
(28, 744),
(28, 745),
(2, 746),
(12, 747),
(17, 747),
(21, 747),
(21, 748),
(4, 749),
(24, 749),
(26, 749),
(9, 750),
(12, 750),
(16, 750),
(17, 750),
(3, 751),
(8, 751),
(22, 751),
(1, 752),
(3, 752),
(9, 752),
(14, 752),
(23, 752),
(15, 753),
(9, 754),
(14, 754),
(15, 754),
(16, 754),
(19, 754),
(2, 755),
(21, 755),
(24, 755),
(26, 755),
(28, 755),
(1, 756),
(19, 756),
(27, 756),
(29, 756),
(30, 756),
(4, 757),
(12, 757),
(17, 757),
(23, 757),
(27, 757),
(7, 758),
(14, 758),
(27, 758),
(7, 759),
(13, 759),
(16, 759),
(21, 759),
(29, 759),
(8, 760),
(11, 760),
(14, 760),
(19, 760),
(8, 761),
(11, 761),
(26, 761),
(29, 761),
(10, 762),
(20, 762),
(21, 762),
(29, 762),
(5, 763),
(23, 764),
(27, 764),
(2, 765),
(6, 765),
(8, 765),
(23, 765),
(4, 766),
(10, 766),
(13, 766),
(27, 766),
(5, 767),
(20, 767),
(22, 767),
(4, 768),
(6, 768),
(17, 768),
(27, 768),
(28, 768),
(13, 769),
(24, 769),
(18, 770),
(15, 771),
(18, 771),
(20, 771),
(22, 771),
(28, 771),
(11, 772),
(14, 772),
(15, 772),
(17, 772),
(30, 772),
(2, 773),
(11, 773),
(17, 773),
(26, 773),
(29, 773),
(3, 774),
(8, 774),
(10, 774),
(16, 774),
(26, 774),
(12, 775),
(14, 776),
(18, 777),
(14, 778),
(11, 779),
(2, 780),
(4, 781),
(11, 781),
(22, 781),
(30, 781),
(4, 782),
(9, 782),
(15, 782),
(19, 782),
(23, 782),
(21, 783),
(4, 784),
(29, 784),
(4, 785),
(12, 785),
(30, 785),
(1, 786),
(9, 786),
(11, 786),
(16, 786),
(3, 787),
(12, 787),
(21, 787),
(1, 788),
(5, 788),
(10, 788),
(12, 788),
(15, 788),
(3, 789),
(12, 789),
(20, 789),
(21, 789),
(15, 790),
(26, 790),
(1, 791),
(21, 791),
(28, 792),
(19, 793),
(22, 793),
(26, 793),
(28, 793),
(30, 793),
(10, 794),
(27, 794),
(3, 795),
(22, 795),
(26, 795),
(9, 796),
(2, 797),
(9, 797),
(18, 797),
(22, 797),
(28, 797),
(2, 798),
(9, 798),
(12, 798),
(13, 798),
(26, 798),
(11, 799),
(3, 800),
(5, 800),
(7, 800),
(15, 800),
(21, 800),
(26, 801),
(4, 802),
(6, 802),
(9, 802),
(20, 802),
(28, 802),
(4, 803),
(7, 803),
(9, 803),
(19, 803),
(28, 803),
(3, 804),
(12, 804),
(23, 804),
(1, 805),
(5, 805),
(30, 805),
(5, 806),
(7, 806),
(22, 806),
(29, 806),
(11, 807),
(15, 807),
(22, 807),
(6, 808),
(15, 808),
(20, 808),
(26, 808),
(3, 809),
(12, 809),
(16, 809),
(22, 809),
(28, 809),
(1, 810),
(13, 810),
(24, 810),
(30, 810),
(28, 811),
(4, 812),
(14, 812),
(29, 812),
(4, 813),
(8, 813),
(1, 814),
(8, 814),
(9, 814),
(21, 814),
(28, 814),
(3, 815),
(5, 815),
(6, 815),
(20, 815),
(7, 816),
(12, 816),
(18, 816),
(20, 816),
(3, 817),
(8, 817),
(19, 817),
(20, 817),
(25, 818),
(28, 818),
(4, 819),
(13, 819),
(21, 819),
(24, 819),
(25, 819),
(10, 820),
(17, 820),
(19, 820),
(26, 820),
(4, 821),
(13, 821),
(27, 821),
(29, 821),
(30, 821),
(7, 822),
(25, 822),
(22, 823),
(4, 824),
(10, 824),
(21, 824),
(5, 825),
(14, 825),
(25, 825),
(27, 825),
(27, 826),
(2, 827),
(7, 827),
(20, 827),
(27, 827),
(8, 828),
(19, 828),
(28, 828),
(3, 829),
(16, 829),
(16, 830),
(14, 831),
(15, 831),
(30, 831),
(11, 832),
(20, 832),
(3, 833),
(5, 833),
(29, 833),
(8, 834),
(13, 834),
(18, 834),
(21, 834),
(14, 835),
(18, 835),
(2, 836),
(5, 836),
(22, 836),
(26, 836),
(16, 837),
(1, 838),
(7, 838),
(13, 838),
(15, 838),
(9, 839),
(13, 840),
(6, 841),
(12, 841),
(15, 841),
(11, 842),
(4, 843),
(23, 843),
(28, 843),
(11, 844),
(3, 845),
(7, 845),
(9, 845),
(6, 846),
(4, 847),
(17, 847),
(30, 847),
(1, 848),
(10, 848),
(19, 848),
(23, 848),
(30, 848),
(8, 849),
(24, 849),
(26, 849),
(28, 849),
(10, 850),
(18, 850),
(20, 850),
(18, 851),
(21, 851),
(20, 852),
(22, 852),
(8, 853),
(18, 853),
(24, 853),
(12, 854),
(13, 854),
(18, 854),
(21, 854),
(1, 855),
(16, 855),
(19, 855),
(25, 855),
(26, 855),
(5, 856),
(10, 856),
(17, 856),
(21, 856),
(15, 857),
(6, 858),
(9, 858),
(20, 858),
(24, 858),
(17, 859),
(2, 860),
(10, 860),
(14, 860),
(20, 860),
(26, 860),
(29, 861),
(4, 862),
(9, 862),
(27, 862),
(28, 862),
(15, 863),
(23, 863),
(13, 864),
(30, 864),
(4, 865),
(1, 866),
(5, 866),
(7, 866),
(20, 866),
(24, 866),
(9, 867),
(12, 867),
(15, 867),
(27, 867),
(30, 867),
(2, 868),
(18, 868),
(23, 868),
(30, 868),
(1, 869),
(5, 869),
(8, 869),
(9, 870),
(24, 870),
(27, 870),
(30, 870),
(2, 871),
(4, 871),
(6, 871),
(24, 871),
(25, 871),
(2, 872),
(7, 872),
(11, 872),
(15, 872),
(27, 872),
(6, 873),
(21, 873),
(9, 874),
(16, 874),
(30, 874),
(2, 875),
(11, 875),
(12, 875),
(15, 875),
(21, 876),
(10, 877),
(9, 878),
(13, 878),
(20, 878),
(27, 878),
(29, 878),
(12, 879),
(16, 879),
(19, 879),
(28, 879),
(11, 880),
(30, 880),
(1, 881),
(17, 881),
(25, 881),
(24, 882),
(16, 883),
(17, 884),
(7, 885),
(8, 885),
(17, 885),
(23, 885),
(3, 886),
(5, 886),
(7, 886),
(15, 886),
(26, 886),
(14, 887),
(3, 888),
(25, 888),
(26, 888),
(27, 888),
(4, 889),
(15, 889),
(27, 889),
(29, 889),
(5, 890),
(30, 891),
(6, 892),
(7, 892),
(19, 892),
(25, 892),
(10, 893),
(13, 893),
(15, 893),
(17, 893),
(30, 893),
(9, 894),
(12, 894),
(20, 894),
(12, 895),
(26, 895),
(23, 896),
(25, 896),
(13, 897),
(14, 897),
(17, 897),
(26, 898),
(2, 899),
(16, 899),
(5, 900),
(7, 900),
(8, 900),
(11, 900),
(16, 900),
(2, 901),
(24, 901),
(26, 901),
(6, 902),
(14, 902),
(2, 903),
(4, 903),
(9, 903),
(16, 903),
(24, 903),
(5, 904),
(11, 904),
(12, 904),
(3, 905),
(16, 905),
(2, 906),
(7, 906),
(8, 906),
(20, 906),
(26, 907),
(2, 908),
(11, 908),
(19, 908),
(28, 908),
(12, 909),
(13, 909),
(19, 909),
(20, 909),
(25, 909),
(2, 910),
(9, 910),
(18, 910),
(20, 910),
(30, 910),
(5, 911),
(12, 911),
(16, 911),
(23, 911),
(5, 912),
(15, 912),
(23, 912),
(26, 912),
(6, 913),
(10, 913),
(2, 914),
(13, 914),
(16, 914),
(28, 914),
(6, 915),
(10, 916),
(16, 916),
(25, 916),
(4, 917),
(8, 917),
(28, 917),
(2, 918),
(4, 919),
(10, 919),
(13, 919),
(14, 919),
(1, 920),
(14, 920),
(1, 921),
(6, 921),
(19, 921),
(29, 921),
(5, 922),
(9, 922),
(4, 923),
(14, 923),
(18, 923),
(22, 923),
(8, 924),
(24, 924),
(29, 924),
(4, 925),
(12, 925),
(13, 925),
(30, 925),
(2, 926),
(11, 926),
(21, 926),
(6, 927),
(12, 927),
(23, 927),
(25, 927),
(30, 927),
(6, 928),
(7, 929),
(18, 929),
(21, 929),
(27, 929),
(6, 930),
(9, 930),
(15, 930),
(18, 930),
(3, 931),
(6, 931),
(12, 931),
(20, 931),
(10, 932),
(26, 932),
(4, 933),
(13, 933),
(4, 934),
(5, 934),
(3, 935),
(10, 935),
(16, 935),
(19, 935),
(24, 935),
(6, 936),
(15, 936),
(21, 936),
(23, 936),
(24, 936),
(3, 937),
(24, 938),
(12, 939),
(14, 939),
(17, 939),
(18, 939),
(20, 939),
(1, 940),
(3, 940),
(14, 940),
(26, 940),
(28, 940),
(27, 941),
(14, 942),
(8, 943),
(14, 943),
(18, 943),
(20, 943),
(8, 944),
(20, 944),
(25, 944),
(26, 944),
(1, 945),
(12, 945),
(18, 945),
(29, 945),
(10, 946),
(11, 946),
(19, 946),
(20, 946),
(30, 946),
(24, 947),
(4, 948),
(10, 948),
(13, 948),
(19, 948),
(21, 948),
(11, 949),
(19, 949),
(24, 949),
(2, 950),
(11, 951),
(18, 951),
(28, 951),
(4, 952),
(10, 952),
(15, 952),
(4, 953),
(9, 953),
(18, 953),
(22, 953),
(5, 954),
(16, 954),
(23, 954),
(3, 955),
(4, 955),
(13, 955),
(17, 955),
(20, 955),
(5, 956),
(11, 956),
(27, 956),
(25, 957),
(2, 958),
(3, 958),
(6, 958),
(28, 958),
(16, 959),
(20, 959),
(23, 959),
(25, 959),
(29, 959),
(7, 960),
(16, 960),
(29, 960),
(2, 961),
(8, 961),
(16, 961),
(4, 962),
(11, 962),
(15, 962),
(24, 962),
(15, 963),
(27, 964),
(9, 965),
(17, 965),
(18, 965),
(19, 965),
(20, 965),
(8, 966),
(5, 967),
(16, 967),
(20, 967),
(1, 968),
(23, 968),
(10, 969),
(22, 969),
(16, 970),
(17, 971),
(22, 971),
(28, 971),
(29, 971),
(6, 972),
(17, 972),
(19, 972),
(2, 973),
(3, 973),
(4, 973),
(23, 973),
(6, 974),
(13, 975),
(20, 975),
(22, 975),
(21, 976),
(15, 977),
(18, 977),
(30, 977),
(17, 978),
(20, 978),
(25, 978),
(28, 978),
(1, 979),
(17, 979),
(20, 980),
(7, 981),
(21, 981),
(26, 981),
(7, 982),
(6, 983),
(16, 983),
(4, 984),
(12, 984),
(20, 984),
(8, 985),
(19, 985),
(29, 985),
(9, 986),
(10, 986),
(11, 986),
(12, 986),
(29, 986),
(13, 987),
(20, 987),
(6, 988),
(7, 988),
(12, 988),
(13, 988),
(30, 988),
(2, 989),
(9, 989),
(3, 990),
(8, 990),
(9, 990),
(25, 990),
(10, 991),
(23, 991),
(25, 991),
(2, 992),
(6, 993),
(10, 993),
(30, 993),
(5, 994),
(11, 995),
(15, 995),
(6, 996),
(9, 996),
(14, 996),
(19, 996),
(20, 996),
(6, 997),
(1, 998),
(10, 998),
(13, 998),
(15, 998),
(2, 999),
(7, 999),
(22, 999),
(26, 999),
(28, 999),
(29, 1000);

-- --------------------------------------------------------

--
-- Table structure for table `migrations`
--

CREATE TABLE `migrations` (
  `id` int(10) UNSIGNED NOT NULL,
  `migration` varchar(191) COLLATE utf8mb4_unicode_ci NOT NULL,
  `batch` int(11) NOT NULL
) ENGINE=InnoDB DEFAULT CHARSET=utf8mb4 COLLATE=utf8mb4_unicode_ci;

--
-- Dumping data for table `migrations`
--

INSERT INTO `migrations` (`id`, `migration`, `batch`) VALUES
(13, '2014_10_12_000000_create_users_table', 1),
(14, '2014_10_12_100000_create_password_resets_table', 1),
(15, '2018_11_27_041626_create_categories_table', 1),
(16, '2018_11_27_041658_create_products_table', 1),
(17, '2018_11_27_041710_create_transactions_table', 1),
(18, '2018_11_29_111011_category_product_table', 1);

-- --------------------------------------------------------

--
-- Table structure for table `password_resets`
--

CREATE TABLE `password_resets` (
  `email` varchar(191) COLLATE utf8mb4_unicode_ci NOT NULL,
  `token` varchar(191) COLLATE utf8mb4_unicode_ci NOT NULL,
  `created_at` timestamp NULL DEFAULT NULL
) ENGINE=InnoDB DEFAULT CHARSET=utf8mb4 COLLATE=utf8mb4_unicode_ci;

-- --------------------------------------------------------

--
-- Table structure for table `products`
--

CREATE TABLE `products` (
  `id` int(10) UNSIGNED NOT NULL,
  `name` varchar(191) COLLATE utf8mb4_unicode_ci NOT NULL,
  `description` varchar(1000) COLLATE utf8mb4_unicode_ci NOT NULL,
  `quantity` int(10) UNSIGNED NOT NULL,
  `status` varchar(191) COLLATE utf8mb4_unicode_ci NOT NULL DEFAULT 'unavailable',
  `image` varchar(191) COLLATE utf8mb4_unicode_ci NOT NULL,
  `seller_id` int(10) UNSIGNED NOT NULL,
  `created_at` timestamp NULL DEFAULT NULL,
  `updated_at` timestamp NULL DEFAULT NULL
) ENGINE=InnoDB DEFAULT CHARSET=utf8mb4 COLLATE=utf8mb4_unicode_ci;

--
-- Dumping data for table `products`
--

INSERT INTO `products` (`id`, `name`, `description`, `quantity`, `status`, `image`, `seller_id`, `created_at`, `updated_at`) VALUES
(1, 'veniam', 'Veniam ad sunt laborum vel rerum voluptas exercitationem.', 1, 'unavailable', '3.jpg', 54, '2018-11-30 23:52:08', '2018-11-30 23:52:08'),
(2, 'atque', 'Eveniet corporis cumque a quia itaque aut sed. Aut ducimus error eum quae consectetur dicta sit.', 3, 'available', '1.jpg', 112, '2018-11-30 23:52:08', '2018-11-30 23:52:08'),
(3, 'culpa', 'Minima omnis consequatur eos voluptatem recusandae velit. Magnam aliquid veritatis officia eaque laborum.', 1, 'available', '2.jpg', 194, '2018-11-30 23:52:08', '2018-11-30 23:52:08'),
(4, 'aut', 'Earum autem similique mollitia aut.', 2, 'unavailable', '2.jpg', 52, '2018-11-30 23:52:08', '2018-11-30 23:52:08'),
(5, 'totam', 'Iure sed ullam ut iste.', 10, 'available', '2.jpg', 88, '2018-11-30 23:52:08', '2018-11-30 23:52:08'),
(6, 'corporis', 'Quae debitis delectus iure in repellat nihil ratione. Minima id veniam sunt in et et excepturi molestiae.', 6, 'available', '2.jpg', 3, '2018-11-30 23:52:08', '2018-11-30 23:52:08'),
(7, 'ut', 'Voluptatibus velit accusamus dolor placeat ipsa impedit nemo.', 6, 'available', '3.jpg', 110, '2018-11-30 23:52:09', '2018-11-30 23:52:09'),
(8, 'est', 'Corporis ea quasi ad eos et voluptatibus voluptate.', 4, 'unavailable', '1.jpg', 174, '2018-11-30 23:52:09', '2018-11-30 23:52:09'),
(9, 'atque', 'Beatae iusto velit ducimus rerum minima quam aut. Mollitia eum similique et.', 6, 'unavailable', '3.jpg', 186, '2018-11-30 23:52:09', '2018-11-30 23:52:09'),
(10, 'eius', 'Dolores ea accusantium temporibus iste dignissimos quisquam dolores.', 2, 'available', '1.jpg', 101, '2018-11-30 23:52:09', '2018-11-30 23:52:09'),
(11, 'est', 'Animi consequuntur nostrum optio quisquam facere sed. Vero officiis voluptates dolor blanditiis harum adipisci quae.', 9, 'unavailable', '2.jpg', 23, '2018-11-30 23:52:09', '2018-11-30 23:52:09'),
(12, 'maiores', 'Sit maiores qui iure cum vitae.', 4, 'unavailable', '2.jpg', 150, '2018-11-30 23:52:09', '2018-11-30 23:52:09'),
(13, 'non', 'Ratione nobis odit tempore placeat non. Ipsam minus velit nihil.', 3, 'unavailable', '1.jpg', 104, '2018-11-30 23:52:09', '2018-11-30 23:52:09'),
(14, 'optio', 'Consequuntur nisi alias quibusdam minima aut delectus iusto.', 2, 'available', '3.jpg', 112, '2018-11-30 23:52:09', '2018-11-30 23:52:09'),
(15, 'rerum', 'Maiores ut dolor soluta modi qui.', 4, 'unavailable', '3.jpg', 66, '2018-11-30 23:52:09', '2018-11-30 23:52:09'),
(16, 'id', 'Voluptatem laudantium rerum odit sapiente sunt dicta perspiciatis. Vel facilis alias dolorem iure.', 7, 'unavailable', '2.jpg', 54, '2018-11-30 23:52:09', '2018-11-30 23:52:09'),
(17, 'id', 'Veritatis est vero omnis animi iure quas optio. Rerum iure quaerat aspernatur culpa ut aut nihil.', 9, 'available', '3.jpg', 77, '2018-11-30 23:52:09', '2018-11-30 23:52:09'),
(18, 'ratione', 'Et qui fuga non dolor perspiciatis. Quia eveniet tempora ut quasi pariatur et.', 10, 'unavailable', '2.jpg', 117, '2018-11-30 23:52:09', '2018-11-30 23:52:09'),
(19, 'in', 'Autem molestiae aliquam maiores qui sint.', 8, 'unavailable', '2.jpg', 18, '2018-11-30 23:52:09', '2018-11-30 23:52:09'),
(20, 'hic', 'Fugit corporis laboriosam culpa facilis culpa aliquid excepturi aut.', 10, 'unavailable', '2.jpg', 185, '2018-11-30 23:52:09', '2018-11-30 23:52:09'),
(21, 'vel', 'Id quas eum possimus optio magnam inventore. Delectus sit blanditiis quis est.', 8, 'unavailable', '3.jpg', 47, '2018-11-30 23:52:09', '2018-11-30 23:52:09'),
(22, 'odit', 'Exercitationem qui quisquam commodi ut.', 8, 'available', '2.jpg', 173, '2018-11-30 23:52:09', '2018-11-30 23:52:09'),
(23, 'sit', 'Ipsam aut non provident excepturi aut. Aliquid et ut ipsa pariatur nihil cum impedit.', 9, 'unavailable', '3.jpg', 40, '2018-11-30 23:52:09', '2018-11-30 23:52:09'),
(24, 'illum', 'Blanditiis et rerum sed ea officia accusantium.', 1, 'unavailable', '2.jpg', 41, '2018-11-30 23:52:09', '2018-11-30 23:52:09'),
(25, 'eligendi', 'Corrupti incidunt in provident.', 1, 'unavailable', '2.jpg', 124, '2018-11-30 23:52:09', '2018-11-30 23:52:09'),
(26, 'corrupti', 'Explicabo ratione quos aspernatur veritatis consectetur nesciunt. Dolor aut dolor occaecati mollitia.', 7, 'unavailable', '1.jpg', 123, '2018-11-30 23:52:09', '2018-11-30 23:52:09'),
(27, 'inventore', 'Quae delectus reprehenderit neque quo et. Voluptas voluptates voluptatibus quam voluptatem.', 5, 'available', '1.jpg', 42, '2018-11-30 23:52:09', '2018-11-30 23:52:09'),
(28, 'non', 'Dolores alias laborum sed repudiandae.', 2, 'unavailable', '3.jpg', 90, '2018-11-30 23:52:09', '2018-11-30 23:52:09'),
(29, 'eos', 'Exercitationem ipsam odit voluptas occaecati et eaque quam rerum. Blanditiis excepturi sint quae atque placeat ipsum repudiandae.', 8, 'available', '2.jpg', 42, '2018-11-30 23:52:09', '2018-11-30 23:52:09'),
(30, 'excepturi', 'Cupiditate qui voluptatibus vel molestiae quia.', 1, 'unavailable', '3.jpg', 41, '2018-11-30 23:52:10', '2018-11-30 23:52:10'),
(31, 'deleniti', 'Quis explicabo qui sed qui iusto.', 1, 'available', '2.jpg', 184, '2018-11-30 23:52:10', '2018-11-30 23:52:10'),
(32, 'qui', 'Hic provident occaecati iure velit iste qui voluptas voluptatem.', 4, 'available', '2.jpg', 17, '2018-11-30 23:52:10', '2018-11-30 23:52:10'),
(33, 'pariatur', 'Delectus unde error hic sequi. Animi placeat fugiat ut soluta voluptatem.', 3, 'unavailable', '2.jpg', 14, '2018-11-30 23:52:10', '2018-11-30 23:52:10'),
(34, 'consequatur', 'Maiores qui magnam in laborum impedit.', 9, 'unavailable', '1.jpg', 196, '2018-11-30 23:52:10', '2018-11-30 23:52:10'),
(35, 'velit', 'Eligendi et maiores dolorem non.', 1, 'unavailable', '3.jpg', 25, '2018-11-30 23:52:10', '2018-11-30 23:52:10'),
(36, 'velit', 'Magni dicta voluptatibus nisi ullam sint. Officiis debitis iure neque voluptatem.', 10, 'unavailable', '2.jpg', 192, '2018-11-30 23:52:10', '2018-11-30 23:52:10'),
(37, 'ducimus', 'Harum velit dolores veritatis fuga architecto. Quis commodi iure aliquid aut laborum corrupti maxime.', 7, 'unavailable', '3.jpg', 4, '2018-11-30 23:52:10', '2018-11-30 23:52:10'),
(38, 'sed', 'Minus quaerat itaque fuga nobis. Doloremque odio ullam sunt vel occaecati qui aut.', 9, 'unavailable', '1.jpg', 87, '2018-11-30 23:52:10', '2018-11-30 23:52:10'),
(39, 'voluptatem', 'Ea quaerat et odio quod.', 3, 'unavailable', '2.jpg', 33, '2018-11-30 23:52:10', '2018-11-30 23:52:10'),
(40, 'velit', 'Sed qui perspiciatis laborum dicta corrupti impedit. Quibusdam maiores nesciunt doloremque unde consequatur laudantium quasi.', 7, 'available', '2.jpg', 64, '2018-11-30 23:52:10', '2018-11-30 23:52:10'),
(41, 'asperiores', 'Nostrum dolores enim sint et vel qui voluptatem.', 9, 'available', '1.jpg', 111, '2018-11-30 23:52:10', '2018-11-30 23:52:10'),
(42, 'cum', 'Excepturi et ipsum commodi commodi accusamus voluptate.', 5, 'available', '1.jpg', 86, '2018-11-30 23:52:10', '2018-11-30 23:52:10'),
(43, 'recusandae', 'Corporis vero et autem explicabo.', 6, 'unavailable', '1.jpg', 171, '2018-11-30 23:52:10', '2018-11-30 23:52:10'),
(44, 'sit', 'Ullam omnis rerum et quod nisi. Adipisci minima dolor quod ex consectetur quam praesentium sit.', 5, 'available', '2.jpg', 56, '2018-11-30 23:52:10', '2018-11-30 23:52:10'),
(45, 'debitis', 'In eaque et fuga cupiditate qui eos.', 4, 'unavailable', '3.jpg', 2, '2018-11-30 23:52:10', '2018-11-30 23:52:10'),
(46, 'et', 'Consequatur odit aut earum. Dolor et laudantium perspiciatis in enim sapiente neque perferendis.', 8, 'available', '3.jpg', 118, '2018-11-30 23:52:10', '2018-11-30 23:52:10'),
(47, 'nihil', 'Eum non rerum doloremque aut eaque.', 3, 'available', '1.jpg', 108, '2018-11-30 23:52:10', '2018-11-30 23:52:10'),
(48, 'dolorem', 'Molestias nihil repudiandae possimus et sit illum et. Ratione culpa assumenda laborum ratione doloribus.', 6, 'available', '3.jpg', 77, '2018-11-30 23:52:10', '2018-11-30 23:52:10'),
(49, 'nulla', 'Sed eum ut error enim minima et eius. Aperiam sit maiores magni et.', 1, 'unavailable', '1.jpg', 100, '2018-11-30 23:52:11', '2018-11-30 23:52:11'),
(50, 'eius', 'Qui et expedita perspiciatis sed et sunt.', 9, 'unavailable', '3.jpg', 199, '2018-11-30 23:52:11', '2018-11-30 23:52:11'),
(51, 'vitae', 'Quidem rem a reprehenderit. Dolores voluptatum incidunt unde voluptatem excepturi eum.', 3, 'available', '2.jpg', 156, '2018-11-30 23:52:11', '2018-11-30 23:52:11'),
(52, 'nobis', 'Error rerum neque facilis fugiat labore unde voluptates.', 5, 'available', '2.jpg', 57, '2018-11-30 23:52:11', '2018-11-30 23:52:11'),
(53, 'et', 'Quis et maxime modi quisquam. Et neque nihil illum.', 8, 'available', '1.jpg', 19, '2018-11-30 23:52:11', '2018-11-30 23:52:11'),
(54, 'accusamus', 'Impedit quae quia accusamus nostrum ipsa dolor necessitatibus.', 5, 'unavailable', '1.jpg', 114, '2018-11-30 23:52:11', '2018-11-30 23:52:11'),
(55, 'harum', 'Dolorem perferendis nemo est et quae pariatur.', 6, 'unavailable', '2.jpg', 16, '2018-11-30 23:52:11', '2018-11-30 23:52:11'),
(56, 'nihil', 'Et enim qui accusamus. Accusamus perspiciatis illum ut at voluptates explicabo provident vel.', 1, 'available', '3.jpg', 67, '2018-11-30 23:52:11', '2018-11-30 23:52:11'),
(57, 'dolorem', 'Alias sed fugiat atque facere tempore illo qui. Quidem et hic aperiam commodi cum.', 9, 'unavailable', '1.jpg', 192, '2018-11-30 23:52:11', '2018-11-30 23:52:11'),
(58, 'voluptate', 'Cupiditate assumenda nostrum sapiente ducimus beatae rem consequatur veritatis.', 5, 'available', '1.jpg', 146, '2018-11-30 23:52:11', '2018-11-30 23:52:11'),
(59, 'fugiat', 'Fuga beatae ipsam dolore ut molestiae.', 4, 'unavailable', '2.jpg', 193, '2018-11-30 23:52:11', '2018-11-30 23:52:11'),
(60, 'dolore', 'Fuga est omnis placeat quia sit qui consequuntur. Sunt facere porro voluptate in nam porro magni.', 8, 'available', '2.jpg', 121, '2018-11-30 23:52:11', '2018-11-30 23:52:11'),
(61, 'nostrum', 'Sint et quia qui sunt tenetur. Sapiente asperiores officiis qui quibusdam at est ut.', 6, 'unavailable', '1.jpg', 96, '2018-11-30 23:52:11', '2018-11-30 23:52:11'),
(62, 'totam', 'In rerum vitae vero et nisi odit. Veritatis officia ipsam temporibus.', 6, 'unavailable', '1.jpg', 77, '2018-11-30 23:52:11', '2018-11-30 23:52:11'),
(63, 'consequatur', 'Ullam omnis ut mollitia magnam est ad.', 6, 'available', '3.jpg', 155, '2018-11-30 23:52:11', '2018-11-30 23:52:11'),
(64, 'at', 'Eum aut voluptas similique ut autem. Qui ratione qui omnis.', 2, 'available', '2.jpg', 40, '2018-11-30 23:52:11', '2018-11-30 23:52:11'),
(65, 'repellendus', 'Qui quod et rem consequuntur non omnis facere.', 3, 'available', '3.jpg', 117, '2018-11-30 23:52:11', '2018-11-30 23:52:11'),
(66, 'facere', 'Qui excepturi qui omnis alias. Unde dolor nulla vero explicabo.', 6, 'unavailable', '2.jpg', 178, '2018-11-30 23:52:11', '2018-11-30 23:52:11'),
(67, 'non', 'Magni ut iure assumenda adipisci nemo nesciunt.', 3, 'unavailable', '2.jpg', 21, '2018-11-30 23:52:12', '2018-11-30 23:52:12'),
(68, 'repellendus', 'Sit sapiente eaque reprehenderit ullam nisi tempora commodi.', 2, 'available', '2.jpg', 150, '2018-11-30 23:52:12', '2018-11-30 23:52:12'),
(69, 'accusantium', 'Saepe quasi quam molestiae deserunt.', 4, 'unavailable', '1.jpg', 196, '2018-11-30 23:52:12', '2018-11-30 23:52:12'),
(70, 'magnam', 'Sunt fugiat et odio consequatur.', 10, 'available', '2.jpg', 79, '2018-11-30 23:52:12', '2018-11-30 23:52:12'),
(71, 'repellat', 'Placeat voluptates facilis ipsam sunt itaque.', 2, 'available', '3.jpg', 125, '2018-11-30 23:52:12', '2018-11-30 23:52:12'),
(72, 'voluptas', 'Et totam pariatur cum. Minima neque dolores consectetur voluptatibus praesentium.', 2, 'unavailable', '1.jpg', 100, '2018-11-30 23:52:12', '2018-11-30 23:52:12'),
(73, 'odio', 'Repudiandae quis natus non placeat. Et et voluptas tenetur a ea nam.', 3, 'unavailable', '2.jpg', 101, '2018-11-30 23:52:12', '2018-11-30 23:52:12'),
(74, 'et', 'At non est vel et rerum necessitatibus. Alias rem error illo est.', 2, 'unavailable', '3.jpg', 98, '2018-11-30 23:52:12', '2018-11-30 23:52:12'),
(75, 'non', 'Nobis cum modi veniam quia.', 3, 'available', '1.jpg', 89, '2018-11-30 23:52:12', '2018-11-30 23:52:12'),
(76, 'blanditiis', 'Aperiam occaecati tenetur a vitae perferendis quasi veniam quibusdam. Quam natus odio iste aliquam odit.', 3, 'available', '1.jpg', 80, '2018-11-30 23:52:12', '2018-11-30 23:52:12'),
(77, 'quia', 'Laboriosam voluptate libero minima vel qui sit ab sed.', 1, 'available', '3.jpg', 161, '2018-11-30 23:52:12', '2018-11-30 23:52:12'),
(78, 'rerum', 'In et ea quidem consectetur. Sed alias non nostrum at quo vitae autem.', 2, 'available', '2.jpg', 177, '2018-11-30 23:52:12', '2018-11-30 23:52:12'),
(79, 'similique', 'Similique aspernatur recusandae alias quaerat.', 1, 'available', '1.jpg', 46, '2018-11-30 23:52:12', '2018-11-30 23:52:12'),
(80, 'accusamus', 'Nemo totam ut perferendis qui quis totam maiores. Rem perspiciatis rerum iure velit deleniti recusandae dicta.', 2, 'available', '3.jpg', 148, '2018-11-30 23:52:12', '2018-11-30 23:52:12'),
(81, 'magnam', 'Corrupti rerum quia rerum aliquam qui tenetur repellendus. Consequatur harum optio enim eum et nemo iure.', 2, 'unavailable', '3.jpg', 169, '2018-11-30 23:52:12', '2018-11-30 23:52:12'),
(82, 'eos', 'Vero suscipit nulla cumque quae. Qui ullam sed voluptas quia necessitatibus numquam.', 1, 'unavailable', '3.jpg', 57, '2018-11-30 23:52:12', '2018-11-30 23:52:12'),
(83, 'fugiat', 'Dolor in non non et iste consequatur. Deserunt non et soluta.', 9, 'unavailable', '1.jpg', 91, '2018-11-30 23:52:12', '2018-11-30 23:52:12'),
(84, 'ut', 'Non rem ipsum itaque et et tenetur explicabo.', 3, 'available', '3.jpg', 43, '2018-11-30 23:52:12', '2018-11-30 23:52:12'),
(85, 'voluptate', 'Voluptatem dolorem voluptatem eius ab. Qui placeat est impedit quo.', 4, 'unavailable', '1.jpg', 158, '2018-11-30 23:52:12', '2018-11-30 23:52:12'),
(86, 'qui', 'Laboriosam iste autem aliquid esse reiciendis nam repellat maiores.', 7, 'unavailable', '1.jpg', 196, '2018-11-30 23:52:12', '2018-11-30 23:52:12'),
(87, 'veniam', 'Atque culpa vero ut culpa praesentium eos qui.', 2, 'unavailable', '2.jpg', 10, '2018-11-30 23:52:12', '2018-11-30 23:52:12'),
(88, 'voluptas', 'Consequatur quis dolor at sunt sed enim et.', 10, 'available', '1.jpg', 173, '2018-11-30 23:52:12', '2018-11-30 23:52:12'),
(89, 'enim', 'Quae eum assumenda cum consectetur. Fuga ipsum officia quia accusamus et neque.', 3, 'unavailable', '3.jpg', 51, '2018-11-30 23:52:13', '2018-11-30 23:52:13'),
(90, 'enim', 'Non enim est incidunt et.', 2, 'available', '1.jpg', 186, '2018-11-30 23:52:13', '2018-11-30 23:52:13'),
(91, 'odit', 'Fugit aut doloribus a nisi sunt sit et.', 6, 'available', '3.jpg', 183, '2018-11-30 23:52:13', '2018-11-30 23:52:13'),
(92, 'ut', 'Sunt labore eligendi velit illo modi expedita. Quia neque quae magni voluptatem error repellendus.', 3, 'unavailable', '3.jpg', 81, '2018-11-30 23:52:13', '2018-11-30 23:52:13'),
(93, 'aut', 'Consequuntur possimus aliquam molestiae ducimus incidunt. Quae culpa qui vero architecto dolor neque.', 8, 'available', '3.jpg', 43, '2018-11-30 23:52:13', '2018-11-30 23:52:13'),
(94, 'quia', 'Accusantium cupiditate nulla esse dolores.', 8, 'available', '1.jpg', 2, '2018-11-30 23:52:13', '2018-11-30 23:52:13'),
(95, 'praesentium', 'Perspiciatis tempore aut aliquid qui sequi. Eum consectetur adipisci fuga voluptas cupiditate iusto quo beatae.', 6, 'available', '1.jpg', 36, '2018-11-30 23:52:13', '2018-11-30 23:52:13'),
(96, 'esse', 'Corporis eum voluptatum doloremque expedita.', 3, 'available', '3.jpg', 37, '2018-11-30 23:52:13', '2018-11-30 23:52:13'),
(97, 'qui', 'Inventore exercitationem illo molestiae odio facilis sit. Consequatur ut nostrum enim.', 8, 'unavailable', '1.jpg', 11, '2018-11-30 23:52:13', '2018-11-30 23:52:13'),
(98, 'accusamus', 'Nemo consequatur molestiae consequatur saepe quasi cum in. Dolorum voluptatem commodi amet et iure officia et.', 10, 'unavailable', '3.jpg', 120, '2018-11-30 23:52:13', '2018-11-30 23:52:13'),
(99, 'facilis', 'Id eligendi dolore id laborum dicta. Quo architecto placeat debitis asperiores omnis.', 9, 'available', '1.jpg', 48, '2018-11-30 23:52:13', '2018-11-30 23:52:13'),
(100, 'quia', 'Aperiam qui dolore delectus ullam.', 10, 'unavailable', '2.jpg', 178, '2018-11-30 23:52:13', '2018-11-30 23:52:13'),
(101, 'hic', 'Ea incidunt sed fuga adipisci laboriosam. Cumque dolor repudiandae ab aliquam eos doloremque.', 3, 'available', '1.jpg', 151, '2018-11-30 23:52:13', '2018-11-30 23:52:13'),
(102, 'minima', 'Ut inventore qui nulla.', 6, 'unavailable', '3.jpg', 5, '2018-11-30 23:52:13', '2018-11-30 23:52:13'),
(103, 'mollitia', 'Quis magni officiis vel.', 10, 'available', '1.jpg', 6, '2018-11-30 23:52:13', '2018-11-30 23:52:13'),
(104, 'occaecati', 'Sunt iste molestiae maiores aut quis qui ut aut.', 9, 'unavailable', '3.jpg', 103, '2018-11-30 23:52:13', '2018-11-30 23:52:13'),
(105, 'eum', 'Temporibus perspiciatis quo vel non sed nemo.', 5, 'unavailable', '2.jpg', 27, '2018-11-30 23:52:13', '2018-11-30 23:52:13'),
(106, 'nemo', 'Non est doloremque ut dolor. Alias distinctio harum id earum excepturi.', 8, 'unavailable', '1.jpg', 8, '2018-11-30 23:52:13', '2018-11-30 23:52:13'),
(107, 'omnis', 'Rerum fugiat aut sunt voluptatem dolorem officiis consequatur qui.', 2, 'available', '3.jpg', 7, '2018-11-30 23:52:13', '2018-11-30 23:52:13'),
(108, 'ut', 'Perferendis architecto dolores omnis molestiae nemo omnis fugiat. Sequi enim sequi qui officia perferendis sint pariatur.', 10, 'available', '1.jpg', 99, '2018-11-30 23:52:13', '2018-11-30 23:52:13'),
(109, 'sunt', 'Qui fugiat non ut et voluptatum. Pariatur sed perspiciatis adipisci nam.', 4, 'unavailable', '2.jpg', 149, '2018-11-30 23:52:13', '2018-11-30 23:52:13'),
(110, 'nisi', 'Qui aut nihil et.', 10, 'available', '2.jpg', 57, '2018-11-30 23:52:13', '2018-11-30 23:52:13'),
(111, 'aut', 'Earum hic laborum minus eum aspernatur. Omnis veniam quas vitae sit aut labore.', 5, 'unavailable', '1.jpg', 19, '2018-11-30 23:52:14', '2018-11-30 23:52:14'),
(112, 'est', 'Nemo blanditiis sunt voluptas. Dolor dolor magni consequatur a.', 4, 'available', '2.jpg', 113, '2018-11-30 23:52:14', '2018-11-30 23:52:14'),
(113, 'recusandae', 'Enim sed qui rem hic molestiae eum. Vel iure enim voluptatem ab et quis aliquam.', 4, 'unavailable', '2.jpg', 153, '2018-11-30 23:52:14', '2018-11-30 23:52:14'),
(114, 'molestiae', 'Libero aliquid dolore impedit ea.', 6, 'unavailable', '1.jpg', 149, '2018-11-30 23:52:14', '2018-11-30 23:52:14'),
(115, 'adipisci', 'Beatae et sed rerum ex provident omnis. Fuga omnis ipsam non voluptatem sunt et ea perferendis.', 2, 'unavailable', '1.jpg', 144, '2018-11-30 23:52:14', '2018-11-30 23:52:14'),
(116, 'distinctio', 'Facere at ad aut dolor corrupti modi consequuntur atque. Iure quis dolores consequatur sint officia minima.', 1, 'available', '2.jpg', 11, '2018-11-30 23:52:14', '2018-11-30 23:52:14'),
(117, 'laboriosam', 'Suscipit id doloremque quidem architecto vero.', 7, 'available', '1.jpg', 63, '2018-11-30 23:52:14', '2018-11-30 23:52:14'),
(118, 'et', 'Corrupti modi praesentium excepturi minus sed laborum voluptas. Rerum quam voluptatibus ut porro.', 8, 'available', '2.jpg', 6, '2018-11-30 23:52:14', '2018-11-30 23:52:14'),
(119, 'debitis', 'Voluptatem rerum et nam nostrum.', 3, 'available', '2.jpg', 27, '2018-11-30 23:52:14', '2018-11-30 23:52:14'),
(120, 'consequuntur', 'Praesentium commodi corrupti quisquam numquam nihil magnam earum. Ut doloremque dolore commodi velit culpa qui alias.', 4, 'available', '1.jpg', 52, '2018-11-30 23:52:14', '2018-11-30 23:52:14'),
(121, 'voluptatum', 'Perferendis vel sint et nemo.', 5, 'available', '2.jpg', 56, '2018-11-30 23:52:14', '2018-11-30 23:52:14'),
(122, 'rerum', 'Quo sit a alias.', 9, 'available', '1.jpg', 79, '2018-11-30 23:52:14', '2018-11-30 23:52:14'),
(123, 'nam', 'Dignissimos ea quia in iste assumenda facilis hic. Accusantium quidem culpa ea impedit architecto deleniti unde.', 7, 'unavailable', '3.jpg', 109, '2018-11-30 23:52:14', '2018-11-30 23:52:14'),
(124, 'quis', 'Similique vero minima expedita cumque. Deleniti necessitatibus saepe reiciendis rerum.', 3, 'available', '3.jpg', 168, '2018-11-30 23:52:14', '2018-11-30 23:52:14'),
(125, 'qui', 'Ex reprehenderit iste qui ipsam inventore quo repellat in.', 6, 'unavailable', '3.jpg', 19, '2018-11-30 23:52:14', '2018-11-30 23:52:14'),
(126, 'voluptate', 'Et architecto rerum eum. Maiores omnis deleniti eos quo.', 8, 'available', '2.jpg', 2, '2018-11-30 23:52:14', '2018-11-30 23:52:14'),
(127, 'placeat', 'Praesentium aut laborum natus nulla nisi dolor ab possimus. Vitae consectetur et ipsam consequatur.', 3, 'unavailable', '1.jpg', 62, '2018-11-30 23:52:14', '2018-11-30 23:52:14'),
(128, 'ipsum', 'Non doloremque qui velit et.', 1, 'available', '3.jpg', 64, '2018-11-30 23:52:14', '2018-11-30 23:52:14'),
(129, 'sunt', 'Dolorem repudiandae sunt sed ullam laudantium adipisci libero. Aut et consequatur quis quia omnis tenetur et et.', 10, 'available', '3.jpg', 148, '2018-11-30 23:52:14', '2018-11-30 23:52:14'),
(130, 'sit', 'Dolorem consequatur quis aut. A sint placeat error fuga iste.', 3, 'available', '1.jpg', 163, '2018-11-30 23:52:14', '2018-11-30 23:52:14'),
(131, 'soluta', 'Ut aut ab accusantium non doloribus ad. Rem repellat enim dolores.', 3, 'available', '1.jpg', 10, '2018-11-30 23:52:14', '2018-11-30 23:52:14'),
(132, 'nemo', 'Amet tempore qui facilis eum perferendis voluptate. Perferendis et quis consequuntur iure eius rerum accusamus.', 4, 'unavailable', '1.jpg', 149, '2018-11-30 23:52:15', '2018-11-30 23:52:15'),
(133, 'sit', 'Ducimus voluptatem nihil voluptatum eum voluptatibus dolore.', 7, 'available', '3.jpg', 121, '2018-11-30 23:52:15', '2018-11-30 23:52:15'),
(134, 'fuga', 'Aspernatur porro voluptatem labore id est. Nobis neque quis enim eos.', 4, 'unavailable', '3.jpg', 166, '2018-11-30 23:52:15', '2018-11-30 23:52:15'),
(135, 'commodi', 'Laudantium molestiae recusandae consequatur molestiae. Molestias dolor velit ipsa quo error.', 4, 'available', '2.jpg', 91, '2018-11-30 23:52:15', '2018-11-30 23:52:15'),
(136, 'ut', 'Laboriosam tempora doloribus voluptatem iure illum optio iste. Aut nihil iste eos qui reprehenderit aut voluptas labore.', 10, 'available', '3.jpg', 153, '2018-11-30 23:52:15', '2018-11-30 23:52:15'),
(137, 'et', 'Numquam enim sint repellendus quia veritatis.', 10, 'unavailable', '3.jpg', 93, '2018-11-30 23:52:15', '2018-11-30 23:52:15'),
(138, 'quia', 'Necessitatibus quidem quaerat quisquam asperiores sed quo veritatis.', 3, 'unavailable', '1.jpg', 50, '2018-11-30 23:52:15', '2018-11-30 23:52:15'),
(139, 'dolorem', 'Est veritatis doloremque quo voluptas perferendis.', 3, 'available', '3.jpg', 147, '2018-11-30 23:52:15', '2018-11-30 23:52:15'),
(140, 'adipisci', 'Velit non libero necessitatibus et itaque.', 1, 'available', '1.jpg', 129, '2018-11-30 23:52:15', '2018-11-30 23:52:15'),
(141, 'laborum', 'Est pariatur natus voluptatem facere impedit facilis ut. In dolores delectus ut enim quae ea officia non.', 10, 'unavailable', '3.jpg', 120, '2018-11-30 23:52:15', '2018-11-30 23:52:15'),
(142, 'ea', 'A magnam adipisci qui necessitatibus illum excepturi ut.', 1, 'available', '2.jpg', 191, '2018-11-30 23:52:15', '2018-11-30 23:52:15'),
(143, 'possimus', 'Sint sunt voluptatem maxime veritatis est aut non ducimus.', 6, 'unavailable', '1.jpg', 125, '2018-11-30 23:52:15', '2018-11-30 23:52:15'),
(144, 'consectetur', 'Quam aut quis ipsum recusandae et. Modi explicabo eos aperiam reprehenderit.', 3, 'available', '1.jpg', 95, '2018-11-30 23:52:15', '2018-11-30 23:52:15'),
(145, 'qui', 'Labore sit sint et.', 10, 'available', '1.jpg', 22, '2018-11-30 23:52:15', '2018-11-30 23:52:15'),
(146, 'repellendus', 'Voluptatem in nostrum alias officiis atque. Sed accusantium explicabo sit placeat.', 10, 'unavailable', '1.jpg', 52, '2018-11-30 23:52:15', '2018-11-30 23:52:15'),
(147, 'architecto', 'Qui voluptas ducimus qui debitis et dolorem doloribus.', 1, 'available', '2.jpg', 20, '2018-11-30 23:52:15', '2018-11-30 23:52:15'),
(148, 'aut', 'Ut hic modi a.', 9, 'unavailable', '1.jpg', 37, '2018-11-30 23:52:15', '2018-11-30 23:52:15'),
(149, 'sapiente', 'Sint omnis eveniet dolorem voluptatem repudiandae.', 4, 'available', '2.jpg', 3, '2018-11-30 23:52:16', '2018-11-30 23:52:16'),
(150, 'possimus', 'Deserunt commodi qui doloribus eos.', 3, 'available', '1.jpg', 71, '2018-11-30 23:52:16', '2018-11-30 23:52:16'),
(151, 'quidem', 'Mollitia temporibus vitae odit at.', 1, 'unavailable', '1.jpg', 82, '2018-11-30 23:52:16', '2018-11-30 23:52:16'),
(152, 'natus', 'Repellat et labore excepturi.', 10, 'available', '1.jpg', 75, '2018-11-30 23:52:16', '2018-11-30 23:52:16'),
(153, 'consequatur', 'Cupiditate eum minima inventore reprehenderit. Aut sint atque ea a.', 1, 'available', '2.jpg', 112, '2018-11-30 23:52:16', '2018-11-30 23:52:16'),
(154, 'maxime', 'Doloribus possimus sit et ex et.', 8, 'unavailable', '2.jpg', 103, '2018-11-30 23:52:16', '2018-11-30 23:52:16'),
(155, 'quia', 'Sed enim at rerum omnis.', 3, 'available', '2.jpg', 91, '2018-11-30 23:52:16', '2018-11-30 23:52:16'),
(156, 'iure', 'Aspernatur quasi ducimus saepe inventore magni error atque. Quo et eius sit quam quo numquam commodi.', 8, 'unavailable', '3.jpg', 107, '2018-11-30 23:52:16', '2018-11-30 23:52:16'),
(157, 'iste', 'Molestias rerum ea vitae fuga vel corporis alias. Voluptas consequatur aspernatur soluta rerum aperiam non cupiditate.', 5, 'unavailable', '3.jpg', 49, '2018-11-30 23:52:16', '2018-11-30 23:52:16'),
(158, 'odio', 'Provident alias nesciunt id iste vel consequatur.', 2, 'unavailable', '1.jpg', 11, '2018-11-30 23:52:16', '2018-11-30 23:52:16'),
(159, 'dolor', 'Asperiores soluta animi aut soluta enim impedit. Omnis ab tempore doloremque sed nam.', 4, 'unavailable', '3.jpg', 148, '2018-11-30 23:52:16', '2018-11-30 23:52:16'),
(160, 'assumenda', 'Fuga eos occaecati corporis est vel voluptas.', 7, 'available', '1.jpg', 101, '2018-11-30 23:52:16', '2018-11-30 23:52:16'),
(161, 'enim', 'Quo qui illum eius alias harum. Nobis quia soluta aliquid beatae sint consequatur.', 2, 'unavailable', '2.jpg', 86, '2018-11-30 23:52:16', '2018-11-30 23:52:16'),
(162, 'non', 'Recusandae reprehenderit eos tenetur accusamus. Ex molestiae laboriosam eligendi et magnam.', 2, 'available', '2.jpg', 121, '2018-11-30 23:52:16', '2018-11-30 23:52:16'),
(163, 'odio', 'Voluptatum commodi necessitatibus corporis veniam.', 10, 'unavailable', '1.jpg', 98, '2018-11-30 23:52:16', '2018-11-30 23:52:16'),
(164, 'nisi', 'Consequatur enim minus fugiat.', 2, 'unavailable', '1.jpg', 144, '2018-11-30 23:52:16', '2018-11-30 23:52:16'),
(165, 'ducimus', 'Repellat voluptas ex qui temporibus corrupti. Adipisci quis exercitationem deserunt rerum placeat at.', 7, 'available', '3.jpg', 68, '2018-11-30 23:52:16', '2018-11-30 23:52:16'),
(166, 'aut', 'Fuga qui consequatur cupiditate. Qui fugiat dolores repudiandae asperiores.', 1, 'unavailable', '3.jpg', 43, '2018-11-30 23:52:16', '2018-11-30 23:52:16'),
(167, 'expedita', 'Dolores ut assumenda vero cumque adipisci nostrum.', 7, 'available', '2.jpg', 142, '2018-11-30 23:52:16', '2018-11-30 23:52:16'),
(168, 'in', 'Excepturi distinctio dolor reprehenderit praesentium natus. Dignissimos explicabo non quis modi provident aut sed.', 5, 'unavailable', '1.jpg', 126, '2018-11-30 23:52:16', '2018-11-30 23:52:16'),
(169, 'blanditiis', 'Quis omnis sed enim sed.', 8, 'unavailable', '1.jpg', 12, '2018-11-30 23:52:17', '2018-11-30 23:52:17'),
(170, 'et', 'Labore voluptates tenetur omnis neque. Est placeat sapiente incidunt.', 2, 'available', '1.jpg', 125, '2018-11-30 23:52:17', '2018-11-30 23:52:17'),
(171, 'rerum', 'Ex omnis voluptate rerum perspiciatis ea nulla recusandae. Aut eveniet et rerum veniam quis.', 3, 'unavailable', '1.jpg', 200, '2018-11-30 23:52:17', '2018-11-30 23:52:17'),
(172, 'laboriosam', 'Molestias quo itaque error voluptatem. Tempora dolor corporis accusamus voluptatem itaque quidem.', 3, 'unavailable', '3.jpg', 137, '2018-11-30 23:52:17', '2018-11-30 23:52:17'),
(173, 'ut', 'Iusto saepe consectetur sunt qui. Ad ex saepe ut quod.', 1, 'unavailable', '1.jpg', 90, '2018-11-30 23:52:17', '2018-11-30 23:52:17'),
(174, 'vel', 'Hic est porro et molestias et. Nisi dolorum sunt velit ex accusamus.', 7, 'available', '3.jpg', 39, '2018-11-30 23:52:17', '2018-11-30 23:52:17'),
(175, 'nemo', 'Quas dicta at qui rerum expedita. Quibusdam accusantium molestiae ab.', 8, 'available', '3.jpg', 106, '2018-11-30 23:52:17', '2018-11-30 23:52:17'),
(176, 'hic', 'Molestiae omnis tenetur soluta est quasi non ea. Maxime aliquam quidem voluptas quidem voluptates labore recusandae.', 9, 'available', '2.jpg', 191, '2018-11-30 23:52:17', '2018-11-30 23:52:17'),
(177, 'voluptates', 'Non dolorum laudantium sed omnis.', 5, 'unavailable', '1.jpg', 158, '2018-11-30 23:52:17', '2018-11-30 23:52:17'),
(178, 'est', 'Iusto perferendis sit et sed et. Reprehenderit non molestiae alias quia architecto assumenda.', 10, 'available', '1.jpg', 138, '2018-11-30 23:52:17', '2018-11-30 23:52:17'),
(179, 'hic', 'Ut sequi vitae nihil repellat.', 2, 'available', '2.jpg', 38, '2018-11-30 23:52:17', '2018-11-30 23:52:17'),
(180, 'voluptatum', 'Qui sed natus rerum voluptas nobis id dolorem. Molestiae et voluptatum similique est omnis.', 8, 'unavailable', '3.jpg', 112, '2018-11-30 23:52:17', '2018-11-30 23:52:17'),
(181, 'tempore', 'Doloribus est reprehenderit laboriosam. Reiciendis sunt repellendus repudiandae accusantium accusantium.', 2, 'unavailable', '1.jpg', 135, '2018-11-30 23:52:17', '2018-11-30 23:52:17'),
(182, 'voluptas', 'Vitae ut reiciendis harum necessitatibus aliquam voluptatem alias consequatur. Voluptate consequatur esse repudiandae doloribus voluptatem.', 4, 'available', '1.jpg', 85, '2018-11-30 23:52:17', '2018-11-30 23:52:17'),
(183, 'rerum', 'Quos sed qui numquam eligendi neque. Nihil aspernatur tempore est ea magni.', 2, 'unavailable', '1.jpg', 181, '2018-11-30 23:52:17', '2018-11-30 23:52:17'),
(184, 'temporibus', 'Nemo accusamus asperiores officia omnis.', 9, 'available', '1.jpg', 169, '2018-11-30 23:52:17', '2018-11-30 23:52:17'),
(185, 'culpa', 'Voluptates voluptatem sint ea eveniet voluptas et quis. Vero tempore architecto consequatur.', 7, 'unavailable', '1.jpg', 22, '2018-11-30 23:52:17', '2018-11-30 23:52:17'),
(186, 'suscipit', 'Nihil praesentium voluptatem qui. Dolor error ut qui molestias et.', 3, 'unavailable', '3.jpg', 70, '2018-11-30 23:52:17', '2018-11-30 23:52:17'),
(187, 'ut', 'Perferendis laboriosam ut rerum fugiat maiores quis eligendi. Perspiciatis assumenda libero qui dolor qui vel nisi.', 8, 'available', '2.jpg', 160, '2018-11-30 23:52:17', '2018-11-30 23:52:17'),
(188, 'quam', 'Magni cupiditate qui pariatur sit vitae.', 3, 'available', '1.jpg', 47, '2018-11-30 23:52:17', '2018-11-30 23:52:17'),
(189, 'eum', 'Iste nesciunt qui deleniti officia ad nihil non corporis.', 3, 'unavailable', '3.jpg', 167, '2018-11-30 23:52:17', '2018-11-30 23:52:17'),
(190, 'quas', 'Eius aut est sint ipsum voluptas est.', 10, 'unavailable', '2.jpg', 65, '2018-11-30 23:52:18', '2018-11-30 23:52:18'),
(191, 'dolor', 'Officia quaerat ipsum sint architecto debitis expedita.', 7, 'unavailable', '3.jpg', 82, '2018-11-30 23:52:18', '2018-11-30 23:52:18'),
(192, 'excepturi', 'A culpa aut dignissimos voluptas dolorem alias aperiam. Eos eveniet incidunt debitis nobis.', 10, 'available', '1.jpg', 172, '2018-11-30 23:52:18', '2018-11-30 23:52:18'),
(193, 'hic', 'Delectus id iste dicta sit voluptas optio et facilis. Deserunt dignissimos et accusamus ex et.', 2, 'unavailable', '2.jpg', 57, '2018-11-30 23:52:18', '2018-11-30 23:52:18'),
(194, 'aut', 'Et et fuga quia cumque facilis.', 9, 'available', '3.jpg', 175, '2018-11-30 23:52:18', '2018-11-30 23:52:18'),
(195, 'natus', 'Odio est nostrum harum quia eligendi et.', 9, 'available', '3.jpg', 190, '2018-11-30 23:52:18', '2018-11-30 23:52:18'),
(196, 'voluptatem', 'Quo et quidem sit.', 5, 'unavailable', '2.jpg', 109, '2018-11-30 23:52:18', '2018-11-30 23:52:18'),
(197, 'doloremque', 'Voluptatum eaque doloremque facilis expedita et aut soluta ipsum. Rerum at molestias quas doloribus omnis illo voluptate.', 1, 'unavailable', '1.jpg', 107, '2018-11-30 23:52:18', '2018-11-30 23:52:18'),
(198, 'a', 'Nostrum harum vitae libero et qui eos.', 2, 'unavailable', '2.jpg', 59, '2018-11-30 23:52:18', '2018-11-30 23:52:18'),
(199, 'iste', 'Minima perferendis repudiandae omnis fuga occaecati.', 2, 'unavailable', '2.jpg', 143, '2018-11-30 23:52:18', '2018-11-30 23:52:18'),
(200, 'architecto', 'Vero id quasi ea totam repellendus.', 4, 'available', '1.jpg', 66, '2018-11-30 23:52:18', '2018-11-30 23:52:18'),
(201, 'rerum', 'Et dolorem doloribus alias sunt quia.', 8, 'available', '3.jpg', 112, '2018-11-30 23:52:18', '2018-11-30 23:52:18'),
(202, 'velit', 'Non vel nihil quia impedit iusto ullam mollitia.', 5, 'unavailable', '2.jpg', 68, '2018-11-30 23:52:18', '2018-11-30 23:52:18'),
(203, 'similique', 'Qui adipisci esse dolores in et.', 5, 'available', '1.jpg', 170, '2018-11-30 23:52:18', '2018-11-30 23:52:18'),
(204, 'velit', 'Voluptas architecto perferendis necessitatibus est rem.', 4, 'available', '3.jpg', 87, '2018-11-30 23:52:18', '2018-11-30 23:52:18'),
(205, 'eaque', 'Ullam repellendus laboriosam cupiditate quia laudantium beatae asperiores. Sit repudiandae tempora non est.', 2, 'available', '2.jpg', 156, '2018-11-30 23:52:18', '2018-11-30 23:52:18'),
(206, 'autem', 'Est voluptatibus laudantium possimus non natus architecto. Adipisci libero nobis cum ut temporibus labore.', 6, 'available', '1.jpg', 113, '2018-11-30 23:52:18', '2018-11-30 23:52:18'),
(207, 'rerum', 'Quo sint iste itaque exercitationem.', 2, 'available', '3.jpg', 33, '2018-11-30 23:52:18', '2018-11-30 23:52:18'),
(208, 'maxime', 'Eos optio molestias illum inventore et. Quos qui aspernatur sunt et aut dolorem voluptatem.', 7, 'unavailable', '3.jpg', 57, '2018-11-30 23:52:18', '2018-11-30 23:52:18'),
(209, 'laborum', 'Ut ipsa dicta corporis aut neque ut dolores non.', 6, 'unavailable', '1.jpg', 100, '2018-11-30 23:52:18', '2018-11-30 23:52:18'),
(210, 'et', 'Molestias voluptatibus recusandae blanditiis. Ut qui dolor voluptatum qui aperiam.', 9, 'unavailable', '3.jpg', 131, '2018-11-30 23:52:19', '2018-11-30 23:52:19'),
(211, 'numquam', 'Non et ut vel adipisci soluta.', 2, 'available', '2.jpg', 97, '2018-11-30 23:52:19', '2018-11-30 23:52:19'),
(212, 'et', 'Et est dolore inventore deserunt amet consequuntur iure et.', 3, 'unavailable', '2.jpg', 139, '2018-11-30 23:52:19', '2018-11-30 23:52:19'),
(213, 'voluptas', 'Et adipisci nisi ea maxime ipsa qui non. Quos numquam dolore impedit blanditiis maiores.', 8, 'unavailable', '2.jpg', 116, '2018-11-30 23:52:19', '2018-11-30 23:52:19'),
(214, 'ea', 'Vero aut excepturi commodi repellendus sit nihil sint. Suscipit sit a eligendi corporis nam fuga expedita rerum.', 4, 'available', '3.jpg', 151, '2018-11-30 23:52:19', '2018-11-30 23:52:19'),
(215, 'provident', 'Est corrupti quasi incidunt ratione accusamus.', 6, 'unavailable', '3.jpg', 89, '2018-11-30 23:52:19', '2018-11-30 23:52:19'),
(216, 'consequatur', 'Odit illo mollitia voluptas iste qui voluptate. Maxime qui voluptates necessitatibus quaerat.', 1, 'unavailable', '2.jpg', 79, '2018-11-30 23:52:19', '2018-11-30 23:52:19'),
(217, 'ad', 'Reprehenderit sed non cum facere. At consequatur adipisci occaecati explicabo earum magni explicabo.', 5, 'available', '1.jpg', 38, '2018-11-30 23:52:19', '2018-11-30 23:52:19'),
(218, 'minus', 'Quo accusantium exercitationem pariatur aperiam consequatur.', 8, 'available', '2.jpg', 137, '2018-11-30 23:52:19', '2018-11-30 23:52:19'),
(219, 'atque', 'Consequuntur ipsam hic consequatur fuga quo omnis. Non laudantium quis temporibus vel.', 4, 'unavailable', '3.jpg', 27, '2018-11-30 23:52:19', '2018-11-30 23:52:19'),
(220, 'quo', 'Dolorem consequatur voluptatum et voluptatem ratione et quis quam.', 7, 'available', '1.jpg', 187, '2018-11-30 23:52:19', '2018-11-30 23:52:19'),
(221, 'officiis', 'Corporis culpa recusandae vero quia nihil voluptatem voluptatibus qui. Dignissimos veniam sit laudantium non repudiandae repudiandae adipisci.', 6, 'unavailable', '2.jpg', 180, '2018-11-30 23:52:19', '2018-11-30 23:52:19'),
(222, 'modi', 'Fugiat quibusdam dignissimos quas qui. Aut quia eius debitis illum.', 10, 'unavailable', '2.jpg', 115, '2018-11-30 23:52:19', '2018-11-30 23:52:19'),
(223, 'porro', 'Voluptas sint quas aut nemo quae voluptatibus. Quia non quia esse.', 6, 'available', '1.jpg', 125, '2018-11-30 23:52:19', '2018-11-30 23:52:19'),
(224, 'sit', 'Sit reprehenderit rem commodi sit et eos quas fugit.', 9, 'unavailable', '2.jpg', 80, '2018-11-30 23:52:19', '2018-11-30 23:52:19'),
(225, 'saepe', 'Ut iusto nostrum esse. Distinctio esse perferendis distinctio quisquam mollitia.', 6, 'available', '3.jpg', 55, '2018-11-30 23:52:19', '2018-11-30 23:52:19'),
(226, 'cum', 'Magni consectetur debitis ratione velit vero saepe.', 2, 'available', '2.jpg', 38, '2018-11-30 23:52:19', '2018-11-30 23:52:19'),
(227, 'veniam', 'Suscipit totam nihil possimus itaque. Porro dolores consequatur necessitatibus suscipit qui.', 4, 'unavailable', '1.jpg', 193, '2018-11-30 23:52:19', '2018-11-30 23:52:19'),
(228, 'in', 'Repellendus nemo voluptatum quia dolorum eligendi provident. Enim dolor vitae aut ea nihil distinctio et ut.', 1, 'available', '3.jpg', 117, '2018-11-30 23:52:20', '2018-11-30 23:52:20'),
(229, 'asperiores', 'Eum eaque odit cum perferendis accusantium et quae. Temporibus explicabo tempore qui labore vero.', 5, 'available', '3.jpg', 96, '2018-11-30 23:52:20', '2018-11-30 23:52:20'),
(230, 'aut', 'Esse in quae ipsam neque aut impedit. Ut aut error eum.', 10, 'available', '1.jpg', 87, '2018-11-30 23:52:20', '2018-11-30 23:52:20'),
(231, 'accusantium', 'Ipsa nihil aliquid tenetur sapiente velit voluptatem.', 6, 'unavailable', '3.jpg', 64, '2018-11-30 23:52:20', '2018-11-30 23:52:20'),
(232, 'temporibus', 'Praesentium qui dolores et in similique eos voluptatem. Et nemo voluptatem illum.', 7, 'unavailable', '2.jpg', 107, '2018-11-30 23:52:20', '2018-11-30 23:52:20'),
(233, 'eum', 'Nesciunt aliquam repellendus minima quaerat fuga.', 9, 'unavailable', '3.jpg', 80, '2018-11-30 23:52:20', '2018-11-30 23:52:20'),
(234, 'quos', 'Voluptatem qui facilis ut aut. Sed rerum eaque ducimus dolore.', 8, 'available', '3.jpg', 103, '2018-11-30 23:52:20', '2018-11-30 23:52:20'),
(235, 'et', 'Eos sint quia doloribus voluptatem. Ipsam modi expedita deleniti natus sunt et provident.', 6, 'available', '2.jpg', 160, '2018-11-30 23:52:20', '2018-11-30 23:52:20'),
(236, 'error', 'Et doloribus provident nobis magnam.', 7, 'available', '3.jpg', 7, '2018-11-30 23:52:20', '2018-11-30 23:52:20'),
(237, 'et', 'Rerum enim possimus iure voluptatibus quibusdam.', 3, 'unavailable', '1.jpg', 96, '2018-11-30 23:52:20', '2018-11-30 23:52:20'),
(238, 'et', 'Et vitae est aut et. Explicabo sunt officiis quia animi consequatur asperiores.', 3, 'available', '2.jpg', 189, '2018-11-30 23:52:20', '2018-11-30 23:52:20'),
(239, 'repellendus', 'Et impedit qui repellat aperiam qui occaecati omnis.', 5, 'unavailable', '3.jpg', 160, '2018-11-30 23:52:20', '2018-11-30 23:52:20'),
(240, 'blanditiis', 'Sapiente ad accusamus repellat excepturi eligendi et cumque.', 6, 'unavailable', '2.jpg', 167, '2018-11-30 23:52:20', '2018-11-30 23:52:20'),
(241, 'laborum', 'Assumenda reiciendis nihil sapiente dolores quae minima accusantium voluptas. Eum est illo tempore debitis fugiat deserunt.', 9, 'available', '2.jpg', 189, '2018-11-30 23:52:20', '2018-11-30 23:52:20'),
(242, 'voluptas', 'Voluptas fuga natus soluta et magnam.', 5, 'available', '1.jpg', 84, '2018-11-30 23:52:20', '2018-11-30 23:52:20'),
(243, 'similique', 'Reprehenderit quasi dolores et sunt maxime. Ut placeat ut molestiae autem minima.', 3, 'unavailable', '3.jpg', 172, '2018-11-30 23:52:20', '2018-11-30 23:52:20'),
(244, 'ipsa', 'Qui aut iste tempora incidunt quis a.', 3, 'unavailable', '3.jpg', 49, '2018-11-30 23:52:20', '2018-11-30 23:52:20'),
(245, 'autem', 'Deleniti soluta fugit ut accusamus.', 5, 'available', '1.jpg', 99, '2018-11-30 23:52:20', '2018-11-30 23:52:20'),
(246, 'reiciendis', 'Officiis repudiandae nobis sed quo officiis consectetur.', 5, 'unavailable', '2.jpg', 199, '2018-11-30 23:52:20', '2018-11-30 23:52:20'),
(247, 'officiis', 'Provident voluptatum nostrum quisquam laudantium consequatur officia ipsa. Dolorem possimus minus sint maxime facilis.', 1, 'available', '2.jpg', 74, '2018-11-30 23:52:20', '2018-11-30 23:52:20'),
(248, 'vel', 'Aperiam provident labore nihil qui accusantium error.', 3, 'unavailable', '2.jpg', 185, '2018-11-30 23:52:20', '2018-11-30 23:52:20'),
(249, 'iste', 'Est et aperiam esse harum. Cupiditate soluta voluptatum id blanditiis.', 7, 'unavailable', '1.jpg', 43, '2018-11-30 23:52:20', '2018-11-30 23:52:20'),
(250, 'quasi', 'Ad accusantium voluptas omnis neque eaque voluptates sed.', 8, 'available', '1.jpg', 20, '2018-11-30 23:52:20', '2018-11-30 23:52:20'),
(251, 'sint', 'Et ut velit harum dolorem. Quia ea quisquam voluptates architecto culpa inventore quis.', 2, 'available', '1.jpg', 150, '2018-11-30 23:52:21', '2018-11-30 23:52:21'),
(252, 'sint', 'Nihil facere quod nostrum vel voluptatem sequi fugiat. Nihil quaerat nemo impedit aliquam incidunt quia accusamus aspernatur.', 5, 'available', '1.jpg', 126, '2018-11-30 23:52:21', '2018-11-30 23:52:21'),
(253, 'alias', 'Sint quo mollitia rerum itaque alias impedit eius.', 2, 'available', '1.jpg', 168, '2018-11-30 23:52:21', '2018-11-30 23:52:21'),
(254, 'sunt', 'Tempora repellat voluptatem et quam provident corporis. Ex alias consequatur est facilis.', 1, 'available', '3.jpg', 48, '2018-11-30 23:52:21', '2018-11-30 23:52:21'),
(255, 'ex', 'Eos repellendus nesciunt tenetur.', 1, 'available', '2.jpg', 132, '2018-11-30 23:52:21', '2018-11-30 23:52:21'),
(256, 'et', 'Doloribus voluptatibus libero quod neque quas vel.', 4, 'available', '2.jpg', 175, '2018-11-30 23:52:21', '2018-11-30 23:52:21'),
(257, 'doloribus', 'Quis et blanditiis alias officiis qui quia nihil. Ea repellendus accusamus quia consequatur.', 5, 'unavailable', '2.jpg', 126, '2018-11-30 23:52:21', '2018-11-30 23:52:21'),
(258, 'tenetur', 'Tempora aut eum optio est suscipit voluptas non. Atque quia vero expedita non pariatur animi.', 9, 'unavailable', '3.jpg', 102, '2018-11-30 23:52:21', '2018-11-30 23:52:21'),
(259, 'deleniti', 'Distinctio in hic ab qui excepturi aut qui suscipit. Quae sint consequatur quia consequuntur sed odio.', 9, 'unavailable', '2.jpg', 114, '2018-11-30 23:52:21', '2018-11-30 23:52:21'),
(260, 'porro', 'Sunt earum omnis et.', 2, 'available', '3.jpg', 72, '2018-11-30 23:52:21', '2018-11-30 23:52:21'),
(261, 'voluptatem', 'Voluptatibus vero et quisquam quo repellendus et. Eveniet voluptatum voluptas asperiores non inventore qui et.', 2, 'unavailable', '2.jpg', 30, '2018-11-30 23:52:21', '2018-11-30 23:52:21'),
(262, 'vel', 'Quia corrupti cum nulla facilis eos quam nisi.', 9, 'unavailable', '1.jpg', 186, '2018-11-30 23:52:21', '2018-11-30 23:52:21'),
(263, 'quasi', 'Error maxime qui aut possimus.', 1, 'unavailable', '1.jpg', 14, '2018-11-30 23:52:21', '2018-11-30 23:52:21'),
(264, 'vel', 'Odio quia porro veritatis fuga aspernatur. Quos quis eligendi expedita non harum tempora quod.', 8, 'available', '2.jpg', 146, '2018-11-30 23:52:21', '2018-11-30 23:52:21'),
(265, 'consequatur', 'Voluptas quod molestias doloremque sit vel. Ut aut eveniet numquam sed vero inventore.', 5, 'available', '3.jpg', 64, '2018-11-30 23:52:21', '2018-11-30 23:52:21'),
(266, 'at', 'Blanditiis voluptatem est in excepturi reprehenderit autem ea. Aut magnam quo minima eligendi qui.', 2, 'available', '2.jpg', 176, '2018-11-30 23:52:21', '2018-11-30 23:52:21'),
(267, 'provident', 'Porro mollitia delectus veritatis eos rerum qui. Et rerum vel quo eius rem optio.', 10, 'available', '3.jpg', 150, '2018-11-30 23:52:21', '2018-11-30 23:52:21'),
(268, 'a', 'Natus blanditiis nihil dicta ut. Natus autem ut pariatur eum ullam ea.', 8, 'unavailable', '2.jpg', 161, '2018-11-30 23:52:21', '2018-11-30 23:52:21'),
(269, 'iusto', 'Ea ad quia veritatis eos.', 5, 'available', '2.jpg', 31, '2018-11-30 23:52:21', '2018-11-30 23:52:21'),
(270, 'est', 'Nostrum explicabo non omnis eos.', 6, 'available', '2.jpg', 177, '2018-11-30 23:52:21', '2018-11-30 23:52:21'),
(271, 'cupiditate', 'Hic quam odit dolore iusto nesciunt fuga. Aut aut aut dicta sunt.', 5, 'available', '1.jpg', 113, '2018-11-30 23:52:22', '2018-11-30 23:52:22'),
(272, 'necessitatibus', 'Vero assumenda ea expedita aliquam quam autem enim.', 2, 'unavailable', '1.jpg', 2, '2018-11-30 23:52:22', '2018-11-30 23:52:22'),
(273, 'ipsa', 'Ipsum voluptas quia quam laboriosam mollitia harum.', 7, 'unavailable', '3.jpg', 4, '2018-11-30 23:52:22', '2018-11-30 23:52:22'),
(274, 'rerum', 'Repellat occaecati iusto voluptas sint doloremque architecto. Natus quis voluptas odit quasi reprehenderit delectus qui.', 4, 'available', '1.jpg', 157, '2018-11-30 23:52:22', '2018-11-30 23:52:22'),
(275, 'recusandae', 'Possimus nemo aut sit qui vitae repellendus.', 6, 'available', '3.jpg', 122, '2018-11-30 23:52:22', '2018-11-30 23:52:22'),
(276, 'est', 'Quibusdam dolore ipsa non dolor. Maxime rem adipisci voluptate dignissimos voluptatem.', 10, 'unavailable', '3.jpg', 148, '2018-11-30 23:52:22', '2018-11-30 23:52:22'),
(277, 'voluptate', 'Quas accusantium aut voluptatum et omnis.', 1, 'unavailable', '1.jpg', 56, '2018-11-30 23:52:22', '2018-11-30 23:52:22'),
(278, 'esse', 'Laborum voluptatibus tenetur eligendi in nobis eligendi.', 9, 'unavailable', '2.jpg', 149, '2018-11-30 23:52:22', '2018-11-30 23:52:22'),
(279, 'id', 'Optio minus ab cupiditate impedit minima aliquid qui deleniti. Accusantium expedita et dolor in voluptas aliquid.', 9, 'available', '2.jpg', 154, '2018-11-30 23:52:22', '2018-11-30 23:52:22'),
(280, 'dolorum', 'Repellat rerum amet commodi ut aliquid dolores.', 2, 'unavailable', '2.jpg', 171, '2018-11-30 23:52:22', '2018-11-30 23:52:22'),
(281, 'qui', 'Magnam tenetur non et. Incidunt mollitia officia numquam eos distinctio.', 2, 'unavailable', '1.jpg', 150, '2018-11-30 23:52:22', '2018-11-30 23:52:22'),
(282, 'illum', 'Cupiditate a delectus qui velit libero.', 10, 'unavailable', '1.jpg', 133, '2018-11-30 23:52:22', '2018-11-30 23:52:22'),
(283, 'laboriosam', 'Nihil rerum perspiciatis quod et. Vitae in amet quo.', 7, 'unavailable', '3.jpg', 157, '2018-11-30 23:52:22', '2018-11-30 23:52:22'),
(284, 'praesentium', 'Odio ut similique dolore voluptatem.', 8, 'available', '2.jpg', 155, '2018-11-30 23:52:22', '2018-11-30 23:52:22'),
(285, 'deserunt', 'Enim velit quia molestias et cupiditate.', 2, 'unavailable', '2.jpg', 107, '2018-11-30 23:52:22', '2018-11-30 23:52:22'),
(286, 'molestiae', 'Harum rerum ut unde error. Et et aut expedita exercitationem eos.', 10, 'unavailable', '2.jpg', 129, '2018-11-30 23:52:22', '2018-11-30 23:52:22'),
(287, 'sit', 'Tempora magni esse quos minus.', 6, 'available', '2.jpg', 24, '2018-11-30 23:52:22', '2018-11-30 23:52:22'),
(288, 'est', 'Maiores sapiente esse eos recusandae ut quaerat quisquam quis. In exercitationem vel quis error.', 9, 'available', '3.jpg', 186, '2018-11-30 23:52:22', '2018-11-30 23:52:22'),
(289, 'porro', 'Voluptatem pariatur dolorum ut ab minus. Eum aut ipsa sed minima molestiae minima excepturi commodi.', 4, 'available', '1.jpg', 176, '2018-11-30 23:52:22', '2018-11-30 23:52:22'),
(290, 'consequatur', 'Fugiat sed aut qui quo consequatur mollitia nam sint.', 6, 'unavailable', '3.jpg', 196, '2018-11-30 23:52:22', '2018-11-30 23:52:22'),
(291, 'delectus', 'Error autem ex dicta corrupti aspernatur nulla et.', 7, 'available', '2.jpg', 23, '2018-11-30 23:52:23', '2018-11-30 23:52:23'),
(292, 'magnam', 'Aut laboriosam possimus nihil a. Nihil et soluta architecto accusantium aut.', 10, 'unavailable', '2.jpg', 174, '2018-11-30 23:52:23', '2018-11-30 23:52:23'),
(293, 'ut', 'Numquam qui autem quam ad ex ducimus.', 6, 'unavailable', '3.jpg', 120, '2018-11-30 23:52:23', '2018-11-30 23:52:23'),
(294, 'est', 'Delectus eveniet eius omnis dicta dolorem.', 1, 'unavailable', '2.jpg', 46, '2018-11-30 23:52:23', '2018-11-30 23:52:23'),
(295, 'ea', 'Quia ut provident rerum et.', 9, 'available', '3.jpg', 107, '2018-11-30 23:52:23', '2018-11-30 23:52:23'),
(296, 'maiores', 'Ducimus in illum qui dolor nisi. Blanditiis accusantium vel ab aut cupiditate.', 2, 'unavailable', '2.jpg', 68, '2018-11-30 23:52:23', '2018-11-30 23:52:23'),
(297, 'vitae', 'Blanditiis aut ea quasi maxime. Repellat in dicta possimus quas.', 5, 'available', '2.jpg', 25, '2018-11-30 23:52:23', '2018-11-30 23:52:23'),
(298, 'est', 'Id adipisci in aut. Quod sapiente sint corporis atque ad qui.', 9, 'unavailable', '3.jpg', 101, '2018-11-30 23:52:23', '2018-11-30 23:52:23'),
(299, 'quibusdam', 'Fugit omnis earum voluptatem architecto ea distinctio officiis. Rerum et eum possimus.', 3, 'unavailable', '1.jpg', 179, '2018-11-30 23:52:23', '2018-11-30 23:52:23'),
(300, 'harum', 'Alias similique quaerat earum dolore velit blanditiis.', 1, 'unavailable', '2.jpg', 199, '2018-11-30 23:52:23', '2018-11-30 23:52:23'),
(301, 'doloribus', 'Saepe ut illo voluptatibus veniam.', 6, 'unavailable', '2.jpg', 77, '2018-11-30 23:52:23', '2018-11-30 23:52:23'),
(302, 'est', 'Id enim beatae excepturi ut aspernatur.', 3, 'available', '1.jpg', 42, '2018-11-30 23:52:23', '2018-11-30 23:52:23'),
(303, 'perspiciatis', 'Ut sed voluptate fugiat nemo.', 3, 'unavailable', '2.jpg', 21, '2018-11-30 23:52:23', '2018-11-30 23:52:23'),
(304, 'perferendis', 'Ad ipsum totam et nisi dolorem.', 10, 'unavailable', '2.jpg', 137, '2018-11-30 23:52:23', '2018-11-30 23:52:23'),
(305, 'voluptas', 'Iusto fugit rem ut molestias optio est sed. Aut dolor dolorum quas illum aspernatur rerum.', 6, 'unavailable', '2.jpg', 187, '2018-11-30 23:52:23', '2018-11-30 23:52:23'),
(306, 'qui', 'Adipisci exercitationem autem sunt corrupti necessitatibus est modi.', 7, 'unavailable', '3.jpg', 28, '2018-11-30 23:52:23', '2018-11-30 23:52:23'),
(307, 'vel', 'Sint culpa ea accusamus eos quia.', 3, 'available', '1.jpg', 120, '2018-11-30 23:52:23', '2018-11-30 23:52:23'),
(308, 'molestiae', 'Repellendus ut facere eius odit sapiente sed cupiditate. Est rem voluptatibus est est ut qui et.', 7, 'available', '3.jpg', 136, '2018-11-30 23:52:23', '2018-11-30 23:52:23'),
(309, 'non', 'Quia neque ut ut ducimus molestias saepe.', 5, 'available', '1.jpg', 140, '2018-11-30 23:52:23', '2018-11-30 23:52:23');
INSERT INTO `products` (`id`, `name`, `description`, `quantity`, `status`, `image`, `seller_id`, `created_at`, `updated_at`) VALUES
(310, 'possimus', 'Vel ea soluta veritatis cupiditate dicta deleniti officiis. Temporibus dolor facere odit consequatur.', 10, 'unavailable', '2.jpg', 40, '2018-11-30 23:52:24', '2018-11-30 23:52:24'),
(311, 'eum', 'Debitis incidunt consequuntur molestias esse. Occaecati inventore rem quasi id dolor.', 1, 'unavailable', '2.jpg', 4, '2018-11-30 23:52:24', '2018-11-30 23:52:24'),
(312, 'beatae', 'Assumenda cum quas consectetur molestiae. Quidem tempora iure neque voluptatem est libero similique.', 3, 'unavailable', '2.jpg', 76, '2018-11-30 23:52:24', '2018-11-30 23:52:24'),
(313, 'rerum', 'Commodi repellat adipisci quisquam iusto. Natus tempora asperiores eaque consequatur velit nemo sunt.', 2, 'available', '2.jpg', 68, '2018-11-30 23:52:24', '2018-11-30 23:52:24'),
(314, 'et', 'Cumque saepe tenetur eos.', 1, 'unavailable', '3.jpg', 122, '2018-11-30 23:52:24', '2018-11-30 23:52:24'),
(315, 'iure', 'Quia amet praesentium aliquid numquam sed quis aspernatur.', 7, 'unavailable', '1.jpg', 118, '2018-11-30 23:52:24', '2018-11-30 23:52:24'),
(316, 'architecto', 'Reprehenderit provident adipisci est non repellat soluta.', 6, 'available', '3.jpg', 127, '2018-11-30 23:52:24', '2018-11-30 23:52:24'),
(317, 'aut', 'Aut tempore sit maiores id.', 9, 'unavailable', '1.jpg', 63, '2018-11-30 23:52:24', '2018-11-30 23:52:24'),
(318, 'animi', 'In molestiae ducimus quo eum sit. Temporibus necessitatibus voluptatem velit temporibus non enim.', 2, 'unavailable', '3.jpg', 112, '2018-11-30 23:52:24', '2018-11-30 23:52:24'),
(319, 'minus', 'Omnis ab omnis velit aut libero. Quis et aperiam eos illum.', 7, 'unavailable', '3.jpg', 179, '2018-11-30 23:52:24', '2018-11-30 23:52:24'),
(320, 'consequatur', 'Ut eligendi dignissimos ut exercitationem.', 1, 'unavailable', '1.jpg', 79, '2018-11-30 23:52:24', '2018-11-30 23:52:24'),
(321, 'rerum', 'Harum voluptatem voluptates rerum commodi et consequatur.', 6, 'available', '1.jpg', 71, '2018-11-30 23:52:24', '2018-11-30 23:52:24'),
(322, 'enim', 'Vitae distinctio voluptatem voluptatem facere sunt consequatur.', 5, 'available', '2.jpg', 45, '2018-11-30 23:52:24', '2018-11-30 23:52:24'),
(323, 'maxime', 'Doloribus laboriosam perspiciatis facilis culpa cum nihil.', 3, 'unavailable', '1.jpg', 30, '2018-11-30 23:52:24', '2018-11-30 23:52:24'),
(324, 'sint', 'Autem saepe nulla quas soluta molestiae.', 10, 'unavailable', '2.jpg', 53, '2018-11-30 23:52:24', '2018-11-30 23:52:24'),
(325, 'ratione', 'Est ullam consequatur sunt.', 6, 'unavailable', '1.jpg', 191, '2018-11-30 23:52:24', '2018-11-30 23:52:24'),
(326, 'molestiae', 'Optio saepe voluptas non maxime. Quibusdam aperiam similique cumque et odit aut molestiae.', 6, 'unavailable', '3.jpg', 32, '2018-11-30 23:52:24', '2018-11-30 23:52:24'),
(327, 'quia', 'Expedita laudantium est est distinctio odio quisquam. Maiores qui rerum iusto velit sed quibusdam.', 1, 'unavailable', '1.jpg', 174, '2018-11-30 23:52:24', '2018-11-30 23:52:24'),
(328, 'consequatur', 'Corrupti pariatur suscipit libero cumque veritatis iste.', 8, 'unavailable', '2.jpg', 145, '2018-11-30 23:52:24', '2018-11-30 23:52:24'),
(329, 'ea', 'Labore sed asperiores quam architecto adipisci id dolores. Quidem nemo ab sint.', 4, 'available', '2.jpg', 122, '2018-11-30 23:52:24', '2018-11-30 23:52:24'),
(330, 'sit', 'Odio tempore quam in exercitationem.', 9, 'available', '3.jpg', 151, '2018-11-30 23:52:25', '2018-11-30 23:52:25'),
(331, 'et', 'Sit quo dolor enim architecto quia qui.', 7, 'unavailable', '2.jpg', 131, '2018-11-30 23:52:25', '2018-11-30 23:52:25'),
(332, 'in', 'Architecto quam aut et cumque et libero.', 6, 'available', '2.jpg', 111, '2018-11-30 23:52:25', '2018-11-30 23:52:25'),
(333, 'excepturi', 'Nulla non beatae consequuntur consequatur est. Temporibus ipsam alias dignissimos provident.', 6, 'unavailable', '2.jpg', 81, '2018-11-30 23:52:25', '2018-11-30 23:52:25'),
(334, 'consequatur', 'Perferendis blanditiis ad nemo omnis et reprehenderit ipsa.', 2, 'unavailable', '2.jpg', 114, '2018-11-30 23:52:25', '2018-11-30 23:52:25'),
(335, 'at', 'Quis sequi omnis reiciendis vero repudiandae ducimus qui.', 1, 'available', '2.jpg', 151, '2018-11-30 23:52:25', '2018-11-30 23:52:25'),
(336, 'vitae', 'Et consequatur incidunt sit eum quos sapiente aut at. Repellat blanditiis consequatur rem illo ab.', 9, 'available', '2.jpg', 155, '2018-11-30 23:52:25', '2018-11-30 23:52:25'),
(337, 'temporibus', 'Iure est eligendi quia provident amet possimus.', 6, 'available', '1.jpg', 194, '2018-11-30 23:52:25', '2018-11-30 23:52:25'),
(338, 'quas', 'Dolorem aut explicabo nostrum est aperiam. Autem amet aspernatur placeat pariatur qui vel.', 9, 'available', '2.jpg', 85, '2018-11-30 23:52:25', '2018-11-30 23:52:25'),
(339, 'et', 'Rerum velit est recusandae labore cupiditate reprehenderit quam ut.', 4, 'unavailable', '1.jpg', 43, '2018-11-30 23:52:25', '2018-11-30 23:52:25'),
(340, 'voluptatem', 'Et accusantium dolores aspernatur sed ut. Ipsum beatae explicabo vitae et.', 9, 'unavailable', '1.jpg', 102, '2018-11-30 23:52:25', '2018-11-30 23:52:25'),
(341, 'sequi', 'Consequatur tempora est non doloremque voluptates culpa. Quis eos et ut dicta.', 4, 'unavailable', '1.jpg', 113, '2018-11-30 23:52:25', '2018-11-30 23:52:25'),
(342, 'quia', 'Sunt rerum unde quas cupiditate at quia necessitatibus. Nam voluptatibus laudantium enim fuga ut delectus expedita.', 4, 'unavailable', '2.jpg', 3, '2018-11-30 23:52:25', '2018-11-30 23:52:25'),
(343, 'sit', 'Ipsum aliquam ducimus aut aliquid ut non maxime.', 5, 'available', '3.jpg', 18, '2018-11-30 23:52:25', '2018-11-30 23:52:25'),
(344, 'sunt', 'Omnis rerum minima quibusdam nihil vel rem repellendus. Molestias maiores aut vel quae saepe est sint.', 5, 'available', '2.jpg', 11, '2018-11-30 23:52:25', '2018-11-30 23:52:25'),
(345, 'maxime', 'Amet dolores ipsa suscipit ab debitis.', 5, 'available', '2.jpg', 103, '2018-11-30 23:52:25', '2018-11-30 23:52:25'),
(346, 'debitis', 'Ea nam nostrum ea exercitationem distinctio.', 3, 'available', '3.jpg', 111, '2018-11-30 23:52:25', '2018-11-30 23:52:25'),
(347, 'eos', 'Inventore quis autem repudiandae aliquam libero.', 2, 'unavailable', '1.jpg', 138, '2018-11-30 23:52:25', '2018-11-30 23:52:25'),
(348, 'magni', 'Vel deserunt vel dolore nam tenetur nobis.', 2, 'available', '1.jpg', 42, '2018-11-30 23:52:26', '2018-11-30 23:52:26'),
(349, 'quasi', 'Totam reiciendis est numquam iusto accusantium. Sint doloremque beatae dignissimos accusantium reprehenderit.', 6, 'available', '2.jpg', 136, '2018-11-30 23:52:26', '2018-11-30 23:52:26'),
(350, 'aut', 'Id consequatur voluptatibus cumque a natus culpa.', 10, 'available', '1.jpg', 5, '2018-11-30 23:52:26', '2018-11-30 23:52:26'),
(351, 'aspernatur', 'Et cupiditate voluptates dolor sed non.', 5, 'available', '2.jpg', 71, '2018-11-30 23:52:26', '2018-11-30 23:52:26'),
(352, 'nisi', 'Sunt porro sint aut aut ab temporibus praesentium iure. Veritatis dolores consectetur dignissimos modi expedita.', 5, 'unavailable', '1.jpg', 175, '2018-11-30 23:52:26', '2018-11-30 23:52:26'),
(353, 'suscipit', 'Qui unde ad sed fugit distinctio sapiente est. Odit sunt voluptatem similique voluptatem.', 9, 'available', '2.jpg', 129, '2018-11-30 23:52:26', '2018-11-30 23:52:26'),
(354, 'voluptatibus', 'Qui sunt sint nisi est eaque iure. Consectetur neque sunt est eum eveniet.', 10, 'available', '1.jpg', 78, '2018-11-30 23:52:26', '2018-11-30 23:52:26'),
(355, 'consequatur', 'Dolorem voluptas quia sapiente quia numquam rem.', 10, 'available', '3.jpg', 71, '2018-11-30 23:52:26', '2018-11-30 23:52:26'),
(356, 'quia', 'Nobis est molestiae perferendis ut. Nesciunt qui sint tempore laudantium possimus quo.', 8, 'unavailable', '2.jpg', 102, '2018-11-30 23:52:26', '2018-11-30 23:52:26'),
(357, 'aut', 'Sint dolore incidunt aut nam dolore. Rerum ab aspernatur doloremque sapiente quod ratione non et.', 5, 'available', '1.jpg', 37, '2018-11-30 23:52:26', '2018-11-30 23:52:26'),
(358, 'facilis', 'Illum omnis est tenetur.', 4, 'available', '2.jpg', 152, '2018-11-30 23:52:26', '2018-11-30 23:52:26'),
(359, 'sint', 'Est dolorem velit magnam illum. Debitis nihil magni in.', 8, 'available', '3.jpg', 49, '2018-11-30 23:52:26', '2018-11-30 23:52:26'),
(360, 'voluptatem', 'Atque et qui aut nam quo. Non vitae sint nemo et dicta fugit unde sunt.', 1, 'available', '1.jpg', 70, '2018-11-30 23:52:26', '2018-11-30 23:52:26'),
(361, 'at', 'Voluptatem at perferendis dolores occaecati. Esse facere minus facere in quisquam neque quis laborum.', 7, 'unavailable', '1.jpg', 62, '2018-11-30 23:52:26', '2018-11-30 23:52:26'),
(362, 'est', 'Ipsum velit rerum ea dolorum excepturi.', 4, 'unavailable', '2.jpg', 160, '2018-11-30 23:52:26', '2018-11-30 23:52:26'),
(363, 'labore', 'Odio ea repellat et in a eligendi quae est. Nesciunt quasi odio tempore qui molestiae.', 2, 'unavailable', '3.jpg', 114, '2018-11-30 23:52:26', '2018-11-30 23:52:26'),
(364, 'at', 'Deserunt est omnis animi atque eveniet accusantium.', 7, 'unavailable', '2.jpg', 94, '2018-11-30 23:52:26', '2018-11-30 23:52:26'),
(365, 'quia', 'Autem et esse doloremque sit ratione pariatur repudiandae.', 6, 'available', '3.jpg', 64, '2018-11-30 23:52:26', '2018-11-30 23:52:26'),
(366, 'est', 'Earum qui consectetur sapiente omnis inventore laborum. Repellendus nostrum omnis necessitatibus omnis.', 6, 'unavailable', '3.jpg', 146, '2018-11-30 23:52:26', '2018-11-30 23:52:26'),
(367, 'totam', 'Est excepturi aut autem dolor rerum. Maiores at ut praesentium voluptas.', 4, 'available', '3.jpg', 128, '2018-11-30 23:52:26', '2018-11-30 23:52:26'),
(368, 'et', 'Molestiae consequuntur beatae quidem sapiente non ea quia et.', 10, 'available', '2.jpg', 88, '2018-11-30 23:52:26', '2018-11-30 23:52:26'),
(369, 'officia', 'Et necessitatibus temporibus aut occaecati.', 2, 'available', '1.jpg', 41, '2018-11-30 23:52:26', '2018-11-30 23:52:26'),
(370, 'culpa', 'Molestiae consequatur facere et dolore.', 9, 'available', '3.jpg', 42, '2018-11-30 23:52:26', '2018-11-30 23:52:26'),
(371, 'nisi', 'Qui voluptatem laboriosam laborum qui illo. Adipisci et deserunt quia similique.', 4, 'available', '1.jpg', 24, '2018-11-30 23:52:26', '2018-11-30 23:52:26'),
(372, 'enim', 'Magni eligendi quia totam pariatur nihil alias tempore.', 6, 'available', '1.jpg', 61, '2018-11-30 23:52:27', '2018-11-30 23:52:27'),
(373, 'quos', 'Assumenda ut aut voluptate est autem officiis saepe. Eligendi natus minus occaecati quas corrupti explicabo.', 10, 'available', '2.jpg', 138, '2018-11-30 23:52:27', '2018-11-30 23:52:27'),
(374, 'earum', 'Ipsum reprehenderit blanditiis reiciendis non ipsa tenetur. Incidunt doloremque vel earum id fugit est.', 8, 'available', '2.jpg', 187, '2018-11-30 23:52:27', '2018-11-30 23:52:27'),
(375, 'facilis', 'Officia autem asperiores modi neque ducimus explicabo ipsa quisquam.', 2, 'available', '1.jpg', 121, '2018-11-30 23:52:27', '2018-11-30 23:52:27'),
(376, 'accusantium', 'Sapiente molestiae nostrum voluptatem non. Qui pariatur maxime voluptas tenetur.', 7, 'unavailable', '2.jpg', 26, '2018-11-30 23:52:27', '2018-11-30 23:52:27'),
(377, 'magnam', 'Voluptatibus deserunt et cumque distinctio explicabo. Accusantium eveniet perferendis qui officia ex voluptatibus perspiciatis mollitia.', 7, 'available', '3.jpg', 93, '2018-11-30 23:52:27', '2018-11-30 23:52:27'),
(378, 'quia', 'Aut doloribus aut provident dignissimos ullam illum. Sunt molestiae maiores recusandae error perferendis et maiores.', 6, 'available', '3.jpg', 160, '2018-11-30 23:52:27', '2018-11-30 23:52:27'),
(379, 'a', 'Et eum ratione enim explicabo officiis doloremque.', 10, 'available', '3.jpg', 6, '2018-11-30 23:52:27', '2018-11-30 23:52:27'),
(380, 'recusandae', 'Sed aut ducimus nihil unde est vitae adipisci. Similique et est qui distinctio sed assumenda temporibus.', 4, 'available', '3.jpg', 85, '2018-11-30 23:52:27', '2018-11-30 23:52:27'),
(381, 'architecto', 'Molestias qui deserunt ut accusamus dignissimos distinctio. Aut in adipisci ut voluptate veniam aliquam.', 10, 'unavailable', '2.jpg', 8, '2018-11-30 23:52:27', '2018-11-30 23:52:27'),
(382, 'optio', 'Alias ab non exercitationem fugiat ea repellendus neque dolor. Repellendus voluptatum deleniti vitae molestias et.', 7, 'available', '1.jpg', 31, '2018-11-30 23:52:27', '2018-11-30 23:52:27'),
(383, 'accusantium', 'Cumque non ipsa rem nisi dolor ut vitae.', 7, 'unavailable', '1.jpg', 74, '2018-11-30 23:52:27', '2018-11-30 23:52:27'),
(384, 'adipisci', 'Animi ut enim vitae neque quisquam corrupti. Est voluptatibus molestiae voluptate.', 6, 'available', '2.jpg', 172, '2018-11-30 23:52:27', '2018-11-30 23:52:27'),
(385, 'placeat', 'Accusamus error officiis facere. Omnis molestias aspernatur omnis.', 5, 'unavailable', '2.jpg', 45, '2018-11-30 23:52:27', '2018-11-30 23:52:27'),
(386, 'et', 'Fugiat assumenda assumenda adipisci non modi quo pariatur dignissimos.', 6, 'unavailable', '2.jpg', 163, '2018-11-30 23:52:27', '2018-11-30 23:52:27'),
(387, 'nisi', 'Aut atque amet voluptatum atque.', 3, 'available', '2.jpg', 28, '2018-11-30 23:52:27', '2018-11-30 23:52:27'),
(388, 'aut', 'Qui dolor voluptatem fuga magni quasi quae cupiditate.', 10, 'unavailable', '2.jpg', 172, '2018-11-30 23:52:27', '2018-11-30 23:52:27'),
(389, 'atque', 'Sed temporibus nihil asperiores beatae ut.', 6, 'available', '2.jpg', 6, '2018-11-30 23:52:27', '2018-11-30 23:52:27'),
(390, 'iure', 'Architecto corrupti ipsum consequatur impedit ipsa animi.', 10, 'available', '3.jpg', 65, '2018-11-30 23:52:27', '2018-11-30 23:52:27'),
(391, 'eos', 'Vero molestias hic voluptas sunt minus aut tempore. Incidunt quia et aut consequatur.', 6, 'available', '3.jpg', 34, '2018-11-30 23:52:27', '2018-11-30 23:52:27'),
(392, 'non', 'Earum odio consequuntur sed et ipsa eveniet neque. Doloribus dolorum et est voluptatem dolor.', 6, 'unavailable', '2.jpg', 117, '2018-11-30 23:52:27', '2018-11-30 23:52:27'),
(393, 'nobis', 'Occaecati eligendi molestiae modi aut. Nostrum cupiditate veniam dolor cumque.', 1, 'available', '2.jpg', 28, '2018-11-30 23:52:27', '2018-11-30 23:52:27'),
(394, 'nihil', 'Dolor magnam ab est est optio sapiente sint natus.', 4, 'available', '1.jpg', 83, '2018-11-30 23:52:27', '2018-11-30 23:52:27'),
(395, 'sint', 'Adipisci ducimus facilis aliquam ipsum fugit quisquam. Qui sed magnam ratione molestiae voluptates sed.', 1, 'unavailable', '2.jpg', 111, '2018-11-30 23:52:27', '2018-11-30 23:52:27'),
(396, 'reprehenderit', 'Ut ut amet quia dolorum non dicta maxime.', 3, 'available', '1.jpg', 199, '2018-11-30 23:52:27', '2018-11-30 23:52:27'),
(397, 'et', 'Est voluptate dolores dignissimos cumque.', 6, 'unavailable', '3.jpg', 31, '2018-11-30 23:52:28', '2018-11-30 23:52:28'),
(398, 'qui', 'Voluptas rerum et optio facere.', 4, 'unavailable', '1.jpg', 86, '2018-11-30 23:52:28', '2018-11-30 23:52:28'),
(399, 'rerum', 'Quia deleniti eaque voluptate. Corrupti quaerat porro eius et.', 5, 'available', '2.jpg', 125, '2018-11-30 23:52:28', '2018-11-30 23:52:28'),
(400, 'doloremque', 'Et magni aut ut est sapiente non. Est et ullam eaque enim consectetur maxime.', 6, 'available', '3.jpg', 33, '2018-11-30 23:52:28', '2018-11-30 23:52:28'),
(401, 'dolorum', 'Eos fugit et sed suscipit atque. Molestiae impedit dolor nemo et ea vel.', 9, 'available', '1.jpg', 156, '2018-11-30 23:52:28', '2018-11-30 23:52:28'),
(402, 'qui', 'Tenetur non voluptatum quae est ullam temporibus fugiat. Enim quia omnis cupiditate numquam dignissimos ut.', 8, 'unavailable', '3.jpg', 184, '2018-11-30 23:52:28', '2018-11-30 23:52:28'),
(403, 'quam', 'Et aut cum ullam nesciunt sunt.', 2, 'available', '2.jpg', 1, '2018-11-30 23:52:28', '2018-11-30 23:52:28'),
(404, 'aut', 'Iusto officiis minima rerum ullam error dolores quis. Ab sunt quam delectus.', 2, 'available', '2.jpg', 81, '2018-11-30 23:52:28', '2018-11-30 23:52:28'),
(405, 'labore', 'Ullam cupiditate nisi esse qui consequatur ut eveniet.', 8, 'available', '2.jpg', 50, '2018-11-30 23:52:28', '2018-11-30 23:52:28'),
(406, 'eius', 'Natus illo libero repudiandae rem dolore alias deserunt.', 9, 'unavailable', '2.jpg', 118, '2018-11-30 23:52:28', '2018-11-30 23:52:28'),
(407, 'omnis', 'Et adipisci reiciendis inventore aut ut enim. Aut ad in explicabo est maxime.', 10, 'available', '3.jpg', 76, '2018-11-30 23:52:28', '2018-11-30 23:52:28'),
(408, 'ipsum', 'Sint aliquid voluptatem reiciendis dignissimos incidunt ea.', 3, 'available', '2.jpg', 59, '2018-11-30 23:52:28', '2018-11-30 23:52:28'),
(409, 'delectus', 'Quia quas deserunt eum dolorem libero.', 3, 'available', '1.jpg', 91, '2018-11-30 23:52:28', '2018-11-30 23:52:28'),
(410, 'laudantium', 'In dignissimos optio enim aliquam dolores.', 10, 'unavailable', '1.jpg', 81, '2018-11-30 23:52:28', '2018-11-30 23:52:28'),
(411, 'eius', 'Pariatur dolorem vitae possimus itaque.', 1, 'available', '3.jpg', 41, '2018-11-30 23:52:28', '2018-11-30 23:52:28'),
(412, 'quos', 'Delectus quidem harum occaecati quis voluptas quasi repellendus. Culpa eos dolores non quasi velit id.', 7, 'unavailable', '2.jpg', 45, '2018-11-30 23:52:28', '2018-11-30 23:52:28'),
(413, 'et', 'Fuga quam saepe laborum qui.', 4, 'available', '1.jpg', 78, '2018-11-30 23:52:28', '2018-11-30 23:52:28'),
(414, 'quae', 'Libero placeat consectetur consequuntur officiis amet harum. Sed est aut quia velit qui omnis error.', 1, 'available', '3.jpg', 76, '2018-11-30 23:52:28', '2018-11-30 23:52:28'),
(415, 'et', 'Error et molestiae recusandae magnam at maiores.', 5, 'available', '3.jpg', 67, '2018-11-30 23:52:28', '2018-11-30 23:52:28'),
(416, 'maxime', 'Harum sit explicabo impedit. Voluptatibus reiciendis reiciendis nulla dolorem excepturi aut.', 6, 'unavailable', '2.jpg', 195, '2018-11-30 23:52:28', '2018-11-30 23:52:28'),
(417, 'voluptas', 'Qui quasi officia molestiae sit.', 2, 'available', '2.jpg', 163, '2018-11-30 23:52:28', '2018-11-30 23:52:28'),
(418, 'architecto', 'Doloribus alias sed vel omnis ex officia.', 2, 'available', '2.jpg', 15, '2018-11-30 23:52:28', '2018-11-30 23:52:28'),
(419, 'quae', 'Aut iusto sit molestiae dolorum ratione non. Aperiam molestiae fugit quod et voluptas vel dignissimos.', 6, 'available', '1.jpg', 33, '2018-11-30 23:52:28', '2018-11-30 23:52:28'),
(420, 'non', 'Quidem accusantium error ut eum et aperiam rerum soluta.', 3, 'available', '2.jpg', 135, '2018-11-30 23:52:29', '2018-11-30 23:52:29'),
(421, 'totam', 'Molestiae hic et voluptas molestias sit id. Error voluptas repudiandae et atque.', 1, 'unavailable', '2.jpg', 179, '2018-11-30 23:52:29', '2018-11-30 23:52:29'),
(422, 'aperiam', 'Dolorem maiores ad earum doloremque vero.', 1, 'available', '2.jpg', 70, '2018-11-30 23:52:29', '2018-11-30 23:52:29'),
(423, 'voluptatem', 'Sunt est magni et aut. Odio et ullam beatae voluptatem excepturi vel.', 7, 'available', '3.jpg', 94, '2018-11-30 23:52:29', '2018-11-30 23:52:29'),
(424, 'nemo', 'Aut rem ipsam in soluta iste commodi omnis.', 2, 'unavailable', '3.jpg', 122, '2018-11-30 23:52:29', '2018-11-30 23:52:29'),
(425, 'voluptatem', 'Voluptatem itaque quam nulla sit. Architecto rem magni quod sit fuga reprehenderit sed.', 8, 'unavailable', '3.jpg', 94, '2018-11-30 23:52:29', '2018-11-30 23:52:29'),
(426, 'accusantium', 'Nihil pariatur id cumque provident libero odit nihil.', 3, 'unavailable', '2.jpg', 69, '2018-11-30 23:52:29', '2018-11-30 23:52:29'),
(427, 'deserunt', 'Rem voluptas ad sequi natus rem aut.', 10, 'unavailable', '1.jpg', 38, '2018-11-30 23:52:29', '2018-11-30 23:52:29'),
(428, 'laudantium', 'Quisquam exercitationem voluptates cum ut sunt ad fugiat.', 4, 'unavailable', '2.jpg', 190, '2018-11-30 23:52:29', '2018-11-30 23:52:29'),
(429, 'doloremque', 'Nam tempore sint sunt et.', 1, 'unavailable', '3.jpg', 136, '2018-11-30 23:52:29', '2018-11-30 23:52:29'),
(430, 'sed', 'Velit ea repudiandae enim qui nihil voluptas consectetur. Ut accusamus dolor explicabo aut.', 1, 'available', '2.jpg', 47, '2018-11-30 23:52:29', '2018-11-30 23:52:29'),
(431, 'eveniet', 'Suscipit vel blanditiis dolorum dolor perferendis. Et aspernatur voluptatem minus non numquam.', 2, 'available', '1.jpg', 164, '2018-11-30 23:52:29', '2018-11-30 23:52:29'),
(432, 'inventore', 'Et non animi quis saepe assumenda quas. Eos nemo omnis ab ut.', 1, 'available', '1.jpg', 93, '2018-11-30 23:52:29', '2018-11-30 23:52:29'),
(433, 'totam', 'Labore debitis recusandae rerum iste recusandae et necessitatibus. Consequatur doloremque quod et maiores laborum aut.', 3, 'available', '2.jpg', 178, '2018-11-30 23:52:29', '2018-11-30 23:52:29'),
(434, 'accusantium', 'Accusamus sit rem odit odio.', 8, 'available', '3.jpg', 69, '2018-11-30 23:52:29', '2018-11-30 23:52:29'),
(435, 'tenetur', 'Dolorem perspiciatis distinctio molestiae non. Sed ad voluptatem et.', 1, 'available', '2.jpg', 178, '2018-11-30 23:52:29', '2018-11-30 23:52:29'),
(436, 'nisi', 'Velit omnis quasi cupiditate et quo distinctio corrupti.', 9, 'available', '1.jpg', 42, '2018-11-30 23:52:29', '2018-11-30 23:52:29'),
(437, 'rerum', 'Eos autem modi porro. Vel nesciunt mollitia est id dolore error tempore.', 6, 'unavailable', '3.jpg', 94, '2018-11-30 23:52:29', '2018-11-30 23:52:29'),
(438, 'amet', 'Corporis incidunt qui dolores ex omnis voluptate. Soluta iure veritatis aut soluta natus.', 1, 'available', '1.jpg', 173, '2018-11-30 23:52:29', '2018-11-30 23:52:29'),
(439, 'quis', 'Sint fuga est ipsam enim ipsam illo voluptates. Est vel doloribus in amet perspiciatis et sit.', 8, 'unavailable', '1.jpg', 164, '2018-11-30 23:52:29', '2018-11-30 23:52:29'),
(440, 'et', 'Eaque vitae eum laboriosam excepturi ut voluptas. Maiores expedita in occaecati earum in.', 9, 'unavailable', '3.jpg', 200, '2018-11-30 23:52:29', '2018-11-30 23:52:29'),
(441, 'consequuntur', 'Et ipsum accusantium sit ullam.', 5, 'unavailable', '3.jpg', 148, '2018-11-30 23:52:29', '2018-11-30 23:52:29'),
(442, 'vel', 'Et harum et nobis aliquam ipsum odit. Aut rerum at eaque omnis aspernatur dolores totam et.', 3, 'available', '1.jpg', 55, '2018-11-30 23:52:29', '2018-11-30 23:52:29'),
(443, 'blanditiis', 'Deleniti explicabo itaque hic ipsum omnis et. Aut illum id sunt blanditiis.', 9, 'unavailable', '2.jpg', 85, '2018-11-30 23:52:29', '2018-11-30 23:52:29'),
(444, 'in', 'Ipsum est dolores optio autem et. Ullam occaecati optio et id.', 6, 'unavailable', '2.jpg', 71, '2018-11-30 23:52:30', '2018-11-30 23:52:30'),
(445, 'velit', 'Officia repudiandae aperiam recusandae ipsam sunt vel rerum sequi.', 9, 'unavailable', '2.jpg', 5, '2018-11-30 23:52:30', '2018-11-30 23:52:30'),
(446, 'voluptatem', 'Nesciunt magni quo omnis nobis et ut porro.', 6, 'available', '2.jpg', 79, '2018-11-30 23:52:30', '2018-11-30 23:52:30'),
(447, 'asperiores', 'Totam atque dolores minima molestiae et. Consequatur iusto non dolores sit.', 10, 'available', '2.jpg', 94, '2018-11-30 23:52:30', '2018-11-30 23:52:30'),
(448, 'sint', 'Ea enim non voluptate excepturi sed et earum facere.', 3, 'available', '1.jpg', 146, '2018-11-30 23:52:30', '2018-11-30 23:52:30'),
(449, 'id', 'Aut velit beatae omnis. Ut nobis dolorum et cum.', 10, 'available', '1.jpg', 169, '2018-11-30 23:52:30', '2018-11-30 23:52:30'),
(450, 'sit', 'Ad ducimus aut molestiae dicta molestiae.', 9, 'unavailable', '3.jpg', 138, '2018-11-30 23:52:30', '2018-11-30 23:52:30'),
(451, 'neque', 'Repellendus rerum enim est consequuntur.', 2, 'available', '1.jpg', 1, '2018-11-30 23:52:30', '2018-11-30 23:52:30'),
(452, 'amet', 'Quasi alias aspernatur consequatur.', 2, 'unavailable', '1.jpg', 49, '2018-11-30 23:52:30', '2018-11-30 23:52:30'),
(453, 'quidem', 'Dicta hic adipisci incidunt corporis. Occaecati velit porro architecto deserunt eum vero.', 10, 'unavailable', '3.jpg', 188, '2018-11-30 23:52:30', '2018-11-30 23:52:30'),
(454, 'officiis', 'Deserunt autem ipsam nesciunt deleniti numquam qui omnis. Est corporis aliquid quas rerum dignissimos.', 5, 'unavailable', '1.jpg', 90, '2018-11-30 23:52:30', '2018-11-30 23:52:30'),
(455, 'ut', 'Voluptatem vero et ex eum.', 1, 'unavailable', '3.jpg', 149, '2018-11-30 23:52:30', '2018-11-30 23:52:30'),
(456, 'ad', 'Non ipsam aliquid quidem sit impedit optio cum qui.', 3, 'available', '1.jpg', 150, '2018-11-30 23:52:30', '2018-11-30 23:52:30'),
(457, 'et', 'Tempore ducimus omnis accusantium voluptatibus dolores facilis qui. In laudantium quia saepe maxime dolor laboriosam soluta non.', 10, 'unavailable', '2.jpg', 199, '2018-11-30 23:52:30', '2018-11-30 23:52:30'),
(458, 'sequi', 'Aut temporibus repellendus aut ducimus sed consequatur qui. Assumenda veniam id consequatur sit quo.', 3, 'unavailable', '3.jpg', 7, '2018-11-30 23:52:30', '2018-11-30 23:52:30'),
(459, 'et', 'Dolorum numquam aliquam dolorum facilis fuga in. Et fugit inventore exercitationem quas recusandae enim.', 5, 'unavailable', '3.jpg', 53, '2018-11-30 23:52:30', '2018-11-30 23:52:30'),
(460, 'aut', 'Eius voluptatem magni et ducimus. Minus et repudiandae temporibus nemo rem.', 9, 'unavailable', '1.jpg', 3, '2018-11-30 23:52:30', '2018-11-30 23:52:30'),
(461, 'eos', 'Blanditiis architecto quas eos rerum at soluta aut. Vero consequatur assumenda corporis qui.', 6, 'unavailable', '3.jpg', 129, '2018-11-30 23:52:30', '2018-11-30 23:52:30'),
(462, 'quia', 'Voluptatem maiores sed error earum.', 6, 'unavailable', '3.jpg', 113, '2018-11-30 23:52:30', '2018-11-30 23:52:30'),
(463, 'libero', 'Et temporibus nisi reprehenderit corporis aut laboriosam est ea.', 8, 'available', '2.jpg', 30, '2018-11-30 23:52:30', '2018-11-30 23:52:30'),
(464, 'non', 'Inventore in placeat ab architecto molestias sit. Ut et aut vel quia ut.', 8, 'unavailable', '3.jpg', 22, '2018-11-30 23:52:30', '2018-11-30 23:52:30'),
(465, 'sed', 'Totam consectetur omnis cum et accusamus esse culpa incidunt.', 8, 'available', '2.jpg', 200, '2018-11-30 23:52:30', '2018-11-30 23:52:30'),
(466, 'velit', 'Voluptatem ipsum quae accusamus odit facilis autem dolores.', 6, 'unavailable', '3.jpg', 5, '2018-11-30 23:52:31', '2018-11-30 23:52:31'),
(467, 'modi', 'Laborum sint cumque enim quos iste.', 1, 'available', '3.jpg', 80, '2018-11-30 23:52:31', '2018-11-30 23:52:31'),
(468, 'voluptas', 'Officia ea assumenda quo est.', 3, 'unavailable', '2.jpg', 83, '2018-11-30 23:52:31', '2018-11-30 23:52:31'),
(469, 'sint', 'Iure id sapiente occaecati et ab esse nihil. Inventore quidem fuga vero temporibus sed excepturi.', 9, 'available', '3.jpg', 30, '2018-11-30 23:52:31', '2018-11-30 23:52:31'),
(470, 'consequatur', 'Expedita voluptate aut aliquam aut quis natus.', 3, 'unavailable', '1.jpg', 24, '2018-11-30 23:52:31', '2018-11-30 23:52:31'),
(471, 'consequatur', 'Minus voluptatem hic modi expedita.', 3, 'unavailable', '1.jpg', 65, '2018-11-30 23:52:31', '2018-11-30 23:52:31'),
(472, 'eum', 'Hic dicta qui iure facere.', 2, 'available', '3.jpg', 168, '2018-11-30 23:52:31', '2018-11-30 23:52:31'),
(473, 'quia', 'Totam vero recusandae delectus est ut qui eius.', 7, 'unavailable', '1.jpg', 181, '2018-11-30 23:52:31', '2018-11-30 23:52:31'),
(474, 'et', 'Aut repudiandae et exercitationem eveniet officiis. Odio aut rerum id velit laboriosam in accusantium.', 8, 'unavailable', '2.jpg', 45, '2018-11-30 23:52:31', '2018-11-30 23:52:31'),
(475, 'sint', 'Qui rem eligendi quaerat in expedita et ut. Nisi perspiciatis rerum quia fugit.', 7, 'unavailable', '3.jpg', 16, '2018-11-30 23:52:31', '2018-11-30 23:52:31'),
(476, 'iste', 'Molestias enim voluptatibus voluptates beatae accusantium rem voluptas. Quia expedita consequatur quidem dignissimos eaque sint quae nobis.', 4, 'unavailable', '2.jpg', 195, '2018-11-30 23:52:31', '2018-11-30 23:52:31'),
(477, 'doloremque', 'Praesentium quam similique qui illo aut.', 3, 'available', '1.jpg', 83, '2018-11-30 23:52:31', '2018-11-30 23:52:31'),
(478, 'voluptatem', 'Deserunt cupiditate aut sunt repellat sit eligendi vel.', 1, 'available', '2.jpg', 183, '2018-11-30 23:52:31', '2018-11-30 23:52:31'),
(479, 'ut', 'Velit optio quaerat commodi reprehenderit sequi. Ut consequatur vero in sunt rerum at natus.', 9, 'unavailable', '2.jpg', 25, '2018-11-30 23:52:31', '2018-11-30 23:52:31'),
(480, 'eos', 'Quas ea laudantium in aperiam numquam.', 6, 'available', '1.jpg', 173, '2018-11-30 23:52:31', '2018-11-30 23:52:31'),
(481, 'pariatur', 'Amet tenetur reprehenderit aut voluptas ut. Quibusdam quo suscipit sunt non.', 8, 'unavailable', '1.jpg', 33, '2018-11-30 23:52:31', '2018-11-30 23:52:31'),
(482, 'assumenda', 'Corporis illo atque quam eius.', 2, 'available', '3.jpg', 196, '2018-11-30 23:52:31', '2018-11-30 23:52:31'),
(483, 'sapiente', 'Nulla dolores quae ad illo aut laudantium.', 8, 'unavailable', '1.jpg', 173, '2018-11-30 23:52:31', '2018-11-30 23:52:31'),
(484, 'molestiae', 'Est fugiat rem fuga ut sit.', 4, 'unavailable', '2.jpg', 48, '2018-11-30 23:52:31', '2018-11-30 23:52:31'),
(485, 'aut', 'Eveniet voluptatibus unde culpa consequuntur.', 4, 'available', '1.jpg', 46, '2018-11-30 23:52:31', '2018-11-30 23:52:31'),
(486, 'autem', 'Est est et aperiam voluptatem animi ut. Est velit sint nihil fuga non molestiae in.', 7, 'available', '3.jpg', 32, '2018-11-30 23:52:31', '2018-11-30 23:52:31'),
(487, 'consequatur', 'Qui dolor repudiandae molestiae fugit repellat modi doloribus minus. Rem aliquid ex incidunt nihil necessitatibus.', 5, 'unavailable', '3.jpg', 36, '2018-11-30 23:52:31', '2018-11-30 23:52:31'),
(488, 'aut', 'Quas nihil optio velit. Ut est est cumque illo est corrupti distinctio.', 2, 'available', '1.jpg', 12, '2018-11-30 23:52:31', '2018-11-30 23:52:31'),
(489, 'laboriosam', 'Totam tempora est qui velit repellat enim sit ipsum. Tenetur quo iure quas culpa voluptatem aliquid ut quia.', 4, 'available', '2.jpg', 57, '2018-11-30 23:52:31', '2018-11-30 23:52:31'),
(490, 'quas', 'Odit molestiae voluptates debitis delectus quia.', 10, 'unavailable', '1.jpg', 199, '2018-11-30 23:52:31', '2018-11-30 23:52:31'),
(491, 'est', 'Eum accusantium qui est quia.', 9, 'unavailable', '3.jpg', 141, '2018-11-30 23:52:31', '2018-11-30 23:52:31'),
(492, 'consequatur', 'Animi ut enim dolores in dolores ipsam dicta ratione.', 5, 'available', '1.jpg', 64, '2018-11-30 23:52:32', '2018-11-30 23:52:32'),
(493, 'aliquam', 'Hic aut aut quo veniam est non repellendus.', 7, 'unavailable', '3.jpg', 115, '2018-11-30 23:52:32', '2018-11-30 23:52:32'),
(494, 'et', 'Voluptatem voluptate est ullam possimus laudantium aut non placeat. Ut nulla possimus illum reprehenderit maxime.', 3, 'available', '1.jpg', 47, '2018-11-30 23:52:32', '2018-11-30 23:52:32'),
(495, 'tempora', 'Molestiae vero tenetur beatae consectetur at dolor.', 10, 'unavailable', '2.jpg', 74, '2018-11-30 23:52:32', '2018-11-30 23:52:32'),
(496, 'quo', 'Molestias est totam eaque nostrum sint et.', 1, 'available', '1.jpg', 24, '2018-11-30 23:52:32', '2018-11-30 23:52:32'),
(497, 'aut', 'Voluptas impedit recusandae corrupti fugit. Ducimus occaecati quo doloremque in cum dignissimos.', 6, 'unavailable', '1.jpg', 113, '2018-11-30 23:52:32', '2018-11-30 23:52:32'),
(498, 'cum', 'Voluptatem est quis recusandae cum. Itaque eligendi et dolorum omnis mollitia.', 6, 'unavailable', '3.jpg', 11, '2018-11-30 23:52:32', '2018-11-30 23:52:32'),
(499, 'minima', 'Rem vel sed explicabo exercitationem.', 1, 'available', '3.jpg', 128, '2018-11-30 23:52:32', '2018-11-30 23:52:32'),
(500, 'voluptas', 'Voluptatum voluptatum eligendi libero molestiae est. Perspiciatis blanditiis asperiores et sed perferendis nobis.', 7, 'unavailable', '2.jpg', 25, '2018-11-30 23:52:32', '2018-11-30 23:52:32'),
(501, 'magni', 'Exercitationem illum mollitia consequatur recusandae saepe. Est assumenda corporis nisi tempora.', 3, 'available', '2.jpg', 51, '2018-11-30 23:52:32', '2018-11-30 23:52:32'),
(502, 'eos', 'Error quia quidem maxime praesentium.', 9, 'unavailable', '1.jpg', 153, '2018-11-30 23:52:32', '2018-11-30 23:52:32'),
(503, 'odit', 'Velit vel fuga quas repudiandae voluptate omnis ipsum.', 9, 'available', '2.jpg', 113, '2018-11-30 23:52:32', '2018-11-30 23:52:32'),
(504, 'aut', 'Iusto voluptates dolores nihil libero beatae consequatur.', 3, 'unavailable', '1.jpg', 81, '2018-11-30 23:52:32', '2018-11-30 23:52:32'),
(505, 'explicabo', 'Minus dolore non harum molestias incidunt recusandae. Suscipit repellendus sint non vel.', 5, 'unavailable', '3.jpg', 105, '2018-11-30 23:52:32', '2018-11-30 23:52:32'),
(506, 'magni', 'Enim quidem eum minus soluta est inventore deserunt.', 2, 'unavailable', '3.jpg', 133, '2018-11-30 23:52:32', '2018-11-30 23:52:32'),
(507, 'et', 'Nam sunt dolor rerum in vitae qui. Praesentium quia ea omnis ad velit culpa aliquam.', 4, 'unavailable', '1.jpg', 54, '2018-11-30 23:52:32', '2018-11-30 23:52:32'),
(508, 'tempora', 'Assumenda doloremque exercitationem occaecati fugiat.', 6, 'unavailable', '2.jpg', 71, '2018-11-30 23:52:32', '2018-11-30 23:52:32'),
(509, 'et', 'Numquam totam possimus illo. Et perspiciatis temporibus iure totam.', 10, 'unavailable', '2.jpg', 177, '2018-11-30 23:52:32', '2018-11-30 23:52:32'),
(510, 'id', 'Ut iste officia et laudantium modi. Et eveniet culpa est consequatur qui laboriosam nemo.', 2, 'available', '1.jpg', 192, '2018-11-30 23:52:32', '2018-11-30 23:52:32'),
(511, 'fugiat', 'Et soluta quibusdam suscipit quae dicta ut officia.', 9, 'available', '2.jpg', 190, '2018-11-30 23:52:32', '2018-11-30 23:52:32'),
(512, 'eligendi', 'Aspernatur libero omnis cumque fuga est. Sed dolor reprehenderit quas consequatur.', 1, 'unavailable', '1.jpg', 118, '2018-11-30 23:52:32', '2018-11-30 23:52:32'),
(513, 'veniam', 'Neque eos quos reiciendis.', 2, 'available', '1.jpg', 44, '2018-11-30 23:52:32', '2018-11-30 23:52:32'),
(514, 'cupiditate', 'Impedit architecto asperiores aliquam.', 8, 'unavailable', '3.jpg', 50, '2018-11-30 23:52:33', '2018-11-30 23:52:33'),
(515, 'repellendus', 'Iste unde exercitationem error non facilis sequi suscipit. Sed omnis officia tenetur sed animi distinctio est.', 7, 'unavailable', '2.jpg', 120, '2018-11-30 23:52:33', '2018-11-30 23:52:33'),
(516, 'velit', 'Voluptates necessitatibus quia quis ipsa sit.', 3, 'unavailable', '3.jpg', 75, '2018-11-30 23:52:33', '2018-11-30 23:52:33'),
(517, 'voluptatem', 'Voluptatem et iure maiores eum et suscipit aut. Corporis et sunt quae sequi minima distinctio non minima.', 6, 'unavailable', '1.jpg', 163, '2018-11-30 23:52:33', '2018-11-30 23:52:33'),
(518, 'eum', 'Ipsam nobis dolore placeat velit.', 2, 'available', '2.jpg', 108, '2018-11-30 23:52:33', '2018-11-30 23:52:33'),
(519, 'praesentium', 'Sunt inventore eum sed expedita delectus doloremque. Suscipit ex ea accusantium sunt dolores.', 7, 'unavailable', '1.jpg', 99, '2018-11-30 23:52:33', '2018-11-30 23:52:33'),
(520, 'ut', 'Esse quae perspiciatis unde et tenetur explicabo molestias.', 9, 'available', '1.jpg', 110, '2018-11-30 23:52:33', '2018-11-30 23:52:33'),
(521, 'velit', 'Voluptatum omnis est dolor ut iste quidem. Voluptas accusamus eligendi minima.', 6, 'available', '3.jpg', 187, '2018-11-30 23:52:33', '2018-11-30 23:52:33'),
(522, 'nostrum', 'Rerum ea odio exercitationem velit quod.', 1, 'available', '2.jpg', 55, '2018-11-30 23:52:33', '2018-11-30 23:52:33'),
(523, 'explicabo', 'Aperiam ut in omnis voluptatibus maxime quia.', 1, 'unavailable', '1.jpg', 109, '2018-11-30 23:52:33', '2018-11-30 23:52:33'),
(524, 'nihil', 'Aperiam perferendis hic nesciunt iusto non. Non ut dignissimos sunt eligendi.', 10, 'available', '3.jpg', 82, '2018-11-30 23:52:33', '2018-11-30 23:52:33'),
(525, 'perferendis', 'Et aut non ut est.', 2, 'unavailable', '2.jpg', 33, '2018-11-30 23:52:33', '2018-11-30 23:52:33'),
(526, 'eveniet', 'Dolor et sunt et maiores velit.', 5, 'unavailable', '1.jpg', 65, '2018-11-30 23:52:33', '2018-11-30 23:52:33'),
(527, 'atque', 'Voluptatibus culpa perferendis incidunt facere et dolorem.', 3, 'unavailable', '3.jpg', 200, '2018-11-30 23:52:33', '2018-11-30 23:52:33'),
(528, 'et', 'Excepturi similique placeat molestias ipsam pariatur officiis non. Eos delectus est iste quia adipisci quas debitis et.', 3, 'available', '3.jpg', 30, '2018-11-30 23:52:33', '2018-11-30 23:52:33'),
(529, 'voluptates', 'Ullam quibusdam voluptas doloribus. Cum commodi id esse et.', 9, 'available', '3.jpg', 60, '2018-11-30 23:52:33', '2018-11-30 23:52:33'),
(530, 'qui', 'Earum est et soluta inventore ut a. Commodi ratione eos ipsam est ratione.', 8, 'unavailable', '1.jpg', 82, '2018-11-30 23:52:33', '2018-11-30 23:52:33'),
(531, 'omnis', 'Amet voluptas odio asperiores.', 9, 'unavailable', '1.jpg', 99, '2018-11-30 23:52:33', '2018-11-30 23:52:33'),
(532, 'dolore', 'Fugit optio praesentium at dicta quia.', 1, 'available', '1.jpg', 46, '2018-11-30 23:52:33', '2018-11-30 23:52:33'),
(533, 'ut', 'Tempora eaque veritatis qui est omnis ut. Reiciendis et natus optio nostrum blanditiis.', 7, 'unavailable', '2.jpg', 10, '2018-11-30 23:52:33', '2018-11-30 23:52:33'),
(534, 'voluptates', 'Enim quia eveniet animi quia soluta.', 2, 'unavailable', '3.jpg', 185, '2018-11-30 23:52:33', '2018-11-30 23:52:33'),
(535, 'autem', 'Dolores dignissimos quis porro ad a sit. Eveniet quas consequatur voluptatem.', 6, 'available', '3.jpg', 71, '2018-11-30 23:52:34', '2018-11-30 23:52:34'),
(536, 'et', 'Fugit quos quasi eos blanditiis.', 9, 'unavailable', '1.jpg', 100, '2018-11-30 23:52:34', '2018-11-30 23:52:34'),
(537, 'illum', 'Repellendus esse sint dolorum quibusdam laborum velit qui.', 1, 'unavailable', '3.jpg', 139, '2018-11-30 23:52:34', '2018-11-30 23:52:34'),
(538, 'accusantium', 'A delectus in nemo sapiente dolore non. Qui eos corporis est nesciunt eum debitis sint assumenda.', 7, 'available', '3.jpg', 28, '2018-11-30 23:52:34', '2018-11-30 23:52:34'),
(539, 'et', 'Et eos quae maiores omnis quia ut ut. Qui nostrum porro esse occaecati qui.', 10, 'available', '3.jpg', 192, '2018-11-30 23:52:34', '2018-11-30 23:52:34'),
(540, 'sunt', 'Consequuntur molestiae quia sed commodi est.', 8, 'available', '3.jpg', 156, '2018-11-30 23:52:34', '2018-11-30 23:52:34'),
(541, 'sed', 'In dolorem quis animi rem assumenda similique rerum.', 10, 'unavailable', '2.jpg', 99, '2018-11-30 23:52:34', '2018-11-30 23:52:34'),
(542, 'a', 'Rerum error qui in voluptatem dolore dolor.', 4, 'available', '1.jpg', 59, '2018-11-30 23:52:34', '2018-11-30 23:52:34'),
(543, 'quibusdam', 'Quia hic quod consequuntur incidunt.', 9, 'available', '1.jpg', 106, '2018-11-30 23:52:34', '2018-11-30 23:52:34'),
(544, 'deleniti', 'Unde recusandae ea dolor sunt.', 5, 'available', '3.jpg', 164, '2018-11-30 23:52:34', '2018-11-30 23:52:34'),
(545, 'porro', 'Doloribus repudiandae animi fugit optio natus aut. Optio impedit eligendi qui et.', 3, 'unavailable', '3.jpg', 102, '2018-11-30 23:52:34', '2018-11-30 23:52:34'),
(546, 'non', 'Aliquam ex nihil fuga.', 3, 'unavailable', '3.jpg', 2, '2018-11-30 23:52:34', '2018-11-30 23:52:34'),
(547, 'doloremque', 'Magnam quam occaecati harum est quo rerum et. Corporis doloremque dolores dicta est eveniet non rerum.', 6, 'available', '2.jpg', 136, '2018-11-30 23:52:34', '2018-11-30 23:52:34'),
(548, 'vero', 'Earum quia quia iure ad.', 8, 'available', '2.jpg', 151, '2018-11-30 23:52:34', '2018-11-30 23:52:34'),
(549, 'quis', 'Et unde praesentium optio blanditiis nihil voluptatibus quia. Rem eum atque voluptate dolores error.', 10, 'available', '1.jpg', 36, '2018-11-30 23:52:34', '2018-11-30 23:52:34'),
(550, 'aperiam', 'Dolor architecto voluptas omnis incidunt deleniti vel. Excepturi quibusdam corporis eligendi dolor placeat.', 6, 'unavailable', '3.jpg', 107, '2018-11-30 23:52:34', '2018-11-30 23:52:34'),
(551, 'modi', 'In dolorum aut aut cum ut earum.', 10, 'unavailable', '2.jpg', 111, '2018-11-30 23:52:34', '2018-11-30 23:52:34'),
(552, 'neque', 'In et repudiandae vel maiores eum.', 10, 'available', '1.jpg', 54, '2018-11-30 23:52:34', '2018-11-30 23:52:34'),
(553, 'beatae', 'Officia et dolor sed illo qui.', 8, 'unavailable', '3.jpg', 94, '2018-11-30 23:52:34', '2018-11-30 23:52:34'),
(554, 'et', 'At nihil sit excepturi expedita doloremque. Temporibus ut recusandae ut aliquam inventore tenetur.', 4, 'unavailable', '1.jpg', 155, '2018-11-30 23:52:34', '2018-11-30 23:52:34'),
(555, 'eum', 'Sint quasi error dicta provident.', 2, 'unavailable', '3.jpg', 146, '2018-11-30 23:52:34', '2018-11-30 23:52:34'),
(556, 'et', 'Odio soluta sed sunt ea et architecto. Molestiae exercitationem accusamus vel vero asperiores.', 2, 'unavailable', '2.jpg', 37, '2018-11-30 23:52:35', '2018-11-30 23:52:35'),
(557, 'ut', 'Illum consequatur consequuntur delectus qui eum et. Aut consequatur dolor in recusandae dignissimos ullam.', 2, 'available', '2.jpg', 188, '2018-11-30 23:52:35', '2018-11-30 23:52:35'),
(558, 'voluptatem', 'Ea neque fugit nisi cupiditate sed.', 10, 'available', '1.jpg', 193, '2018-11-30 23:52:35', '2018-11-30 23:52:35'),
(559, 'omnis', 'Repudiandae laudantium voluptatem ea molestiae dolores. Ea qui nisi aut omnis dolor quia.', 2, 'unavailable', '2.jpg', 37, '2018-11-30 23:52:35', '2018-11-30 23:52:35'),
(560, 'voluptas', 'Est voluptatem autem voluptatibus nam quis. Possimus error quo saepe aut aut.', 8, 'unavailable', '2.jpg', 142, '2018-11-30 23:52:35', '2018-11-30 23:52:35'),
(561, 'est', 'Velit veniam sint earum.', 10, 'available', '1.jpg', 81, '2018-11-30 23:52:35', '2018-11-30 23:52:35'),
(562, 'dolore', 'Qui dignissimos eveniet consequuntur animi nesciunt debitis mollitia.', 3, 'unavailable', '3.jpg', 23, '2018-11-30 23:52:35', '2018-11-30 23:52:35'),
(563, 'assumenda', 'Id accusantium impedit nihil porro veniam quisquam in rem. Cum aut autem inventore magnam voluptatem et deserunt nam.', 2, 'available', '1.jpg', 41, '2018-11-30 23:52:35', '2018-11-30 23:52:35'),
(564, 'vel', 'Odit accusamus non repellendus rerum vel. Ipsa molestiae illo totam consequatur.', 5, 'unavailable', '1.jpg', 153, '2018-11-30 23:52:35', '2018-11-30 23:52:35'),
(565, 'nihil', 'Facere ad blanditiis qui libero sit ipsum vitae.', 7, 'unavailable', '3.jpg', 169, '2018-11-30 23:52:35', '2018-11-30 23:52:35'),
(566, 'doloribus', 'Dolor aliquid in illum nulla magni totam dolorem. At temporibus dolor illum rerum numquam.', 7, 'available', '1.jpg', 20, '2018-11-30 23:52:35', '2018-11-30 23:52:35'),
(567, 'voluptate', 'Eligendi animi non qui ipsa repudiandae sunt dignissimos.', 9, 'unavailable', '3.jpg', 8, '2018-11-30 23:52:35', '2018-11-30 23:52:35'),
(568, 'eius', 'Error totam omnis occaecati voluptas consequatur. Expedita sunt sed sed rerum distinctio earum.', 2, 'available', '3.jpg', 9, '2018-11-30 23:52:35', '2018-11-30 23:52:35'),
(569, 'voluptate', 'Error et quisquam fuga aut et rerum. Rerum nemo ratione consequatur velit voluptatem dolores provident.', 1, 'available', '3.jpg', 24, '2018-11-30 23:52:35', '2018-11-30 23:52:35'),
(570, 'consequatur', 'Modi labore animi hic enim. Nobis consequatur aut quis.', 10, 'available', '1.jpg', 109, '2018-11-30 23:52:35', '2018-11-30 23:52:35'),
(571, 'enim', 'Consequuntur nemo quisquam perferendis quia expedita doloribus.', 9, 'available', '2.jpg', 169, '2018-11-30 23:52:35', '2018-11-30 23:52:35'),
(572, 'sapiente', 'Rerum error cupiditate doloremque qui tempore quas asperiores.', 10, 'available', '3.jpg', 193, '2018-11-30 23:52:35', '2018-11-30 23:52:35'),
(573, 'nobis', 'Voluptatem est sit ab repellat est eos ut.', 2, 'unavailable', '3.jpg', 67, '2018-11-30 23:52:35', '2018-11-30 23:52:35'),
(574, 'esse', 'Consequatur cupiditate minus facilis.', 3, 'available', '2.jpg', 143, '2018-11-30 23:52:35', '2018-11-30 23:52:35'),
(575, 'libero', 'Mollitia odio facere molestiae vitae et.', 1, 'unavailable', '2.jpg', 133, '2018-11-30 23:52:35', '2018-11-30 23:52:35'),
(576, 'itaque', 'Cumque ut nesciunt alias facere sed ducimus.', 4, 'available', '2.jpg', 127, '2018-11-30 23:52:35', '2018-11-30 23:52:35'),
(577, 'dignissimos', 'Amet reiciendis similique aut ea repellendus. Consequatur vero esse architecto facilis.', 9, 'available', '1.jpg', 40, '2018-11-30 23:52:36', '2018-11-30 23:52:36'),
(578, 'quia', 'Dicta dolorum saepe et aliquam illum est. Beatae dolore tempore illo cupiditate nisi impedit doloribus.', 5, 'available', '3.jpg', 75, '2018-11-30 23:52:36', '2018-11-30 23:52:36'),
(579, 'cupiditate', 'Eveniet enim autem quo ut laudantium nobis dolore. Ad molestiae optio mollitia.', 4, 'available', '1.jpg', 172, '2018-11-30 23:52:36', '2018-11-30 23:52:36'),
(580, 'facilis', 'Eveniet saepe odio quisquam sit atque. Nemo voluptatum est aspernatur autem reprehenderit animi et.', 3, 'available', '2.jpg', 62, '2018-11-30 23:52:36', '2018-11-30 23:52:36'),
(581, 'velit', 'Iure dignissimos laborum a dolorem.', 7, 'available', '1.jpg', 120, '2018-11-30 23:52:36', '2018-11-30 23:52:36'),
(582, 'ex', 'Explicabo animi recusandae voluptatem et autem sit harum.', 3, 'available', '2.jpg', 96, '2018-11-30 23:52:36', '2018-11-30 23:52:36'),
(583, 'magnam', 'Voluptatem eaque magnam sed nihil aut.', 7, 'available', '1.jpg', 49, '2018-11-30 23:52:36', '2018-11-30 23:52:36'),
(584, 'enim', 'Dolorum eius quia quia iure earum. Ipsam consequatur provident quos fugit voluptas tempora.', 9, 'available', '1.jpg', 60, '2018-11-30 23:52:36', '2018-11-30 23:52:36'),
(585, 'tenetur', 'Et tenetur fuga sed quis labore assumenda eos assumenda. Qui adipisci ullam tempora soluta maxime.', 7, 'available', '2.jpg', 144, '2018-11-30 23:52:36', '2018-11-30 23:52:36'),
(586, 'dolorum', 'Qui ea provident iusto aut quas.', 3, 'unavailable', '3.jpg', 35, '2018-11-30 23:52:36', '2018-11-30 23:52:36'),
(587, 'commodi', 'Rerum repellendus ea eius.', 10, 'unavailable', '1.jpg', 106, '2018-11-30 23:52:36', '2018-11-30 23:52:36'),
(588, 'odit', 'Dicta sunt rerum eius voluptas qui quia non corporis. Voluptas eum cumque laudantium odio ullam aut.', 9, 'unavailable', '3.jpg', 81, '2018-11-30 23:52:36', '2018-11-30 23:52:36'),
(589, 'omnis', 'Modi quia dignissimos quo eos tenetur vel.', 3, 'available', '2.jpg', 66, '2018-11-30 23:52:36', '2018-11-30 23:52:36'),
(590, 'sunt', 'Velit assumenda natus provident hic officiis. Id necessitatibus ut perspiciatis.', 2, 'unavailable', '3.jpg', 15, '2018-11-30 23:52:36', '2018-11-30 23:52:36'),
(591, 'quia', 'Et omnis quis quo sit vel. Ut qui error nobis id impedit aut ducimus illo.', 10, 'available', '1.jpg', 97, '2018-11-30 23:52:36', '2018-11-30 23:52:36'),
(592, 'rerum', 'Ducimus consectetur quaerat ut reprehenderit temporibus omnis. Vitae et ut nostrum.', 1, 'available', '2.jpg', 51, '2018-11-30 23:52:36', '2018-11-30 23:52:36'),
(593, 'sed', 'Maxime consequatur quibusdam quas quasi.', 8, 'unavailable', '3.jpg', 82, '2018-11-30 23:52:36', '2018-11-30 23:52:36'),
(594, 'ipsum', 'Quia omnis quo perferendis delectus libero et praesentium.', 4, 'unavailable', '3.jpg', 172, '2018-11-30 23:52:36', '2018-11-30 23:52:36'),
(595, 'quia', 'Et quaerat id veniam corporis et.', 7, 'available', '3.jpg', 40, '2018-11-30 23:52:37', '2018-11-30 23:52:37'),
(596, 'aut', 'In et quos quia quis doloremque. Velit vel architecto tempore.', 3, 'available', '2.jpg', 9, '2018-11-30 23:52:37', '2018-11-30 23:52:37'),
(597, 'eius', 'Consequatur rerum tempora dicta dolorum totam illum.', 3, 'unavailable', '2.jpg', 33, '2018-11-30 23:52:37', '2018-11-30 23:52:37'),
(598, 'ut', 'Cupiditate perspiciatis laudantium illo sequi soluta suscipit. Illum eum quis quae iure itaque et tempore.', 8, 'unavailable', '1.jpg', 122, '2018-11-30 23:52:37', '2018-11-30 23:52:37'),
(599, 'maiores', 'Ipsa molestiae voluptatum totam. Cupiditate iusto facere eos repudiandae a porro nostrum.', 1, 'available', '3.jpg', 43, '2018-11-30 23:52:37', '2018-11-30 23:52:37'),
(600, 'aut', 'Deleniti atque tempore ea doloribus. Et voluptatem ea quaerat dolorem.', 7, 'unavailable', '1.jpg', 103, '2018-11-30 23:52:37', '2018-11-30 23:52:37'),
(601, 'dolores', 'Voluptas repudiandae est non rerum magni ab dolorem. At fuga tempora ut.', 7, 'available', '1.jpg', 149, '2018-11-30 23:52:37', '2018-11-30 23:52:37'),
(602, 'labore', 'Facilis consequatur et dolorum officiis voluptatem.', 8, 'unavailable', '3.jpg', 43, '2018-11-30 23:52:37', '2018-11-30 23:52:37'),
(603, 'praesentium', 'Et sit porro exercitationem dolorem libero.', 6, 'available', '1.jpg', 182, '2018-11-30 23:52:37', '2018-11-30 23:52:37'),
(604, 'nihil', 'Velit repellendus occaecati vitae aut voluptatem magni. Dolores laboriosam amet labore autem modi recusandae.', 7, 'available', '3.jpg', 77, '2018-11-30 23:52:37', '2018-11-30 23:52:37'),
(605, 'voluptates', 'Magni dolores necessitatibus voluptate dolore repellat qui corporis voluptatem. Praesentium ut aspernatur odio consequatur aut voluptates.', 3, 'unavailable', '3.jpg', 11, '2018-11-30 23:52:37', '2018-11-30 23:52:37'),
(606, 'sed', 'Vitae sunt quam ut consectetur id consequatur pariatur. Ut dolores voluptatem vel mollitia omnis.', 3, 'available', '3.jpg', 51, '2018-11-30 23:52:37', '2018-11-30 23:52:37'),
(607, 'provident', 'Aperiam et blanditiis libero nihil pariatur dignissimos.', 6, 'unavailable', '3.jpg', 171, '2018-11-30 23:52:37', '2018-11-30 23:52:37'),
(608, 'explicabo', 'Voluptas sequi sed sit sunt accusantium est repellendus et.', 4, 'available', '3.jpg', 48, '2018-11-30 23:52:37', '2018-11-30 23:52:37'),
(609, 'minus', 'Laboriosam sit cum qui velit. Id ut vel dolorem a voluptatibus.', 10, 'available', '2.jpg', 44, '2018-11-30 23:52:37', '2018-11-30 23:52:37'),
(610, 'quo', 'Qui eum et eos dignissimos tenetur.', 9, 'available', '1.jpg', 136, '2018-11-30 23:52:37', '2018-11-30 23:52:37'),
(611, 'autem', 'Reprehenderit quia et commodi dolorem officia atque. Accusantium id reprehenderit quia quas incidunt inventore.', 1, 'unavailable', '2.jpg', 34, '2018-11-30 23:52:37', '2018-11-30 23:52:37'),
(612, 'aut', 'Nisi tenetur iste reprehenderit veritatis illum aut ipsam enim.', 4, 'unavailable', '2.jpg', 108, '2018-11-30 23:52:37', '2018-11-30 23:52:37'),
(613, 'architecto', 'Velit nemo et excepturi nihil perspiciatis sint et.', 3, 'unavailable', '3.jpg', 115, '2018-11-30 23:52:37', '2018-11-30 23:52:37'),
(614, 'tempore', 'Nisi iure dolorem dolorem est accusamus sed reiciendis illum.', 4, 'unavailable', '2.jpg', 34, '2018-11-30 23:52:37', '2018-11-30 23:52:37'),
(615, 'quae', 'Quam officia sint sit incidunt quisquam saepe ducimus. Sunt adipisci nihil ipsum officia officia.', 2, 'unavailable', '1.jpg', 148, '2018-11-30 23:52:37', '2018-11-30 23:52:37'),
(616, 'praesentium', 'Voluptatem ducimus maxime qui vero.', 2, 'available', '2.jpg', 166, '2018-11-30 23:52:38', '2018-11-30 23:52:38'),
(617, 'aspernatur', 'Quo dolorem mollitia at cupiditate ipsum.', 7, 'available', '1.jpg', 151, '2018-11-30 23:52:38', '2018-11-30 23:52:38'),
(618, 'soluta', 'In assumenda in officiis illum.', 1, 'available', '3.jpg', 182, '2018-11-30 23:52:38', '2018-11-30 23:52:38'),
(619, 'commodi', 'Neque maiores odit dolorum natus nam.', 6, 'available', '3.jpg', 163, '2018-11-30 23:52:38', '2018-11-30 23:52:38');
INSERT INTO `products` (`id`, `name`, `description`, `quantity`, `status`, `image`, `seller_id`, `created_at`, `updated_at`) VALUES
(620, 'soluta', 'Eaque facilis architecto sit suscipit.', 3, 'unavailable', '3.jpg', 26, '2018-11-30 23:52:38', '2018-11-30 23:52:38'),
(621, 'qui', 'Hic magnam harum delectus architecto assumenda.', 9, 'available', '3.jpg', 94, '2018-11-30 23:52:38', '2018-11-30 23:52:38'),
(622, 'dolores', 'Aut praesentium iusto rem possimus quidem blanditiis.', 2, 'unavailable', '2.jpg', 109, '2018-11-30 23:52:38', '2018-11-30 23:52:38'),
(623, 'suscipit', 'Sint qui non dolorem nulla dolore et asperiores.', 8, 'available', '2.jpg', 14, '2018-11-30 23:52:38', '2018-11-30 23:52:38'),
(624, 'sunt', 'Aut non corrupti suscipit aliquid in.', 7, 'unavailable', '1.jpg', 13, '2018-11-30 23:52:38', '2018-11-30 23:52:38'),
(625, 'sequi', 'Ut quam at officiis incidunt eos ipsum. Labore repellendus quis delectus beatae illo eos inventore necessitatibus.', 8, 'available', '1.jpg', 133, '2018-11-30 23:52:38', '2018-11-30 23:52:38'),
(626, 'fugiat', 'Ea nihil voluptas vero et voluptatum sequi. Aut repellat ducimus est qui molestiae maxime.', 5, 'available', '3.jpg', 89, '2018-11-30 23:52:38', '2018-11-30 23:52:38'),
(627, 'laborum', 'Doloribus atque iure eos praesentium aperiam.', 9, 'unavailable', '2.jpg', 199, '2018-11-30 23:52:38', '2018-11-30 23:52:38'),
(628, 'enim', 'Laudantium voluptatem est sit perspiciatis vel accusamus. Qui eos voluptatum error nisi atque ut.', 3, 'unavailable', '2.jpg', 161, '2018-11-30 23:52:38', '2018-11-30 23:52:38'),
(629, 'natus', 'Omnis cumque molestias accusamus libero quidem sit.', 5, 'unavailable', '2.jpg', 6, '2018-11-30 23:52:38', '2018-11-30 23:52:38'),
(630, 'iste', 'Itaque ut tempore qui harum omnis.', 7, 'unavailable', '3.jpg', 126, '2018-11-30 23:52:38', '2018-11-30 23:52:38'),
(631, 'qui', 'Dolorem rerum laboriosam nihil blanditiis harum.', 6, 'available', '3.jpg', 130, '2018-11-30 23:52:38', '2018-11-30 23:52:38'),
(632, 'eius', 'Veritatis sed aperiam ea similique numquam.', 10, 'unavailable', '1.jpg', 17, '2018-11-30 23:52:38', '2018-11-30 23:52:38'),
(633, 'quia', 'Enim hic quia voluptatem vel expedita vero nemo. Mollitia quas culpa necessitatibus sed aut recusandae.', 10, 'available', '1.jpg', 35, '2018-11-30 23:52:38', '2018-11-30 23:52:38'),
(634, 'architecto', 'Voluptas quis animi ut nostrum quisquam atque. Sed illo et aut voluptatem error quod.', 2, 'available', '3.jpg', 88, '2018-11-30 23:52:38', '2018-11-30 23:52:38'),
(635, 'sit', 'Ullam nobis impedit sit nobis qui et quo. Illum ipsum fuga suscipit maiores et libero voluptas.', 2, 'unavailable', '1.jpg', 64, '2018-11-30 23:52:38', '2018-11-30 23:52:38'),
(636, 'quia', 'Beatae eum voluptate officia fugit.', 2, 'available', '1.jpg', 53, '2018-11-30 23:52:38', '2018-11-30 23:52:38'),
(637, 'repellat', 'Ut ex voluptas debitis voluptatem.', 8, 'available', '1.jpg', 68, '2018-11-30 23:52:38', '2018-11-30 23:52:38'),
(638, 'doloribus', 'Sint aut nostrum eveniet omnis. Eos molestiae sit enim natus.', 1, 'available', '1.jpg', 133, '2018-11-30 23:52:39', '2018-11-30 23:52:39'),
(639, 'sunt', 'Dolores perferendis sit voluptatem.', 3, 'unavailable', '2.jpg', 43, '2018-11-30 23:52:39', '2018-11-30 23:52:39'),
(640, 'nihil', 'Qui et non enim dolor quidem voluptatibus exercitationem.', 8, 'unavailable', '1.jpg', 82, '2018-11-30 23:52:39', '2018-11-30 23:52:39'),
(641, 'dolorem', 'Iste excepturi quia enim eos sequi. Odit laudantium accusantium enim consequatur exercitationem repellendus numquam iste.', 9, 'unavailable', '3.jpg', 75, '2018-11-30 23:52:39', '2018-11-30 23:52:39'),
(642, 'deleniti', 'Quam repellat error ea vel soluta. Ut consequuntur sunt repellendus dignissimos.', 2, 'unavailable', '2.jpg', 44, '2018-11-30 23:52:39', '2018-11-30 23:52:39'),
(643, 'consequatur', 'Id harum incidunt sit quisquam. Voluptatem dignissimos at sint quibusdam delectus eius est.', 8, 'available', '1.jpg', 16, '2018-11-30 23:52:39', '2018-11-30 23:52:39'),
(644, 'laborum', 'Quis eos aut mollitia illum non fugiat. Quae quo dolores veritatis.', 9, 'available', '1.jpg', 123, '2018-11-30 23:52:39', '2018-11-30 23:52:39'),
(645, 'deserunt', 'Aut iusto earum voluptatem occaecati dignissimos. Quia nobis vitae modi cupiditate magni ex doloremque.', 4, 'available', '3.jpg', 105, '2018-11-30 23:52:39', '2018-11-30 23:52:39'),
(646, 'molestiae', 'Modi nisi et iure tempore animi.', 4, 'unavailable', '1.jpg', 27, '2018-11-30 23:52:39', '2018-11-30 23:52:39'),
(647, 'id', 'Eos qui eligendi necessitatibus aut molestiae culpa. Ut quis reprehenderit id sint asperiores dolor ducimus.', 4, 'available', '2.jpg', 150, '2018-11-30 23:52:39', '2018-11-30 23:52:39'),
(648, 'sed', 'Eos adipisci quae sint repellendus cupiditate ipsum corrupti. Non pariatur neque assumenda.', 8, 'available', '3.jpg', 4, '2018-11-30 23:52:39', '2018-11-30 23:52:39'),
(649, 'nobis', 'Dolorem qui minima quaerat voluptas ut. Temporibus nostrum fugit quisquam enim non fugiat dolorem.', 4, 'unavailable', '3.jpg', 192, '2018-11-30 23:52:39', '2018-11-30 23:52:39'),
(650, 'inventore', 'Quae eveniet mollitia similique ut a voluptatibus. Minus tempore magnam possimus velit voluptatem debitis est.', 3, 'available', '1.jpg', 127, '2018-11-30 23:52:39', '2018-11-30 23:52:39'),
(651, 'hic', 'Ipsum et earum pariatur sit et et quae iusto. Perferendis eos minus suscipit et veritatis.', 3, 'unavailable', '3.jpg', 28, '2018-11-30 23:52:39', '2018-11-30 23:52:39'),
(652, 'adipisci', 'Natus ut velit ab laboriosam.', 3, 'available', '2.jpg', 93, '2018-11-30 23:52:39', '2018-11-30 23:52:39'),
(653, 'quo', 'Cum eligendi eius nisi unde aut velit minus. Sed corrupti facilis consequatur voluptate dolorem eligendi natus voluptatem.', 1, 'available', '2.jpg', 43, '2018-11-30 23:52:39', '2018-11-30 23:52:39'),
(654, 'et', 'Iste unde pariatur quia aspernatur ipsam nobis. Cupiditate fuga qui sed voluptatem doloribus autem.', 7, 'unavailable', '2.jpg', 59, '2018-11-30 23:52:39', '2018-11-30 23:52:39'),
(655, 'repudiandae', 'Unde assumenda sequi dolores. Autem expedita fuga qui.', 8, 'available', '1.jpg', 9, '2018-11-30 23:52:39', '2018-11-30 23:52:39'),
(656, 'fugiat', 'Molestiae quae voluptatem quia.', 5, 'unavailable', '1.jpg', 31, '2018-11-30 23:52:39', '2018-11-30 23:52:39'),
(657, 'ut', 'Nobis saepe placeat aut iusto corrupti asperiores rerum. Nesciunt modi accusamus eius voluptas amet quos.', 9, 'available', '3.jpg', 48, '2018-11-30 23:52:40', '2018-11-30 23:52:40'),
(658, 'quisquam', 'Reiciendis non eum aperiam excepturi velit.', 5, 'unavailable', '1.jpg', 50, '2018-11-30 23:52:40', '2018-11-30 23:52:40'),
(659, 'debitis', 'Doloremque voluptate deleniti assumenda sit.', 2, 'available', '2.jpg', 180, '2018-11-30 23:52:40', '2018-11-30 23:52:40'),
(660, 'officiis', 'Cum voluptas et aperiam velit velit sed quis.', 10, 'unavailable', '1.jpg', 6, '2018-11-30 23:52:40', '2018-11-30 23:52:40'),
(661, 'enim', 'Fugiat repudiandae illo ut qui eligendi quas. In cum cumque atque animi dicta unde.', 10, 'available', '2.jpg', 10, '2018-11-30 23:52:40', '2018-11-30 23:52:40'),
(662, 'fugit', 'Corporis natus eos molestiae cumque eius voluptate sequi. Beatae accusantium eveniet sit.', 4, 'available', '1.jpg', 98, '2018-11-30 23:52:40', '2018-11-30 23:52:40'),
(663, 'doloremque', 'Pariatur officiis fugiat doloribus voluptatem tenetur.', 6, 'unavailable', '1.jpg', 18, '2018-11-30 23:52:40', '2018-11-30 23:52:40'),
(664, 'laudantium', 'Velit voluptas suscipit et impedit esse voluptatem et molestiae.', 6, 'available', '2.jpg', 26, '2018-11-30 23:52:40', '2018-11-30 23:52:40'),
(665, 'deleniti', 'Repudiandae enim quia cupiditate repudiandae.', 7, 'unavailable', '1.jpg', 53, '2018-11-30 23:52:40', '2018-11-30 23:52:40'),
(666, 'doloremque', 'Vel reprehenderit doloremque qui molestias et vero ut. Aut voluptatem et aut facilis non aut enim.', 5, 'unavailable', '2.jpg', 14, '2018-11-30 23:52:40', '2018-11-30 23:52:40'),
(667, 'eos', 'Eos suscipit qui et dicta sequi. Non esse itaque veritatis non ut.', 9, 'unavailable', '1.jpg', 11, '2018-11-30 23:52:40', '2018-11-30 23:52:40'),
(668, 'voluptatum', 'Nostrum distinctio repellat similique possimus iusto autem. Cupiditate sit in beatae qui rem assumenda.', 1, 'available', '3.jpg', 128, '2018-11-30 23:52:40', '2018-11-30 23:52:40'),
(669, 'nam', 'Architecto ut consequatur non. Debitis laboriosam sit deleniti dolore sint vel provident.', 6, 'available', '1.jpg', 62, '2018-11-30 23:52:40', '2018-11-30 23:52:40'),
(670, 'qui', 'Quo ex fugiat aperiam cupiditate.', 8, 'unavailable', '2.jpg', 199, '2018-11-30 23:52:40', '2018-11-30 23:52:40'),
(671, 'qui', 'Ullam nostrum fuga voluptatem praesentium labore qui.', 10, 'available', '1.jpg', 93, '2018-11-30 23:52:40', '2018-11-30 23:52:40'),
(672, 'architecto', 'Doloribus vel qui doloremque id molestias. Vitae cupiditate at facilis vel.', 4, 'available', '1.jpg', 142, '2018-11-30 23:52:40', '2018-11-30 23:52:40'),
(673, 'molestiae', 'Odit sed saepe laborum culpa incidunt maxime. Sed voluptatem commodi est quis est dolores.', 7, 'unavailable', '1.jpg', 170, '2018-11-30 23:52:40', '2018-11-30 23:52:40'),
(674, 'non', 'Iusto ab provident et aperiam.', 8, 'available', '1.jpg', 42, '2018-11-30 23:52:40', '2018-11-30 23:52:40'),
(675, 'temporibus', 'Nisi non sapiente qui consequuntur quibusdam. Quis corrupti eos et tempora corrupti delectus velit.', 10, 'unavailable', '3.jpg', 108, '2018-11-30 23:52:40', '2018-11-30 23:52:40'),
(676, 'et', 'Laudantium qui non laudantium qui ut. Officiis quia minima ex et.', 4, 'unavailable', '3.jpg', 48, '2018-11-30 23:52:40', '2018-11-30 23:52:40'),
(677, 'quia', 'Aut ut id ut enim quae itaque.', 10, 'unavailable', '3.jpg', 132, '2018-11-30 23:52:40', '2018-11-30 23:52:40'),
(678, 'quibusdam', 'Aut sint quam accusantium et et non ea itaque.', 10, 'unavailable', '2.jpg', 89, '2018-11-30 23:52:41', '2018-11-30 23:52:41'),
(679, 'explicabo', 'Delectus ducimus occaecati culpa molestiae eveniet enim. Quia qui ut odit occaecati beatae magnam nemo dignissimos.', 10, 'available', '2.jpg', 96, '2018-11-30 23:52:41', '2018-11-30 23:52:41'),
(680, 'velit', 'Quos totam et ipsum. Id voluptatem est eveniet distinctio itaque quia consequatur.', 10, 'unavailable', '1.jpg', 9, '2018-11-30 23:52:41', '2018-11-30 23:52:41'),
(681, 'quia', 'Non molestiae sit excepturi possimus maiores.', 8, 'available', '2.jpg', 71, '2018-11-30 23:52:41', '2018-11-30 23:52:41'),
(682, 'animi', 'Quo non aut recusandae iure fuga est aut rem.', 9, 'unavailable', '1.jpg', 93, '2018-11-30 23:52:41', '2018-11-30 23:52:41'),
(683, 'sed', 'Sit natus perferendis autem aut nemo nihil dicta. Ut dolores velit qui quisquam vitae vel quia.', 2, 'unavailable', '2.jpg', 45, '2018-11-30 23:52:41', '2018-11-30 23:52:41'),
(684, 'quam', 'Corporis consequatur nemo quo sit.', 1, 'available', '1.jpg', 113, '2018-11-30 23:52:41', '2018-11-30 23:52:41'),
(685, 'odit', 'Quae et aperiam adipisci nemo. Est libero omnis quas beatae sit impedit.', 9, 'available', '2.jpg', 144, '2018-11-30 23:52:41', '2018-11-30 23:52:41'),
(686, 'mollitia', 'Nam pariatur dolor et recusandae consectetur. Et necessitatibus esse fugit est sit nostrum quam.', 7, 'unavailable', '3.jpg', 10, '2018-11-30 23:52:41', '2018-11-30 23:52:41'),
(687, 'maiores', 'Et reprehenderit nostrum ut doloremque iure cupiditate non et.', 1, 'available', '1.jpg', 163, '2018-11-30 23:52:41', '2018-11-30 23:52:41'),
(688, 'dolores', 'Veritatis magni maiores blanditiis maxime.', 5, 'available', '1.jpg', 92, '2018-11-30 23:52:41', '2018-11-30 23:52:41'),
(689, 'ipsam', 'Omnis nulla quia voluptatem ab sed quisquam.', 2, 'available', '1.jpg', 91, '2018-11-30 23:52:41', '2018-11-30 23:52:41'),
(690, 'non', 'Neque fugit cum laborum nam soluta. Molestias vitae eveniet atque expedita totam.', 2, 'available', '1.jpg', 33, '2018-11-30 23:52:41', '2018-11-30 23:52:41'),
(691, 'occaecati', 'Ut amet numquam accusantium voluptatem voluptatem.', 10, 'unavailable', '2.jpg', 187, '2018-11-30 23:52:41', '2018-11-30 23:52:41'),
(692, 'officia', 'Vel facilis exercitationem soluta rerum ea. Rem odio eligendi exercitationem voluptatem harum esse ut.', 6, 'unavailable', '1.jpg', 7, '2018-11-30 23:52:41', '2018-11-30 23:52:41'),
(693, 'totam', 'Eveniet pariatur corporis vel corporis rerum. Dicta ut est quia doloremque laborum ratione suscipit.', 3, 'unavailable', '3.jpg', 21, '2018-11-30 23:52:41', '2018-11-30 23:52:41'),
(694, 'sed', 'Id nesciunt est aut reprehenderit commodi animi vitae.', 4, 'unavailable', '3.jpg', 80, '2018-11-30 23:52:41', '2018-11-30 23:52:41'),
(695, 'aut', 'Et rerum harum deserunt alias nisi.', 2, 'available', '3.jpg', 1, '2018-11-30 23:52:41', '2018-11-30 23:52:41'),
(696, 'ipsa', 'Omnis reprehenderit molestias fuga quam provident distinctio. Delectus laboriosam asperiores sunt vitae quia debitis aut.', 2, 'available', '3.jpg', 171, '2018-11-30 23:52:42', '2018-11-30 23:52:42'),
(697, 'laboriosam', 'Quia dolores qui esse.', 7, 'unavailable', '3.jpg', 178, '2018-11-30 23:52:42', '2018-11-30 23:52:42'),
(698, 'tenetur', 'Non dignissimos distinctio corrupti.', 6, 'unavailable', '1.jpg', 96, '2018-11-30 23:52:42', '2018-11-30 23:52:42'),
(699, 'accusamus', 'Ullam quo enim eveniet nostrum. Quisquam reprehenderit id sint molestiae.', 7, 'available', '1.jpg', 178, '2018-11-30 23:52:42', '2018-11-30 23:52:42'),
(700, 'ullam', 'Voluptate id unde sit doloribus occaecati totam.', 8, 'unavailable', '2.jpg', 20, '2018-11-30 23:52:42', '2018-11-30 23:52:42'),
(701, 'consequatur', 'Quia et reiciendis sed dolor cupiditate.', 8, 'available', '1.jpg', 179, '2018-11-30 23:52:42', '2018-11-30 23:52:42'),
(702, 'magni', 'Quos explicabo libero omnis provident et.', 10, 'available', '2.jpg', 99, '2018-11-30 23:52:42', '2018-11-30 23:52:42'),
(703, 'quod', 'Vel expedita dicta adipisci enim repellendus. Et exercitationem ut voluptatem in.', 9, 'unavailable', '1.jpg', 98, '2018-11-30 23:52:42', '2018-11-30 23:52:42'),
(704, 'explicabo', 'Alias provident sed sint eum fuga et ut ea.', 7, 'unavailable', '1.jpg', 14, '2018-11-30 23:52:42', '2018-11-30 23:52:42'),
(705, 'id', 'Corporis rem ipsum et dolor quis enim aut.', 8, 'available', '2.jpg', 4, '2018-11-30 23:52:42', '2018-11-30 23:52:42'),
(706, 'ratione', 'Sunt neque hic excepturi nostrum tenetur voluptatem et dolores. Totam culpa harum reprehenderit illum.', 8, 'available', '3.jpg', 106, '2018-11-30 23:52:42', '2018-11-30 23:52:42'),
(707, 'dolor', 'Ea architecto officia ut doloremque voluptas ullam. Id voluptate deleniti placeat velit veritatis illo commodi.', 9, 'unavailable', '2.jpg', 175, '2018-11-30 23:52:42', '2018-11-30 23:52:42'),
(708, 'doloremque', 'Nobis maxime eligendi fuga harum unde.', 3, 'available', '3.jpg', 40, '2018-11-30 23:52:42', '2018-11-30 23:52:42'),
(709, 'harum', 'Accusamus amet modi necessitatibus impedit illum.', 2, 'unavailable', '1.jpg', 75, '2018-11-30 23:52:42', '2018-11-30 23:52:42'),
(710, 'aspernatur', 'Et libero aut non ut numquam expedita.', 3, 'unavailable', '1.jpg', 43, '2018-11-30 23:52:42', '2018-11-30 23:52:42'),
(711, 'et', 'Ut exercitationem sequi magnam. Neque voluptatem impedit dolorem rem eos beatae.', 1, 'unavailable', '3.jpg', 65, '2018-11-30 23:52:42', '2018-11-30 23:52:42'),
(712, 'eligendi', 'Eum omnis fuga ut. Dolor et quisquam est ab.', 4, 'unavailable', '2.jpg', 17, '2018-11-30 23:52:42', '2018-11-30 23:52:42'),
(713, 'quis', 'Et consequatur dolorum sit velit rem maiores ipsa omnis. Aut debitis blanditiis hic sequi rerum aut.', 6, 'available', '3.jpg', 186, '2018-11-30 23:52:43', '2018-11-30 23:52:43'),
(714, 'modi', 'Esse dolore aut libero voluptas voluptate ut. Similique dolores iusto neque debitis perspiciatis omnis vel ad.', 1, 'unavailable', '3.jpg', 38, '2018-11-30 23:52:43', '2018-11-30 23:52:43'),
(715, 'quaerat', 'Nihil in nihil eum quasi sapiente.', 10, 'unavailable', '2.jpg', 128, '2018-11-30 23:52:43', '2018-11-30 23:52:43'),
(716, 'soluta', 'Ex nam eum autem aspernatur sit. Quo occaecati dolorum qui voluptatem dolorem dolorem.', 6, 'unavailable', '2.jpg', 107, '2018-11-30 23:52:43', '2018-11-30 23:52:43'),
(717, 'maxime', 'Eum blanditiis provident provident qui id.', 9, 'available', '3.jpg', 169, '2018-11-30 23:52:43', '2018-11-30 23:52:43'),
(718, 'mollitia', 'Et sint corrupti aut sed.', 2, 'available', '2.jpg', 200, '2018-11-30 23:52:43', '2018-11-30 23:52:43'),
(719, 'a', 'Omnis esse porro reprehenderit tempore beatae enim. Aliquam et omnis omnis sed sapiente ducimus.', 6, 'unavailable', '1.jpg', 198, '2018-11-30 23:52:43', '2018-11-30 23:52:43'),
(720, 'quae', 'Qui fugit labore est aut voluptatem veniam explicabo. Autem nulla neque voluptas qui.', 5, 'unavailable', '2.jpg', 59, '2018-11-30 23:52:43', '2018-11-30 23:52:43'),
(721, 'quae', 'Qui eaque in dolorem qui quibusdam.', 10, 'available', '1.jpg', 109, '2018-11-30 23:52:43', '2018-11-30 23:52:43'),
(722, 'enim', 'Sed non laudantium distinctio nihil nulla. Et aliquam corporis cumque est omnis.', 3, 'unavailable', '1.jpg', 77, '2018-11-30 23:52:43', '2018-11-30 23:52:43'),
(723, 'est', 'Vel voluptas minus tempora voluptatem odit sit dolore quam. Voluptatem laborum est consectetur eos.', 3, 'unavailable', '3.jpg', 164, '2018-11-30 23:52:43', '2018-11-30 23:52:43'),
(724, 'rerum', 'Quo expedita voluptatibus dolorem voluptatem. Animi aliquam quasi est perspiciatis at enim.', 8, 'unavailable', '1.jpg', 9, '2018-11-30 23:52:43', '2018-11-30 23:52:43'),
(725, 'sed', 'Et omnis illum commodi. Aut exercitationem aut deleniti dolores facere necessitatibus.', 6, 'unavailable', '3.jpg', 30, '2018-11-30 23:52:43', '2018-11-30 23:52:43'),
(726, 'sint', 'Nobis sit occaecati quod.', 8, 'available', '2.jpg', 145, '2018-11-30 23:52:43', '2018-11-30 23:52:43'),
(727, 'temporibus', 'Atque modi quia aut neque. Harum minus recusandae nam fugiat quis dolor.', 8, 'available', '2.jpg', 188, '2018-11-30 23:52:43', '2018-11-30 23:52:43'),
(728, 'minima', 'Repudiandae minus necessitatibus eum blanditiis nobis nam.', 6, 'unavailable', '2.jpg', 58, '2018-11-30 23:52:43', '2018-11-30 23:52:43'),
(729, 'aspernatur', 'Minus odio aut dolorem id.', 9, 'available', '3.jpg', 11, '2018-11-30 23:52:43', '2018-11-30 23:52:43'),
(730, 'autem', 'Unde facere non iusto et voluptas. Corporis illum aut repellendus quia nostrum.', 9, 'unavailable', '3.jpg', 184, '2018-11-30 23:52:43', '2018-11-30 23:52:43'),
(731, 'recusandae', 'Voluptas ipsam nostrum provident pariatur assumenda adipisci.', 10, 'available', '3.jpg', 56, '2018-11-30 23:52:43', '2018-11-30 23:52:43'),
(732, 'nam', 'Tempora et voluptas iste. Aperiam autem iure at aut magni magni ex.', 6, 'unavailable', '3.jpg', 40, '2018-11-30 23:52:43', '2018-11-30 23:52:43'),
(733, 'incidunt', 'Quo ipsa quisquam quisquam harum natus dignissimos consequuntur.', 7, 'available', '2.jpg', 45, '2018-11-30 23:52:44', '2018-11-30 23:52:44'),
(734, 'beatae', 'Explicabo quia nam cum necessitatibus nostrum harum accusamus. Maiores cumque et delectus nihil quod adipisci facilis totam.', 1, 'unavailable', '2.jpg', 4, '2018-11-30 23:52:44', '2018-11-30 23:52:44'),
(735, 'ea', 'Facilis neque harum ea sit aliquam voluptatem repudiandae. Sit ut cumque ipsa similique fugit.', 8, 'unavailable', '1.jpg', 40, '2018-11-30 23:52:44', '2018-11-30 23:52:44'),
(736, 'dolor', 'Quia facilis aut qui in sint. Tempore ratione quidem dolor praesentium.', 7, 'available', '3.jpg', 169, '2018-11-30 23:52:44', '2018-11-30 23:52:44'),
(737, 'molestiae', 'Eos fugiat illum optio est iure consequatur.', 7, 'unavailable', '3.jpg', 159, '2018-11-30 23:52:44', '2018-11-30 23:52:44'),
(738, 'culpa', 'Fugiat similique dolores a ratione ipsa enim.', 3, 'available', '2.jpg', 176, '2018-11-30 23:52:44', '2018-11-30 23:52:44'),
(739, 'corporis', 'Repudiandae numquam eius in enim.', 6, 'available', '3.jpg', 155, '2018-11-30 23:52:44', '2018-11-30 23:52:44'),
(740, 'sequi', 'Quasi quia dolore quo accusamus officia molestiae animi.', 10, 'unavailable', '1.jpg', 122, '2018-11-30 23:52:44', '2018-11-30 23:52:44'),
(741, 'inventore', 'Ut deserunt tenetur blanditiis non id.', 9, 'unavailable', '3.jpg', 84, '2018-11-30 23:52:44', '2018-11-30 23:52:44'),
(742, 'aut', 'Quibusdam voluptatem temporibus minima. Et debitis provident unde unde blanditiis tempora nisi repudiandae.', 8, 'unavailable', '2.jpg', 32, '2018-11-30 23:52:44', '2018-11-30 23:52:44'),
(743, 'enim', 'Voluptatibus tempore facilis excepturi fugit sunt minima maiores iste. Optio placeat ut dicta voluptate quas et quaerat laudantium.', 5, 'unavailable', '3.jpg', 117, '2018-11-30 23:52:44', '2018-11-30 23:52:44'),
(744, 'aut', 'Nostrum culpa iste suscipit necessitatibus. Voluptate sequi minima et tenetur.', 9, 'unavailable', '1.jpg', 159, '2018-11-30 23:52:44', '2018-11-30 23:52:44'),
(745, 'omnis', 'Sit odit adipisci sed vel.', 10, 'unavailable', '1.jpg', 89, '2018-11-30 23:52:44', '2018-11-30 23:52:44'),
(746, 'dolor', 'Perferendis dicta delectus assumenda ipsa qui repellat.', 3, 'unavailable', '2.jpg', 26, '2018-11-30 23:52:44', '2018-11-30 23:52:44'),
(747, 'officia', 'Accusantium ut cumque officiis consequatur optio atque consequuntur.', 9, 'available', '1.jpg', 142, '2018-11-30 23:52:44', '2018-11-30 23:52:44'),
(748, 'quas', 'Veniam quasi asperiores consequatur ut est non veniam voluptas. Ratione nihil reprehenderit ad voluptate porro.', 6, 'available', '1.jpg', 121, '2018-11-30 23:52:44', '2018-11-30 23:52:44'),
(749, 'quam', 'Eum fugit et ut unde. Qui neque vero eius voluptatem qui.', 5, 'available', '3.jpg', 8, '2018-11-30 23:52:44', '2018-11-30 23:52:44'),
(750, 'exercitationem', 'Ex et voluptas quod dolor asperiores atque exercitationem.', 8, 'unavailable', '3.jpg', 67, '2018-11-30 23:52:44', '2018-11-30 23:52:44'),
(751, 'voluptate', 'Quas architecto qui sed impedit delectus.', 10, 'available', '1.jpg', 116, '2018-11-30 23:52:44', '2018-11-30 23:52:44'),
(752, 'et', 'Ea est odit voluptatibus veniam et.', 4, 'unavailable', '3.jpg', 158, '2018-11-30 23:52:44', '2018-11-30 23:52:44'),
(753, 'asperiores', 'Quis ea ab quia et nobis qui beatae. Harum quam quisquam facere inventore.', 6, 'available', '1.jpg', 101, '2018-11-30 23:52:44', '2018-11-30 23:52:44'),
(754, 'est', 'Voluptatem ducimus porro enim earum voluptas modi quia optio.', 9, 'unavailable', '2.jpg', 91, '2018-11-30 23:52:44', '2018-11-30 23:52:44'),
(755, 'suscipit', 'Dolores pariatur molestiae nemo et commodi sint dolore consectetur.', 7, 'unavailable', '3.jpg', 92, '2018-11-30 23:52:45', '2018-11-30 23:52:45'),
(756, 'amet', 'Rerum non veritatis quae autem.', 4, 'unavailable', '2.jpg', 188, '2018-11-30 23:52:45', '2018-11-30 23:52:45'),
(757, 'magni', 'Placeat quia id eum nulla.', 4, 'unavailable', '3.jpg', 6, '2018-11-30 23:52:45', '2018-11-30 23:52:45'),
(758, 'corrupti', 'Repellat aut voluptatum unde assumenda sed consequuntur. Amet id eos blanditiis quia et et porro.', 1, 'unavailable', '1.jpg', 126, '2018-11-30 23:52:45', '2018-11-30 23:52:45'),
(759, 'et', 'Sunt atque ullam aut expedita officiis. Ad et aut dolores eos ut.', 8, 'available', '1.jpg', 101, '2018-11-30 23:52:45', '2018-11-30 23:52:45'),
(760, 'eum', 'Itaque dolores dolores quos eos accusantium voluptatibus. Ut placeat vel aut rerum libero placeat quod.', 3, 'unavailable', '2.jpg', 181, '2018-11-30 23:52:45', '2018-11-30 23:52:45'),
(761, 'sit', 'Et asperiores minus aliquid eos pariatur architecto.', 3, 'available', '1.jpg', 3, '2018-11-30 23:52:45', '2018-11-30 23:52:45'),
(762, 'doloribus', 'Aut ratione sit rerum magnam est aperiam tenetur qui. Perferendis aut sit inventore rerum.', 10, 'unavailable', '3.jpg', 74, '2018-11-30 23:52:45', '2018-11-30 23:52:45'),
(763, 'dolor', 'Voluptas velit est et autem quasi ipsa.', 6, 'available', '1.jpg', 94, '2018-11-30 23:52:45', '2018-11-30 23:52:45'),
(764, 'aut', 'Quod voluptatum eos doloremque doloremque tempore est distinctio quis. Voluptatibus qui hic exercitationem veritatis numquam aut.', 1, 'available', '2.jpg', 92, '2018-11-30 23:52:45', '2018-11-30 23:52:45'),
(765, 'dolorem', 'Voluptatem praesentium sunt eos consequatur. Minus laudantium aspernatur qui.', 5, 'available', '3.jpg', 148, '2018-11-30 23:52:45', '2018-11-30 23:52:45'),
(766, 'pariatur', 'Qui eos fuga reiciendis dolores.', 7, 'unavailable', '1.jpg', 127, '2018-11-30 23:52:45', '2018-11-30 23:52:45'),
(767, 'deserunt', 'Ullam perferendis repudiandae ipsum.', 3, 'available', '2.jpg', 50, '2018-11-30 23:52:45', '2018-11-30 23:52:45'),
(768, 'velit', 'Qui magni ut dolor aspernatur consequuntur aut ea.', 1, 'available', '1.jpg', 47, '2018-11-30 23:52:45', '2018-11-30 23:52:45'),
(769, 'nulla', 'Non consequuntur consequatur non soluta harum officiis. Qui saepe doloremque voluptas quidem blanditiis eius.', 6, 'available', '3.jpg', 118, '2018-11-30 23:52:45', '2018-11-30 23:52:45'),
(770, 'optio', 'Ratione enim sed id. Quidem necessitatibus vel cumque et.', 7, 'available', '3.jpg', 152, '2018-11-30 23:52:45', '2018-11-30 23:52:45'),
(771, 'debitis', 'Distinctio ut ut similique. Repellendus ratione odio aliquam molestiae qui enim.', 3, 'unavailable', '1.jpg', 142, '2018-11-30 23:52:45', '2018-11-30 23:52:45'),
(772, 'neque', 'Dolorem voluptatem maxime ipsum consequuntur quae.', 10, 'unavailable', '2.jpg', 132, '2018-11-30 23:52:45', '2018-11-30 23:52:45'),
(773, 'quia', 'Aut deleniti ut quas quasi.', 2, 'available', '3.jpg', 3, '2018-11-30 23:52:45', '2018-11-30 23:52:45'),
(774, 'similique', 'Quibusdam possimus cupiditate non laborum dolorem a accusantium cupiditate.', 5, 'unavailable', '1.jpg', 155, '2018-11-30 23:52:45', '2018-11-30 23:52:45'),
(775, 'a', 'Reiciendis magnam magni a possimus. Occaecati minus a provident veritatis accusamus.', 9, 'available', '2.jpg', 99, '2018-11-30 23:52:46', '2018-11-30 23:52:46'),
(776, 'culpa', 'Molestiae dolor qui doloremque nulla. Reiciendis aut consequatur maiores sed voluptatem ab.', 1, 'available', '1.jpg', 3, '2018-11-30 23:52:46', '2018-11-30 23:52:46'),
(777, 'ea', 'Optio enim magnam autem optio.', 3, 'available', '3.jpg', 126, '2018-11-30 23:52:46', '2018-11-30 23:52:46'),
(778, 'dolores', 'Ab aliquam quis a aut.', 6, 'available', '1.jpg', 121, '2018-11-30 23:52:46', '2018-11-30 23:52:46'),
(779, 'rerum', 'Fuga enim necessitatibus facilis sit quo.', 3, 'available', '3.jpg', 99, '2018-11-30 23:52:46', '2018-11-30 23:52:46'),
(780, 'quaerat', 'Sequi ut natus amet tempore id saepe.', 1, 'available', '3.jpg', 152, '2018-11-30 23:52:46', '2018-11-30 23:52:46'),
(781, 'dolore', 'Voluptatibus iusto corrupti earum ut vel qui aut.', 6, 'available', '2.jpg', 20, '2018-11-30 23:52:46', '2018-11-30 23:52:46'),
(782, 'officia', 'Maxime magnam facilis expedita et quia. Rem dolore veniam est necessitatibus perspiciatis consequatur modi.', 4, 'available', '3.jpg', 25, '2018-11-30 23:52:46', '2018-11-30 23:52:46'),
(783, 'occaecati', 'Autem voluptatum laudantium perspiciatis tempore quia nostrum aperiam animi.', 3, 'unavailable', '3.jpg', 21, '2018-11-30 23:52:46', '2018-11-30 23:52:46'),
(784, 'aut', 'Natus voluptas quidem quia nulla. Ut deleniti eos possimus voluptatem voluptatibus at.', 6, 'unavailable', '3.jpg', 132, '2018-11-30 23:52:46', '2018-11-30 23:52:46'),
(785, 'qui', 'Facere debitis blanditiis magnam veniam perferendis. Non quis consequatur saepe enim soluta hic.', 1, 'available', '3.jpg', 85, '2018-11-30 23:52:46', '2018-11-30 23:52:46'),
(786, 'esse', 'Odit voluptatem qui quia magnam necessitatibus.', 5, 'available', '1.jpg', 96, '2018-11-30 23:52:46', '2018-11-30 23:52:46'),
(787, 'autem', 'Voluptatibus quae aut perspiciatis consequuntur expedita.', 4, 'unavailable', '3.jpg', 175, '2018-11-30 23:52:46', '2018-11-30 23:52:46'),
(788, 'eum', 'Ut ipsum est repellat ut.', 2, 'unavailable', '1.jpg', 62, '2018-11-30 23:52:46', '2018-11-30 23:52:46'),
(789, 'rerum', 'Optio rem consectetur fuga totam est fuga.', 4, 'unavailable', '2.jpg', 28, '2018-11-30 23:52:46', '2018-11-30 23:52:46'),
(790, 'voluptas', 'Neque ut quam fugit eius non.', 1, 'available', '2.jpg', 62, '2018-11-30 23:52:46', '2018-11-30 23:52:46'),
(791, 'perspiciatis', 'Illo qui et voluptas autem aliquam illum qui.', 8, 'available', '1.jpg', 171, '2018-11-30 23:52:46', '2018-11-30 23:52:46'),
(792, 'excepturi', 'Rerum dolorem nihil suscipit dignissimos est quos.', 9, 'available', '1.jpg', 156, '2018-11-30 23:52:46', '2018-11-30 23:52:46'),
(793, 'distinctio', 'Ad rerum sed fuga. Atque voluptas aut dolores doloremque.', 2, 'available', '2.jpg', 68, '2018-11-30 23:52:46', '2018-11-30 23:52:46'),
(794, 'qui', 'Incidunt consequatur nesciunt ex temporibus tenetur magni. Placeat voluptatem et delectus quisquam quos quos repellendus.', 3, 'unavailable', '3.jpg', 50, '2018-11-30 23:52:46', '2018-11-30 23:52:46'),
(795, 'sint', 'Quidem rem voluptatem quidem eligendi. Necessitatibus in minima quia esse.', 1, 'available', '1.jpg', 195, '2018-11-30 23:52:46', '2018-11-30 23:52:46'),
(796, 'illo', 'Ut ut non consequatur rem harum atque ut. Qui temporibus quisquam quis et laudantium necessitatibus.', 5, 'unavailable', '3.jpg', 52, '2018-11-30 23:52:47', '2018-11-30 23:52:47'),
(797, 'rem', 'Amet aspernatur quia consequuntur mollitia velit. Doloremque reiciendis qui voluptate ratione necessitatibus similique et.', 5, 'available', '3.jpg', 16, '2018-11-30 23:52:47', '2018-11-30 23:52:47'),
(798, 'quia', 'Laudantium sed voluptas animi iure vel quis ullam. Cumque ut rem ea aut.', 4, 'unavailable', '2.jpg', 40, '2018-11-30 23:52:47', '2018-11-30 23:52:47'),
(799, 'reiciendis', 'Labore est iusto commodi magni est delectus aliquid.', 7, 'available', '2.jpg', 50, '2018-11-30 23:52:47', '2018-11-30 23:52:47'),
(800, 'omnis', 'Rerum et magni est mollitia placeat vero non. Nostrum qui est ad ipsa.', 8, 'unavailable', '1.jpg', 14, '2018-11-30 23:52:47', '2018-11-30 23:52:47'),
(801, 'rerum', 'Aut qui magnam possimus laudantium.', 10, 'available', '3.jpg', 108, '2018-11-30 23:52:47', '2018-11-30 23:52:47'),
(802, 'ea', 'Et totam sit vel doloribus corrupti.', 2, 'unavailable', '1.jpg', 36, '2018-11-30 23:52:47', '2018-11-30 23:52:47'),
(803, 'iste', 'Ex veniam molestiae laboriosam.', 10, 'available', '1.jpg', 109, '2018-11-30 23:52:47', '2018-11-30 23:52:47'),
(804, 'rerum', 'Et voluptate inventore molestiae.', 2, 'available', '2.jpg', 90, '2018-11-30 23:52:47', '2018-11-30 23:52:47'),
(805, 'iure', 'Excepturi at eveniet est quae odit suscipit. Velit commodi aut at vero iste.', 3, 'unavailable', '2.jpg', 171, '2018-11-30 23:52:47', '2018-11-30 23:52:47'),
(806, 'facere', 'Tempore aut expedita quo consequatur iure fugiat. Facere itaque ex qui veniam modi.', 1, 'available', '3.jpg', 109, '2018-11-30 23:52:47', '2018-11-30 23:52:47'),
(807, 'voluptatem', 'Sed non ut et non iusto. Maiores tempora sit sint corporis quas velit quia facere.', 8, 'unavailable', '1.jpg', 163, '2018-11-30 23:52:47', '2018-11-30 23:52:47'),
(808, 'illo', 'In cumque cum illum hic nostrum sequi impedit. Est perferendis in explicabo qui dolores praesentium excepturi.', 1, 'available', '3.jpg', 112, '2018-11-30 23:52:47', '2018-11-30 23:52:47'),
(809, 'dolore', 'Ea delectus nesciunt cupiditate saepe dolor recusandae totam amet.', 4, 'available', '3.jpg', 32, '2018-11-30 23:52:47', '2018-11-30 23:52:47'),
(810, 'dolores', 'Molestias necessitatibus occaecati sit dicta tempora ipsam ad animi.', 9, 'available', '2.jpg', 151, '2018-11-30 23:52:47', '2018-11-30 23:52:47'),
(811, 'quo', 'Quasi explicabo aliquam nesciunt amet. Ut dolore laborum veritatis laborum.', 3, 'unavailable', '1.jpg', 71, '2018-11-30 23:52:47', '2018-11-30 23:52:47'),
(812, 'et', 'Consequatur a aut fugit hic. Facilis ut voluptate neque quas minus ea.', 1, 'available', '3.jpg', 167, '2018-11-30 23:52:47', '2018-11-30 23:52:47'),
(813, 'in', 'Dolor a inventore est culpa. Nulla doloremque et dolorem magni sed.', 2, 'available', '1.jpg', 35, '2018-11-30 23:52:47', '2018-11-30 23:52:47'),
(814, 'magni', 'Atque laboriosam delectus sed qui suscipit dignissimos. Dolores tenetur nihil et.', 7, 'unavailable', '3.jpg', 160, '2018-11-30 23:52:47', '2018-11-30 23:52:47'),
(815, 'animi', 'Dolore magni dolores rerum ducimus repellendus praesentium sed. Dolorem nesciunt nesciunt dolore adipisci neque facere.', 9, 'unavailable', '3.jpg', 190, '2018-11-30 23:52:47', '2018-11-30 23:52:47'),
(816, 'provident', 'Nihil ad magni voluptas et optio. Veritatis reprehenderit ea illum enim accusantium dolorum eligendi voluptatibus.', 1, 'unavailable', '2.jpg', 13, '2018-11-30 23:52:48', '2018-11-30 23:52:48'),
(817, 'veritatis', 'Aut tempora id fugiat praesentium. Ea sit possimus magnam et minus iusto incidunt.', 1, 'unavailable', '3.jpg', 178, '2018-11-30 23:52:48', '2018-11-30 23:52:48'),
(818, 'voluptas', 'Cumque voluptatem sequi autem aspernatur dignissimos vitae.', 10, 'unavailable', '3.jpg', 169, '2018-11-30 23:52:48', '2018-11-30 23:52:48'),
(819, 'dignissimos', 'Qui consequatur reiciendis et.', 9, 'available', '2.jpg', 21, '2018-11-30 23:52:48', '2018-11-30 23:52:48'),
(820, 'non', 'Sint quos nisi nihil perspiciatis ratione quis. Architecto natus porro ut error enim aliquam.', 6, 'available', '2.jpg', 173, '2018-11-30 23:52:48', '2018-11-30 23:52:48'),
(821, 'ex', 'Qui temporibus vitae eligendi dignissimos. Qui veritatis enim neque aut temporibus deserunt.', 9, 'available', '1.jpg', 150, '2018-11-30 23:52:48', '2018-11-30 23:52:48'),
(822, 'ut', 'Aut aut pariatur nihil omnis odio adipisci deserunt. Rem laboriosam dolor odio eum excepturi doloremque cum.', 5, 'unavailable', '1.jpg', 49, '2018-11-30 23:52:48', '2018-11-30 23:52:48'),
(823, 'sit', 'Id doloremque qui ut temporibus sed qui. Dolores et quis exercitationem eum cupiditate.', 5, 'unavailable', '1.jpg', 145, '2018-11-30 23:52:48', '2018-11-30 23:52:48'),
(824, 'nihil', 'Alias explicabo aliquam voluptatem animi non dolore consequuntur.', 4, 'unavailable', '1.jpg', 60, '2018-11-30 23:52:48', '2018-11-30 23:52:48'),
(825, 'eos', 'Et et qui dicta autem aliquid sequi est nobis. Eveniet provident labore et ea.', 5, 'unavailable', '3.jpg', 102, '2018-11-30 23:52:48', '2018-11-30 23:52:48'),
(826, 'illum', 'Pariatur et esse modi tenetur nihil et fugiat.', 5, 'available', '1.jpg', 49, '2018-11-30 23:52:48', '2018-11-30 23:52:48'),
(827, 'sed', 'Voluptate enim voluptatem maxime eveniet impedit eaque non temporibus. Id et debitis tenetur qui sunt eos deleniti excepturi.', 7, 'unavailable', '1.jpg', 43, '2018-11-30 23:52:48', '2018-11-30 23:52:48'),
(828, 'omnis', 'Amet atque qui laboriosam quos qui aspernatur sed.', 1, 'available', '2.jpg', 130, '2018-11-30 23:52:48', '2018-11-30 23:52:48'),
(829, 'id', 'Architecto optio reiciendis ullam quidem.', 8, 'available', '1.jpg', 6, '2018-11-30 23:52:48', '2018-11-30 23:52:48'),
(830, 'consequatur', 'Eius similique corrupti optio fugiat est repellat.', 2, 'unavailable', '1.jpg', 73, '2018-11-30 23:52:48', '2018-11-30 23:52:48'),
(831, 'et', 'Aliquid accusamus rerum voluptatem ut sequi occaecati consequatur dicta.', 8, 'unavailable', '1.jpg', 40, '2018-11-30 23:52:48', '2018-11-30 23:52:48'),
(832, 'perspiciatis', 'Et iusto qui veritatis ipsa corporis laudantium ratione nihil.', 5, 'available', '1.jpg', 29, '2018-11-30 23:52:48', '2018-11-30 23:52:48'),
(833, 'suscipit', 'Deleniti ducimus alias rerum sed dicta porro.', 4, 'unavailable', '3.jpg', 20, '2018-11-30 23:52:48', '2018-11-30 23:52:48'),
(834, 'ut', 'Et pariatur et qui aliquid perspiciatis sunt.', 5, 'unavailable', '3.jpg', 116, '2018-11-30 23:52:48', '2018-11-30 23:52:48'),
(835, 'quaerat', 'Quibusdam dolorem ratione quos praesentium et natus pariatur. Quia est maxime sapiente consequuntur aut rem et.', 2, 'unavailable', '3.jpg', 85, '2018-11-30 23:52:49', '2018-11-30 23:52:49'),
(836, 'vel', 'Suscipit dolores sed est ut aut. Qui impedit rerum quos illum.', 8, 'available', '1.jpg', 140, '2018-11-30 23:52:49', '2018-11-30 23:52:49'),
(837, 'voluptas', 'Inventore est fugit laborum perferendis neque soluta delectus.', 2, 'unavailable', '3.jpg', 75, '2018-11-30 23:52:49', '2018-11-30 23:52:49'),
(838, 'blanditiis', 'Aperiam reiciendis eveniet qui.', 2, 'available', '2.jpg', 136, '2018-11-30 23:52:49', '2018-11-30 23:52:49'),
(839, 'amet', 'Quo maiores pariatur et aliquid id blanditiis. Blanditiis ad suscipit sit esse non fugiat.', 8, 'available', '2.jpg', 102, '2018-11-30 23:52:49', '2018-11-30 23:52:49'),
(840, 'quam', 'Facilis accusamus harum repellendus facilis reiciendis necessitatibus odio.', 8, 'available', '2.jpg', 197, '2018-11-30 23:52:49', '2018-11-30 23:52:49'),
(841, 'reiciendis', 'Impedit porro expedita numquam error corrupti perferendis.', 9, 'available', '2.jpg', 55, '2018-11-30 23:52:49', '2018-11-30 23:52:49'),
(842, 'cupiditate', 'Quae delectus qui sit voluptatibus eius.', 1, 'unavailable', '2.jpg', 139, '2018-11-30 23:52:49', '2018-11-30 23:52:49'),
(843, 'dignissimos', 'Repellendus necessitatibus et sit et.', 7, 'unavailable', '1.jpg', 140, '2018-11-30 23:52:49', '2018-11-30 23:52:49'),
(844, 'non', 'Maxime deleniti at quo.', 8, 'unavailable', '2.jpg', 78, '2018-11-30 23:52:49', '2018-11-30 23:52:49'),
(845, 'labore', 'Autem laboriosam rerum pariatur eaque.', 4, 'unavailable', '2.jpg', 44, '2018-11-30 23:52:49', '2018-11-30 23:52:49'),
(846, 'quia', 'Cumque laudantium dolor blanditiis est provident ex. Sit autem soluta eos adipisci quae enim.', 8, 'unavailable', '1.jpg', 134, '2018-11-30 23:52:49', '2018-11-30 23:52:49'),
(847, 'facilis', 'Et commodi quia libero voluptas sapiente consequuntur et sit. Tempore amet architecto consequatur perferendis itaque.', 6, 'available', '1.jpg', 199, '2018-11-30 23:52:49', '2018-11-30 23:52:49'),
(848, 'esse', 'Et hic et dolorem ut eum.', 5, 'unavailable', '3.jpg', 94, '2018-11-30 23:52:49', '2018-11-30 23:52:49'),
(849, 'sapiente', 'Minima quia asperiores consectetur natus voluptatem possimus.', 7, 'unavailable', '3.jpg', 121, '2018-11-30 23:52:49', '2018-11-30 23:52:49'),
(850, 'facilis', 'Ea quas dolor aut dolorem dolor saepe qui nemo.', 4, 'unavailable', '1.jpg', 67, '2018-11-30 23:52:49', '2018-11-30 23:52:49'),
(851, 'reprehenderit', 'Ad placeat deserunt sapiente optio ab. Est asperiores consectetur qui corporis.', 7, 'unavailable', '3.jpg', 168, '2018-11-30 23:52:49', '2018-11-30 23:52:49'),
(852, 'deserunt', 'Quisquam rerum dolorum quos qui mollitia.', 3, 'unavailable', '3.jpg', 136, '2018-11-30 23:52:49', '2018-11-30 23:52:49'),
(853, 'adipisci', 'Cupiditate placeat accusantium facere libero harum dignissimos aut.', 6, 'unavailable', '1.jpg', 29, '2018-11-30 23:52:49', '2018-11-30 23:52:49'),
(854, 'fugiat', 'Recusandae nam veniam veritatis est aperiam fugiat qui.', 6, 'available', '1.jpg', 178, '2018-11-30 23:52:49', '2018-11-30 23:52:49'),
(855, 'tempore', 'Beatae et ab libero molestiae modi. Facilis dolorem dolore tempora qui.', 2, 'available', '3.jpg', 166, '2018-11-30 23:52:50', '2018-11-30 23:52:50'),
(856, 'in', 'Quo a facere illum numquam. Possimus accusantium ut magni ut quidem.', 6, 'unavailable', '2.jpg', 40, '2018-11-30 23:52:50', '2018-11-30 23:52:50'),
(857, 'temporibus', 'Velit eum quia ut blanditiis sed et.', 2, 'unavailable', '1.jpg', 138, '2018-11-30 23:52:50', '2018-11-30 23:52:50'),
(858, 'dolorem', 'Voluptatem commodi nemo molestias animi consequatur.', 8, 'available', '3.jpg', 71, '2018-11-30 23:52:50', '2018-11-30 23:52:50'),
(859, 'quam', 'Voluptatem officia culpa totam doloribus autem quo.', 2, 'available', '1.jpg', 74, '2018-11-30 23:52:50', '2018-11-30 23:52:50'),
(860, 'quas', 'Dolorum fugit accusamus eveniet magnam perspiciatis dolorum voluptatibus sapiente.', 9, 'unavailable', '2.jpg', 195, '2018-11-30 23:52:50', '2018-11-30 23:52:50'),
(861, 'architecto', 'Quia distinctio nulla molestias recusandae nihil suscipit eum dolor. Est eos reprehenderit iure qui et et.', 6, 'available', '2.jpg', 136, '2018-11-30 23:52:50', '2018-11-30 23:52:50'),
(862, 'iusto', 'Libero est quis occaecati praesentium sed tempore.', 1, 'unavailable', '2.jpg', 48, '2018-11-30 23:52:50', '2018-11-30 23:52:50'),
(863, 'eum', 'Ut voluptatem qui atque dignissimos.', 5, 'available', '2.jpg', 123, '2018-11-30 23:52:50', '2018-11-30 23:52:50'),
(864, 'dignissimos', 'Qui porro quis similique reiciendis animi atque dolores.', 10, 'available', '2.jpg', 79, '2018-11-30 23:52:50', '2018-11-30 23:52:50'),
(865, 'exercitationem', 'Et iure cum cum commodi velit voluptate voluptatem. Incidunt enim nam odit perspiciatis quo minus.', 6, 'unavailable', '3.jpg', 163, '2018-11-30 23:52:50', '2018-11-30 23:52:50'),
(866, 'quaerat', 'Natus rem deleniti nisi totam voluptas.', 1, 'available', '3.jpg', 182, '2018-11-30 23:52:50', '2018-11-30 23:52:50'),
(867, 'eligendi', 'Et et soluta debitis tenetur. Enim perspiciatis accusantium animi ullam maxime omnis earum.', 5, 'unavailable', '1.jpg', 93, '2018-11-30 23:52:50', '2018-11-30 23:52:50'),
(868, 'quia', 'Facere reprehenderit aperiam quo nihil harum magnam quaerat.', 6, 'available', '1.jpg', 50, '2018-11-30 23:52:50', '2018-11-30 23:52:50'),
(869, 'consectetur', 'Est corporis est atque. Ullam consectetur sunt animi sit rerum quisquam repudiandae in.', 5, 'unavailable', '2.jpg', 60, '2018-11-30 23:52:50', '2018-11-30 23:52:50'),
(870, 'et', 'Rerum mollitia quia velit non ut non tenetur.', 9, 'unavailable', '2.jpg', 75, '2018-11-30 23:52:50', '2018-11-30 23:52:50'),
(871, 'ipsum', 'Voluptas fugiat repudiandae culpa ut reprehenderit.', 6, 'unavailable', '3.jpg', 198, '2018-11-30 23:52:50', '2018-11-30 23:52:50'),
(872, 'praesentium', 'Voluptas possimus maiores et. In pariatur expedita odio.', 7, 'unavailable', '1.jpg', 132, '2018-11-30 23:52:50', '2018-11-30 23:52:50'),
(873, 'veniam', 'Dolore quia sed sed sunt debitis dolorem vero. Molestiae voluptatem explicabo laborum impedit rem nobis et.', 10, 'available', '2.jpg', 77, '2018-11-30 23:52:50', '2018-11-30 23:52:50'),
(874, 'in', 'Velit possimus cum facilis repudiandae.', 6, 'available', '2.jpg', 98, '2018-11-30 23:52:50', '2018-11-30 23:52:50'),
(875, 'porro', 'Commodi sunt officiis commodi nulla mollitia illum illum unde. Molestias voluptate ipsum quam perspiciatis et in in.', 3, 'available', '1.jpg', 55, '2018-11-30 23:52:50', '2018-11-30 23:52:50'),
(876, 'et', 'Quaerat labore illum ut est ex.', 9, 'unavailable', '2.jpg', 159, '2018-11-30 23:52:51', '2018-11-30 23:52:51'),
(877, 'veniam', 'Provident et odit esse optio iure. Doloribus fugit eveniet odit sint minus omnis debitis fugit.', 1, 'unavailable', '3.jpg', 154, '2018-11-30 23:52:51', '2018-11-30 23:52:51'),
(878, 'quia', 'Esse eius est eos exercitationem rerum ratione.', 1, 'unavailable', '3.jpg', 79, '2018-11-30 23:52:51', '2018-11-30 23:52:51'),
(879, 'et', 'Ullam delectus maiores minus dolorum ipsum.', 7, 'unavailable', '1.jpg', 185, '2018-11-30 23:52:51', '2018-11-30 23:52:51'),
(880, 'cum', 'Iste aut quia ut dolores. Laborum voluptatem et qui sed.', 6, 'available', '3.jpg', 127, '2018-11-30 23:52:51', '2018-11-30 23:52:51'),
(881, 'incidunt', 'Occaecati et voluptatibus tempora similique. Soluta dolor error voluptate.', 10, 'unavailable', '2.jpg', 173, '2018-11-30 23:52:51', '2018-11-30 23:52:51'),
(882, 'nostrum', 'Magnam reprehenderit illo est quis porro.', 5, 'available', '1.jpg', 5, '2018-11-30 23:52:51', '2018-11-30 23:52:51'),
(883, 'delectus', 'Magnam sunt molestias perspiciatis.', 6, 'available', '2.jpg', 38, '2018-11-30 23:52:51', '2018-11-30 23:52:51'),
(884, 'amet', 'Omnis repudiandae a maiores optio. Iure aperiam voluptas et at.', 9, 'unavailable', '2.jpg', 186, '2018-11-30 23:52:51', '2018-11-30 23:52:51'),
(885, 'totam', 'Laborum qui et sapiente hic rerum expedita. Dolor autem ut eos aut.', 2, 'available', '2.jpg', 4, '2018-11-30 23:52:51', '2018-11-30 23:52:51'),
(886, 'omnis', 'Dolor dolorum voluptatem blanditiis aut.', 10, 'available', '2.jpg', 112, '2018-11-30 23:52:51', '2018-11-30 23:52:51'),
(887, 'consequatur', 'Placeat voluptatem omnis id veniam vitae. A qui dolor sint quas sapiente rerum.', 3, 'unavailable', '2.jpg', 103, '2018-11-30 23:52:51', '2018-11-30 23:52:51'),
(888, 'quia', 'Expedita voluptatem esse sed. Voluptate quia eum quis ad quis vel id.', 8, 'available', '3.jpg', 155, '2018-11-30 23:52:51', '2018-11-30 23:52:51'),
(889, 'dolor', 'Tempore et porro consectetur eos autem.', 8, 'unavailable', '1.jpg', 88, '2018-11-30 23:52:51', '2018-11-30 23:52:51'),
(890, 'rerum', 'In asperiores id at. Assumenda delectus quia soluta cum.', 1, 'available', '3.jpg', 195, '2018-11-30 23:52:51', '2018-11-30 23:52:51'),
(891, 'accusamus', 'Et voluptatem tempore numquam dolorem inventore iusto.', 2, 'unavailable', '3.jpg', 133, '2018-11-30 23:52:51', '2018-11-30 23:52:51'),
(892, 'sit', 'Sed voluptatem enim voluptatem dolore veritatis distinctio.', 9, 'available', '2.jpg', 179, '2018-11-30 23:52:51', '2018-11-30 23:52:51'),
(893, 'recusandae', 'In eum est magni voluptatem.', 6, 'available', '2.jpg', 166, '2018-11-30 23:52:51', '2018-11-30 23:52:51'),
(894, 'dolor', 'Maiores qui culpa rerum laboriosam.', 10, 'unavailable', '3.jpg', 65, '2018-11-30 23:52:51', '2018-11-30 23:52:51'),
(895, 'consectetur', 'Dolor sit sed fuga architecto culpa expedita in facilis.', 6, 'available', '1.jpg', 185, '2018-11-30 23:52:51', '2018-11-30 23:52:51'),
(896, 'enim', 'Iusto ut ullam et eaque.', 10, 'unavailable', '1.jpg', 192, '2018-11-30 23:52:51', '2018-11-30 23:52:51'),
(897, 'autem', 'Harum delectus animi nesciunt est odit id. Blanditiis similique quidem accusamus id aut inventore temporibus.', 8, 'available', '2.jpg', 90, '2018-11-30 23:52:51', '2018-11-30 23:52:51'),
(898, 'omnis', 'Quas sunt nihil inventore omnis eligendi delectus molestiae. Est iure sed quasi ut.', 2, 'unavailable', '3.jpg', 126, '2018-11-30 23:52:51', '2018-11-30 23:52:51'),
(899, 'enim', 'Libero nostrum tenetur et est rerum fugiat. Iusto tenetur eveniet quaerat perspiciatis non odio.', 8, 'unavailable', '1.jpg', 188, '2018-11-30 23:52:51', '2018-11-30 23:52:51'),
(900, 'dignissimos', 'Eum voluptates explicabo quia officiis rem. Animi ipsum ea quibusdam natus beatae.', 3, 'available', '2.jpg', 170, '2018-11-30 23:52:51', '2018-11-30 23:52:51'),
(901, 'dignissimos', 'Voluptatem aspernatur quas ea minus.', 7, 'unavailable', '3.jpg', 60, '2018-11-30 23:52:52', '2018-11-30 23:52:52'),
(902, 'illum', 'Ipsam mollitia perspiciatis sed cumque voluptatem dolore. Voluptas repellendus et ut.', 7, 'unavailable', '3.jpg', 168, '2018-11-30 23:52:52', '2018-11-30 23:52:52'),
(903, 'sed', 'Adipisci ipsum est repellendus molestiae qui officia. Non sequi nihil in repudiandae laborum et.', 8, 'available', '2.jpg', 54, '2018-11-30 23:52:52', '2018-11-30 23:52:52'),
(904, 'ipsam', 'Velit veniam id occaecati qui. Qui optio deserunt unde iure.', 3, 'unavailable', '3.jpg', 130, '2018-11-30 23:52:52', '2018-11-30 23:52:52'),
(905, 'sint', 'Doloremque omnis maxime provident assumenda quasi vitae recusandae. Sed veritatis iste occaecati pariatur.', 9, 'unavailable', '3.jpg', 79, '2018-11-30 23:52:52', '2018-11-30 23:52:52'),
(906, 'unde', 'Corrupti recusandae aspernatur voluptas aut ut.', 10, 'available', '2.jpg', 72, '2018-11-30 23:52:52', '2018-11-30 23:52:52'),
(907, 'et', 'Minima asperiores molestias beatae rerum aut unde sit dolor.', 3, 'available', '1.jpg', 100, '2018-11-30 23:52:52', '2018-11-30 23:52:52'),
(908, 'esse', 'Provident est molestiae cupiditate exercitationem iure. Voluptas fugiat iusto magni ipsa ipsam.', 2, 'unavailable', '1.jpg', 116, '2018-11-30 23:52:52', '2018-11-30 23:52:52'),
(909, 'distinctio', 'Aliquam sit inventore rerum optio voluptatem optio aut voluptas.', 1, 'available', '2.jpg', 58, '2018-11-30 23:52:52', '2018-11-30 23:52:52'),
(910, 'autem', 'Velit vel excepturi aliquid rem sunt consequuntur doloremque. Et et aut quia voluptate eveniet soluta itaque ut.', 3, 'available', '1.jpg', 136, '2018-11-30 23:52:52', '2018-11-30 23:52:52'),
(911, 'aut', 'Maiores odio nam fugiat ut ad ut similique.', 2, 'unavailable', '1.jpg', 60, '2018-11-30 23:52:52', '2018-11-30 23:52:52'),
(912, 'temporibus', 'Dolores et maxime soluta tenetur dignissimos.', 8, 'available', '2.jpg', 66, '2018-11-30 23:52:52', '2018-11-30 23:52:52'),
(913, 'perferendis', 'Unde qui deserunt optio eius ut quae. Sunt nobis maiores ipsa tempore.', 8, 'unavailable', '2.jpg', 80, '2018-11-30 23:52:52', '2018-11-30 23:52:52'),
(914, 'fuga', 'Dolores sit placeat voluptatem est omnis. Ea tempore voluptatem enim non odio non optio.', 9, 'unavailable', '2.jpg', 11, '2018-11-30 23:52:52', '2018-11-30 23:52:52'),
(915, 'quaerat', 'Accusantium voluptatem dolorem incidunt.', 3, 'available', '1.jpg', 49, '2018-11-30 23:52:52', '2018-11-30 23:52:52'),
(916, 'est', 'Sit et ipsum et aut non.', 2, 'available', '1.jpg', 181, '2018-11-30 23:52:52', '2018-11-30 23:52:52'),
(917, 'nostrum', 'Aliquam accusamus expedita ipsum harum.', 6, 'unavailable', '2.jpg', 151, '2018-11-30 23:52:52', '2018-11-30 23:52:52'),
(918, 'dolores', 'Tempora quis dolorem quis sit. Totam dolores quasi sapiente beatae voluptates.', 5, 'unavailable', '2.jpg', 133, '2018-11-30 23:52:52', '2018-11-30 23:52:52'),
(919, 'distinctio', 'Minima sequi neque sunt nobis.', 7, 'unavailable', '3.jpg', 81, '2018-11-30 23:52:52', '2018-11-30 23:52:52'),
(920, 'dolores', 'Ipsam excepturi amet et minus quibusdam fugiat et.', 5, 'available', '3.jpg', 28, '2018-11-30 23:52:52', '2018-11-30 23:52:52'),
(921, 'perferendis', 'Molestiae dolores quis cumque.', 8, 'unavailable', '3.jpg', 122, '2018-11-30 23:52:52', '2018-11-30 23:52:52'),
(922, 'reprehenderit', 'Saepe sequi sit praesentium expedita amet sed.', 9, 'available', '1.jpg', 186, '2018-11-30 23:52:52', '2018-11-30 23:52:52'),
(923, 'porro', 'Similique nostrum molestiae iure eius.', 1, 'available', '2.jpg', 29, '2018-11-30 23:52:53', '2018-11-30 23:52:53'),
(924, 'nemo', 'Officia vel sed molestias.', 8, 'unavailable', '1.jpg', 36, '2018-11-30 23:52:53', '2018-11-30 23:52:53'),
(925, 'eaque', 'Ducimus voluptate quidem optio voluptatem quia et architecto.', 8, 'available', '2.jpg', 169, '2018-11-30 23:52:53', '2018-11-30 23:52:53'),
(926, 'omnis', 'Doloremque eos quibusdam quo qui minima similique temporibus.', 4, 'unavailable', '3.jpg', 27, '2018-11-30 23:52:53', '2018-11-30 23:52:53'),
(927, 'quis', 'Sit voluptatum molestiae nihil doloremque aut.', 5, 'unavailable', '2.jpg', 23, '2018-11-30 23:52:53', '2018-11-30 23:52:53'),
(928, 'nam', 'Delectus consectetur et aliquid rerum sed. Porro quia minima consequatur sunt est adipisci magni.', 9, 'unavailable', '1.jpg', 153, '2018-11-30 23:52:53', '2018-11-30 23:52:53'),
(929, 'quos', 'Cumque quis aut qui. Odio velit unde voluptatem et distinctio reprehenderit.', 1, 'unavailable', '3.jpg', 197, '2018-11-30 23:52:53', '2018-11-30 23:52:53');
INSERT INTO `products` (`id`, `name`, `description`, `quantity`, `status`, `image`, `seller_id`, `created_at`, `updated_at`) VALUES
(930, 'corrupti', 'Error temporibus itaque odio et quia incidunt quis.', 5, 'available', '2.jpg', 63, '2018-11-30 23:52:53', '2018-11-30 23:52:53'),
(931, 'eum', 'Repudiandae et velit voluptas est repellat harum quo minus.', 2, 'available', '2.jpg', 136, '2018-11-30 23:52:53', '2018-11-30 23:52:53'),
(932, 'animi', 'Aut doloribus impedit sed magni.', 6, 'available', '1.jpg', 39, '2018-11-30 23:52:53', '2018-11-30 23:52:53'),
(933, 'neque', 'Velit reiciendis nulla autem quod.', 2, 'unavailable', '1.jpg', 167, '2018-11-30 23:52:53', '2018-11-30 23:52:53'),
(934, 'quaerat', 'Error aut deserunt asperiores saepe.', 5, 'available', '3.jpg', 152, '2018-11-30 23:52:53', '2018-11-30 23:52:53'),
(935, 'doloribus', 'Voluptatem delectus recusandae repellendus. Sit amet dolor vitae rerum ut et quo.', 1, 'unavailable', '3.jpg', 63, '2018-11-30 23:52:53', '2018-11-30 23:52:53'),
(936, 'maxime', 'Non aut voluptates odio voluptatum in commodi.', 6, 'available', '1.jpg', 145, '2018-11-30 23:52:53', '2018-11-30 23:52:53'),
(937, 'aut', 'Quia sapiente aut nobis suscipit porro. Odit illo quibusdam explicabo non autem ea nisi.', 5, 'unavailable', '3.jpg', 192, '2018-11-30 23:52:53', '2018-11-30 23:52:53'),
(938, 'id', 'Ratione et quasi saepe nesciunt et commodi voluptatem. Et commodi atque non doloremque.', 8, 'available', '2.jpg', 43, '2018-11-30 23:52:53', '2018-11-30 23:52:53'),
(939, 'ea', 'Incidunt voluptatum tempore ullam. Enim consequatur et id necessitatibus dolor.', 3, 'unavailable', '3.jpg', 155, '2018-11-30 23:52:53', '2018-11-30 23:52:53'),
(940, 'commodi', 'Quo vero et nihil perspiciatis aliquam cumque aliquam. Culpa doloremque corrupti ut ab quidem numquam sed.', 9, 'available', '1.jpg', 84, '2018-11-30 23:52:53', '2018-11-30 23:52:53'),
(941, 'commodi', 'Cupiditate optio aut sint et quae.', 5, 'available', '3.jpg', 61, '2018-11-30 23:52:53', '2018-11-30 23:52:53'),
(942, 'labore', 'Eos officia qui harum nesciunt. Eum accusantium alias temporibus sunt expedita debitis.', 4, 'unavailable', '1.jpg', 54, '2018-11-30 23:52:53', '2018-11-30 23:52:53'),
(943, 'fuga', 'Facere rerum pariatur accusantium suscipit quia asperiores.', 5, 'unavailable', '3.jpg', 73, '2018-11-30 23:52:53', '2018-11-30 23:52:53'),
(944, 'et', 'Necessitatibus magni error culpa perferendis enim eveniet tenetur neque. Qui commodi sed iste aut reprehenderit.', 7, 'available', '1.jpg', 27, '2018-11-30 23:52:53', '2018-11-30 23:52:53'),
(945, 'dolorum', 'Facere corporis ea rem recusandae est. Repudiandae suscipit porro voluptatem incidunt asperiores.', 4, 'unavailable', '3.jpg', 52, '2018-11-30 23:52:53', '2018-11-30 23:52:53'),
(946, 'consequatur', 'Autem fugiat velit blanditiis repellat suscipit perspiciatis ea. Excepturi laborum rerum itaque vel neque.', 2, 'unavailable', '2.jpg', 29, '2018-11-30 23:52:54', '2018-11-30 23:52:54'),
(947, 'distinctio', 'Ut libero reprehenderit et molestiae enim et. Quibusdam ut recusandae qui officia.', 3, 'available', '1.jpg', 42, '2018-11-30 23:52:54', '2018-11-30 23:52:54'),
(948, 'accusantium', 'Repudiandae adipisci eius officia impedit.', 10, 'available', '1.jpg', 25, '2018-11-30 23:52:54', '2018-11-30 23:52:54'),
(949, 'quidem', 'Voluptas omnis qui ex aut. Ea et officia voluptas illo in.', 6, 'available', '3.jpg', 109, '2018-11-30 23:52:54', '2018-11-30 23:52:54'),
(950, 'ut', 'Ut quisquam omnis quidem sed nisi qui. Optio in consequuntur earum ipsam et libero velit.', 2, 'available', '1.jpg', 28, '2018-11-30 23:52:54', '2018-11-30 23:52:54'),
(951, 'omnis', 'Est debitis consequatur quod placeat. Aut aperiam fuga quaerat suscipit.', 3, 'unavailable', '1.jpg', 35, '2018-11-30 23:52:54', '2018-11-30 23:52:54'),
(952, 'et', 'Iure quisquam expedita sit tempora.', 7, 'unavailable', '2.jpg', 184, '2018-11-30 23:52:54', '2018-11-30 23:52:54'),
(953, 'eaque', 'Quasi rerum autem dolorem eius ut non placeat.', 9, 'unavailable', '3.jpg', 143, '2018-11-30 23:52:54', '2018-11-30 23:52:54'),
(954, 'voluptates', 'Odit odit totam dolorum nihil.', 3, 'available', '2.jpg', 54, '2018-11-30 23:52:54', '2018-11-30 23:52:54'),
(955, 'assumenda', 'Numquam voluptas culpa et et est ad ut.', 2, 'unavailable', '1.jpg', 12, '2018-11-30 23:52:54', '2018-11-30 23:52:54'),
(956, 'excepturi', 'Aut libero et earum in qui vel voluptatem libero.', 9, 'available', '3.jpg', 159, '2018-11-30 23:52:54', '2018-11-30 23:52:54'),
(957, 'doloremque', 'Tempore perspiciatis dolore suscipit natus quis architecto eos assumenda. Est consequuntur natus ad officiis enim culpa.', 2, 'available', '2.jpg', 134, '2018-11-30 23:52:54', '2018-11-30 23:52:54'),
(958, 'voluptas', 'Dolore eius odio vel qui quo odit.', 5, 'unavailable', '1.jpg', 82, '2018-11-30 23:52:54', '2018-11-30 23:52:54'),
(959, 'vitae', 'Nulla autem aperiam temporibus natus.', 3, 'available', '2.jpg', 58, '2018-11-30 23:52:54', '2018-11-30 23:52:54'),
(960, 'atque', 'Quis perspiciatis et dicta.', 4, 'available', '1.jpg', 53, '2018-11-30 23:52:54', '2018-11-30 23:52:54'),
(961, 'labore', 'Architecto laboriosam explicabo occaecati neque iusto dolorem dignissimos. Ullam culpa sequi similique voluptatem aut vitae fuga.', 7, 'unavailable', '3.jpg', 128, '2018-11-30 23:52:54', '2018-11-30 23:52:54'),
(962, 'qui', 'Fugit eius et natus sapiente et suscipit consequatur sunt. A suscipit debitis consequatur quam magnam.', 8, 'available', '2.jpg', 118, '2018-11-30 23:52:54', '2018-11-30 23:52:54'),
(963, 'voluptatibus', 'Voluptatem delectus at optio architecto sunt delectus temporibus. Deserunt quis consequatur maxime ratione dolorem quisquam.', 7, 'unavailable', '2.jpg', 62, '2018-11-30 23:52:54', '2018-11-30 23:52:54'),
(964, 'veritatis', 'Quia accusantium quam dolores mollitia.', 7, 'unavailable', '1.jpg', 74, '2018-11-30 23:52:54', '2018-11-30 23:52:54'),
(965, 'et', 'Et ea amet qui nam.', 7, 'unavailable', '2.jpg', 28, '2018-11-30 23:52:54', '2018-11-30 23:52:54'),
(966, 'cupiditate', 'Ipsa reprehenderit quibusdam qui commodi ea atque.', 5, 'available', '1.jpg', 193, '2018-11-30 23:52:54', '2018-11-30 23:52:54'),
(967, 'occaecati', 'Esse laudantium culpa at qui ut commodi ut. Ea iure necessitatibus officiis ut beatae soluta laborum.', 4, 'available', '2.jpg', 117, '2018-11-30 23:52:54', '2018-11-30 23:52:54'),
(968, 'inventore', 'Ad error et velit repudiandae possimus neque explicabo.', 10, 'unavailable', '2.jpg', 73, '2018-11-30 23:52:55', '2018-11-30 23:52:55'),
(969, 'quos', 'Iste ut vero nostrum ratione.', 6, 'unavailable', '3.jpg', 82, '2018-11-30 23:52:55', '2018-11-30 23:52:55'),
(970, 'quos', 'Qui error alias ad dolores similique. Quo labore sunt ut culpa qui dolor et.', 1, 'unavailable', '1.jpg', 124, '2018-11-30 23:52:55', '2018-11-30 23:52:55'),
(971, 'ducimus', 'Laborum voluptas quos iste rerum facilis debitis excepturi. Aliquid maxime ut perspiciatis ad itaque.', 7, 'available', '3.jpg', 109, '2018-11-30 23:52:55', '2018-11-30 23:52:55'),
(972, 'facilis', 'Eaque ut expedita veritatis officiis cum molestias sed.', 2, 'available', '2.jpg', 132, '2018-11-30 23:52:55', '2018-11-30 23:52:55'),
(973, 'aliquam', 'Ut nisi exercitationem ea nam. Illo atque porro error.', 1, 'unavailable', '3.jpg', 189, '2018-11-30 23:52:55', '2018-11-30 23:52:55'),
(974, 'inventore', 'Quis perspiciatis ab a.', 5, 'available', '1.jpg', 92, '2018-11-30 23:52:55', '2018-11-30 23:52:55'),
(975, 'ut', 'Eveniet ipsam impedit quisquam autem a minus eos. Reprehenderit quo labore laborum officia culpa et sed.', 7, 'available', '3.jpg', 32, '2018-11-30 23:52:55', '2018-11-30 23:52:55'),
(976, 'voluptatem', 'Aperiam officia non voluptas delectus id qui facere quidem. Qui sit et molestias temporibus sed vero consequatur vero.', 3, 'available', '2.jpg', 110, '2018-11-30 23:52:55', '2018-11-30 23:52:55'),
(977, 'omnis', 'Error dolor ex incidunt non perspiciatis. Nobis laboriosam id aliquam aut doloremque qui sed.', 9, 'available', '1.jpg', 39, '2018-11-30 23:52:55', '2018-11-30 23:52:55'),
(978, 'qui', 'Rem est non tempore rerum.', 8, 'unavailable', '2.jpg', 80, '2018-11-30 23:52:55', '2018-11-30 23:52:55'),
(979, 'incidunt', 'Tempora dolores quam odit itaque doloribus illo.', 9, 'unavailable', '2.jpg', 75, '2018-11-30 23:52:55', '2018-11-30 23:52:55'),
(980, 'iusto', 'Sequi aut omnis earum sed numquam autem. Earum et eligendi doloribus ipsum.', 5, 'unavailable', '2.jpg', 148, '2018-11-30 23:52:55', '2018-11-30 23:52:55'),
(981, 'facere', 'Cumque et cum doloribus harum quia.', 5, 'unavailable', '2.jpg', 104, '2018-11-30 23:52:55', '2018-11-30 23:52:55'),
(982, 'earum', 'Commodi distinctio corporis est ut sapiente dolorem nemo est.', 8, 'unavailable', '1.jpg', 130, '2018-11-30 23:52:55', '2018-11-30 23:52:55'),
(983, 'quod', 'Maxime et qui rem. Voluptas pariatur et eius ut quod.', 6, 'unavailable', '3.jpg', 189, '2018-11-30 23:52:55', '2018-11-30 23:52:55'),
(984, 'id', 'Eum aliquid cupiditate aut quam architecto facilis et.', 6, 'unavailable', '1.jpg', 1, '2018-11-30 23:52:55', '2018-11-30 23:52:55'),
(985, 'enim', 'Corporis eligendi doloremque officiis et vero recusandae.', 10, 'unavailable', '1.jpg', 180, '2018-11-30 23:52:55', '2018-11-30 23:52:55'),
(986, 'voluptates', 'Adipisci dolores quasi magni sint voluptas. Officia corrupti aut sequi nihil vel.', 9, 'available', '2.jpg', 94, '2018-11-30 23:52:55', '2018-11-30 23:52:55'),
(987, 'iusto', 'Delectus harum labore qui est ipsa.', 9, 'available', '3.jpg', 55, '2018-11-30 23:52:55', '2018-11-30 23:52:55'),
(988, 'sit', 'Possimus accusamus placeat sed quaerat sunt nostrum quae. Tempora voluptatem sed quia voluptas nobis sed nulla.', 7, 'available', '2.jpg', 81, '2018-11-30 23:52:55', '2018-11-30 23:52:55'),
(989, 'ut', 'Molestiae quia architecto quidem tempora quis ut.', 5, 'available', '1.jpg', 69, '2018-11-30 23:52:55', '2018-11-30 23:52:55'),
(990, 'rerum', 'Aut illum sequi et sunt velit recusandae eaque vel.', 6, 'available', '2.jpg', 32, '2018-11-30 23:52:55', '2018-11-30 23:52:55'),
(991, 'accusantium', 'Dolorem voluptas tempora sed soluta.', 1, 'unavailable', '1.jpg', 50, '2018-11-30 23:52:56', '2018-11-30 23:52:56'),
(992, 'sit', 'Ullam sequi qui nam non sed. Et temporibus consectetur at laboriosam cumque occaecati laudantium.', 10, 'unavailable', '3.jpg', 16, '2018-11-30 23:52:56', '2018-11-30 23:52:56'),
(993, 'consequuntur', 'Quas non ullam pariatur sed odit aut nesciunt. Earum nihil omnis iure nesciunt delectus.', 6, 'unavailable', '1.jpg', 6, '2018-11-30 23:52:56', '2018-11-30 23:52:56'),
(994, 'est', 'Odio et rem consequatur debitis totam corporis.', 3, 'unavailable', '1.jpg', 119, '2018-11-30 23:52:56', '2018-11-30 23:52:56'),
(995, 'minima', 'Reiciendis id dicta accusantium aut natus earum non consequatur.', 5, 'unavailable', '2.jpg', 190, '2018-11-30 23:52:56', '2018-11-30 23:52:56'),
(996, 'et', 'Quod dolorem ex et tempore excepturi. Quasi quam optio aliquam dolore.', 8, 'available', '3.jpg', 80, '2018-11-30 23:52:56', '2018-11-30 23:52:56'),
(997, 'quia', 'Ratione nihil est dolores id nam optio. Cumque dolores a maxime atque aut consequatur.', 9, 'available', '2.jpg', 163, '2018-11-30 23:52:56', '2018-11-30 23:52:56'),
(998, 'quaerat', 'Nulla corporis voluptatem aut a sint. Corporis soluta perferendis sed ut in odit.', 4, 'unavailable', '2.jpg', 104, '2018-11-30 23:52:56', '2018-11-30 23:52:56'),
(999, 'est', 'Ullam ea accusantium laudantium rerum.', 4, 'available', '1.jpg', 185, '2018-11-30 23:52:56', '2018-11-30 23:52:56'),
(1000, 'sit', 'Similique et ducimus voluptas nostrum eaque temporibus occaecati.', 2, 'unavailable', '1.jpg', 137, '2018-11-30 23:52:56', '2018-11-30 23:52:56');

-- --------------------------------------------------------

--
-- Table structure for table `transactions`
--

CREATE TABLE `transactions` (
  `id` int(10) UNSIGNED NOT NULL,
  `quantity` int(10) UNSIGNED NOT NULL,
  `buyer_id` int(10) UNSIGNED NOT NULL,
  `product_id` int(10) UNSIGNED NOT NULL,
  `created_at` timestamp NULL DEFAULT NULL,
  `updated_at` timestamp NULL DEFAULT NULL
) ENGINE=InnoDB DEFAULT CHARSET=utf8mb4 COLLATE=utf8mb4_unicode_ci;

--
-- Dumping data for table `transactions`
--

INSERT INTO `transactions` (`id`, `quantity`, `buyer_id`, `product_id`, `created_at`, `updated_at`) VALUES
(1, 3, 81, 38, '2018-11-30 23:53:54', '2018-11-30 23:53:54'),
(2, 3, 35, 20, '2018-11-30 23:53:54', '2018-11-30 23:53:54'),
(3, 2, 125, 279, '2018-11-30 23:53:54', '2018-11-30 23:53:54'),
(4, 1, 24, 262, '2018-11-30 23:53:54', '2018-11-30 23:53:54'),
(5, 2, 163, 148, '2018-11-30 23:53:54', '2018-11-30 23:53:54'),
(6, 1, 88, 878, '2018-11-30 23:53:54', '2018-11-30 23:53:54'),
(7, 3, 63, 15, '2018-11-30 23:53:54', '2018-11-30 23:53:54'),
(8, 1, 80, 645, '2018-11-30 23:53:54', '2018-11-30 23:53:54'),
(9, 1, 168, 828, '2018-11-30 23:53:54', '2018-11-30 23:53:54'),
(10, 3, 103, 946, '2018-11-30 23:53:54', '2018-11-30 23:53:54'),
(11, 2, 66, 609, '2018-11-30 23:53:55', '2018-11-30 23:53:55'),
(12, 3, 65, 538, '2018-11-30 23:53:55', '2018-11-30 23:53:55'),
(13, 3, 174, 225, '2018-11-30 23:53:55', '2018-11-30 23:53:55'),
(14, 2, 97, 994, '2018-11-30 23:53:55', '2018-11-30 23:53:55'),
(15, 2, 52, 784, '2018-11-30 23:53:55', '2018-11-30 23:53:55'),
(16, 1, 36, 372, '2018-11-30 23:53:55', '2018-11-30 23:53:55'),
(17, 3, 84, 871, '2018-11-30 23:53:55', '2018-11-30 23:53:55'),
(18, 1, 196, 533, '2018-11-30 23:53:55', '2018-11-30 23:53:55'),
(19, 2, 31, 340, '2018-11-30 23:53:55', '2018-11-30 23:53:55'),
(20, 1, 156, 747, '2018-11-30 23:53:55', '2018-11-30 23:53:55'),
(21, 1, 160, 40, '2018-11-30 23:53:55', '2018-11-30 23:53:55'),
(22, 2, 32, 719, '2018-11-30 23:53:55', '2018-11-30 23:53:55'),
(23, 2, 160, 455, '2018-11-30 23:53:55', '2018-11-30 23:53:55'),
(24, 3, 116, 624, '2018-11-30 23:53:55', '2018-11-30 23:53:55'),
(25, 3, 62, 849, '2018-11-30 23:53:55', '2018-11-30 23:53:55'),
(26, 3, 55, 720, '2018-11-30 23:53:55', '2018-11-30 23:53:55'),
(27, 2, 4, 314, '2018-11-30 23:53:55', '2018-11-30 23:53:55'),
(28, 2, 158, 266, '2018-11-30 23:53:55', '2018-11-30 23:53:55'),
(29, 1, 177, 398, '2018-11-30 23:53:55', '2018-11-30 23:53:55'),
(30, 2, 110, 51, '2018-11-30 23:53:55', '2018-11-30 23:53:55'),
(31, 2, 108, 467, '2018-11-30 23:53:55', '2018-11-30 23:53:55'),
(32, 2, 85, 727, '2018-11-30 23:53:55', '2018-11-30 23:53:55'),
(33, 3, 10, 463, '2018-11-30 23:53:55', '2018-11-30 23:53:55'),
(34, 3, 88, 102, '2018-11-30 23:53:55', '2018-11-30 23:53:55'),
(35, 3, 57, 795, '2018-11-30 23:53:55', '2018-11-30 23:53:55'),
(36, 1, 36, 412, '2018-11-30 23:53:55', '2018-11-30 23:53:55'),
(37, 1, 80, 249, '2018-11-30 23:53:56', '2018-11-30 23:53:56'),
(38, 3, 27, 464, '2018-11-30 23:53:56', '2018-11-30 23:53:56'),
(39, 2, 26, 268, '2018-11-30 23:53:56', '2018-11-30 23:53:56'),
(40, 1, 62, 899, '2018-11-30 23:53:56', '2018-11-30 23:53:56'),
(41, 2, 148, 42, '2018-11-30 23:53:56', '2018-11-30 23:53:56'),
(42, 1, 49, 844, '2018-11-30 23:53:56', '2018-11-30 23:53:56'),
(43, 2, 169, 827, '2018-11-30 23:53:56', '2018-11-30 23:53:56'),
(44, 3, 151, 632, '2018-11-30 23:53:56', '2018-11-30 23:53:56'),
(45, 3, 151, 750, '2018-11-30 23:53:56', '2018-11-30 23:53:56'),
(46, 3, 140, 203, '2018-11-30 23:53:56', '2018-11-30 23:53:56'),
(47, 1, 175, 947, '2018-11-30 23:53:56', '2018-11-30 23:53:56'),
(48, 2, 100, 846, '2018-11-30 23:53:56', '2018-11-30 23:53:56'),
(49, 1, 17, 579, '2018-11-30 23:53:56', '2018-11-30 23:53:56'),
(50, 1, 180, 123, '2018-11-30 23:53:56', '2018-11-30 23:53:56'),
(51, 2, 198, 777, '2018-11-30 23:53:56', '2018-11-30 23:53:56'),
(52, 2, 40, 901, '2018-11-30 23:53:56', '2018-11-30 23:53:56'),
(53, 1, 6, 572, '2018-11-30 23:53:56', '2018-11-30 23:53:56'),
(54, 2, 118, 859, '2018-11-30 23:53:56', '2018-11-30 23:53:56'),
(55, 1, 152, 993, '2018-11-30 23:53:56', '2018-11-30 23:53:56'),
(56, 3, 155, 110, '2018-11-30 23:53:56', '2018-11-30 23:53:56'),
(57, 2, 105, 973, '2018-11-30 23:53:56', '2018-11-30 23:53:56'),
(58, 1, 162, 638, '2018-11-30 23:53:56', '2018-11-30 23:53:56'),
(59, 3, 149, 589, '2018-11-30 23:53:57', '2018-11-30 23:53:57'),
(60, 2, 105, 611, '2018-11-30 23:53:57', '2018-11-30 23:53:57'),
(61, 3, 10, 804, '2018-11-30 23:53:57', '2018-11-30 23:53:57'),
(62, 1, 130, 356, '2018-11-30 23:53:57', '2018-11-30 23:53:57'),
(63, 1, 153, 42, '2018-11-30 23:53:57', '2018-11-30 23:53:57'),
(64, 3, 40, 623, '2018-11-30 23:53:57', '2018-11-30 23:53:57'),
(65, 1, 199, 291, '2018-11-30 23:53:57', '2018-11-30 23:53:57'),
(66, 2, 190, 398, '2018-11-30 23:53:57', '2018-11-30 23:53:57'),
(67, 3, 4, 151, '2018-11-30 23:53:57', '2018-11-30 23:53:57'),
(68, 1, 85, 939, '2018-11-30 23:53:57', '2018-11-30 23:53:57'),
(69, 1, 69, 268, '2018-11-30 23:53:57', '2018-11-30 23:53:57'),
(70, 1, 166, 55, '2018-11-30 23:53:57', '2018-11-30 23:53:57'),
(71, 3, 127, 71, '2018-11-30 23:53:57', '2018-11-30 23:53:57'),
(72, 1, 109, 385, '2018-11-30 23:53:57', '2018-11-30 23:53:57'),
(73, 2, 35, 742, '2018-11-30 23:53:57', '2018-11-30 23:53:57'),
(74, 2, 85, 673, '2018-11-30 23:53:57', '2018-11-30 23:53:57'),
(75, 2, 174, 84, '2018-11-30 23:53:57', '2018-11-30 23:53:57'),
(76, 3, 132, 94, '2018-11-30 23:53:57', '2018-11-30 23:53:57'),
(77, 3, 119, 330, '2018-11-30 23:53:57', '2018-11-30 23:53:57'),
(78, 1, 6, 877, '2018-11-30 23:53:57', '2018-11-30 23:53:57'),
(79, 1, 136, 591, '2018-11-30 23:53:57', '2018-11-30 23:53:57'),
(80, 2, 114, 720, '2018-11-30 23:53:57', '2018-11-30 23:53:57'),
(81, 3, 19, 916, '2018-11-30 23:53:57', '2018-11-30 23:53:57'),
(82, 3, 95, 657, '2018-11-30 23:53:57', '2018-11-30 23:53:57'),
(83, 2, 107, 992, '2018-11-30 23:53:57', '2018-11-30 23:53:57'),
(84, 2, 2, 486, '2018-11-30 23:53:57', '2018-11-30 23:53:57'),
(85, 3, 24, 122, '2018-11-30 23:53:58', '2018-11-30 23:53:58'),
(86, 1, 179, 246, '2018-11-30 23:53:58', '2018-11-30 23:53:58'),
(87, 1, 147, 105, '2018-11-30 23:53:58', '2018-11-30 23:53:58'),
(88, 2, 174, 29, '2018-11-30 23:53:58', '2018-11-30 23:53:58'),
(89, 3, 183, 505, '2018-11-30 23:53:58', '2018-11-30 23:53:58'),
(90, 1, 195, 900, '2018-11-30 23:53:58', '2018-11-30 23:53:58'),
(91, 2, 129, 331, '2018-11-30 23:53:58', '2018-11-30 23:53:58'),
(92, 1, 128, 316, '2018-11-30 23:53:58', '2018-11-30 23:53:58'),
(93, 2, 117, 646, '2018-11-30 23:53:58', '2018-11-30 23:53:58'),
(94, 3, 51, 693, '2018-11-30 23:53:58', '2018-11-30 23:53:58'),
(95, 1, 9, 876, '2018-11-30 23:53:58', '2018-11-30 23:53:58'),
(96, 1, 143, 618, '2018-11-30 23:53:58', '2018-11-30 23:53:58'),
(97, 2, 22, 289, '2018-11-30 23:53:58', '2018-11-30 23:53:58'),
(98, 1, 169, 771, '2018-11-30 23:53:58', '2018-11-30 23:53:58'),
(99, 3, 91, 406, '2018-11-30 23:53:58', '2018-11-30 23:53:58'),
(100, 2, 177, 770, '2018-11-30 23:53:58', '2018-11-30 23:53:58'),
(101, 3, 121, 454, '2018-11-30 23:53:58', '2018-11-30 23:53:58'),
(102, 1, 19, 620, '2018-11-30 23:53:58', '2018-11-30 23:53:58'),
(103, 1, 1, 312, '2018-11-30 23:53:58', '2018-11-30 23:53:58'),
(104, 2, 139, 28, '2018-11-30 23:53:58', '2018-11-30 23:53:58'),
(105, 3, 105, 612, '2018-11-30 23:53:58', '2018-11-30 23:53:58'),
(106, 2, 14, 221, '2018-11-30 23:53:58', '2018-11-30 23:53:58'),
(107, 2, 69, 632, '2018-11-30 23:53:58', '2018-11-30 23:53:58'),
(108, 2, 57, 859, '2018-11-30 23:53:58', '2018-11-30 23:53:58'),
(109, 3, 73, 145, '2018-11-30 23:53:59', '2018-11-30 23:53:59'),
(110, 3, 15, 815, '2018-11-30 23:53:59', '2018-11-30 23:53:59'),
(111, 1, 153, 422, '2018-11-30 23:53:59', '2018-11-30 23:53:59'),
(112, 2, 182, 645, '2018-11-30 23:53:59', '2018-11-30 23:53:59'),
(113, 1, 32, 285, '2018-11-30 23:53:59', '2018-11-30 23:53:59'),
(114, 1, 82, 443, '2018-11-30 23:53:59', '2018-11-30 23:53:59'),
(115, 2, 188, 201, '2018-11-30 23:53:59', '2018-11-30 23:53:59'),
(116, 2, 51, 330, '2018-11-30 23:53:59', '2018-11-30 23:53:59'),
(117, 3, 74, 6, '2018-11-30 23:53:59', '2018-11-30 23:53:59'),
(118, 2, 115, 709, '2018-11-30 23:53:59', '2018-11-30 23:53:59'),
(119, 3, 173, 256, '2018-11-30 23:53:59', '2018-11-30 23:53:59'),
(120, 1, 188, 589, '2018-11-30 23:53:59', '2018-11-30 23:53:59'),
(121, 3, 128, 645, '2018-11-30 23:53:59', '2018-11-30 23:53:59'),
(122, 2, 57, 549, '2018-11-30 23:53:59', '2018-11-30 23:53:59'),
(123, 2, 26, 885, '2018-11-30 23:53:59', '2018-11-30 23:53:59'),
(124, 3, 147, 310, '2018-11-30 23:53:59', '2018-11-30 23:53:59'),
(125, 1, 130, 683, '2018-11-30 23:53:59', '2018-11-30 23:53:59'),
(126, 1, 68, 711, '2018-11-30 23:53:59', '2018-11-30 23:53:59'),
(127, 2, 133, 116, '2018-11-30 23:53:59', '2018-11-30 23:53:59'),
(128, 1, 149, 750, '2018-11-30 23:53:59', '2018-11-30 23:53:59'),
(129, 1, 40, 993, '2018-11-30 23:53:59', '2018-11-30 23:53:59'),
(130, 1, 114, 126, '2018-11-30 23:53:59', '2018-11-30 23:53:59'),
(131, 2, 76, 723, '2018-11-30 23:53:59', '2018-11-30 23:53:59'),
(132, 1, 189, 849, '2018-11-30 23:53:59', '2018-11-30 23:53:59'),
(133, 2, 124, 135, '2018-11-30 23:54:00', '2018-11-30 23:54:00'),
(134, 2, 36, 181, '2018-11-30 23:54:00', '2018-11-30 23:54:00'),
(135, 1, 142, 461, '2018-11-30 23:54:00', '2018-11-30 23:54:00'),
(136, 1, 186, 372, '2018-11-30 23:54:00', '2018-11-30 23:54:00'),
(137, 3, 142, 32, '2018-11-30 23:54:00', '2018-11-30 23:54:00'),
(138, 2, 84, 44, '2018-11-30 23:54:00', '2018-11-30 23:54:00'),
(139, 1, 64, 871, '2018-11-30 23:54:00', '2018-11-30 23:54:00'),
(140, 1, 111, 338, '2018-11-30 23:54:00', '2018-11-30 23:54:00'),
(141, 2, 116, 99, '2018-11-30 23:54:00', '2018-11-30 23:54:00'),
(142, 1, 27, 470, '2018-11-30 23:54:00', '2018-11-30 23:54:00'),
(143, 1, 48, 221, '2018-11-30 23:54:00', '2018-11-30 23:54:00'),
(144, 2, 56, 208, '2018-11-30 23:54:00', '2018-11-30 23:54:00'),
(145, 2, 128, 416, '2018-11-30 23:54:00', '2018-11-30 23:54:00'),
(146, 2, 89, 797, '2018-11-30 23:54:00', '2018-11-30 23:54:00'),
(147, 3, 64, 517, '2018-11-30 23:54:00', '2018-11-30 23:54:00'),
(148, 1, 148, 973, '2018-11-30 23:54:00', '2018-11-30 23:54:00'),
(149, 2, 111, 993, '2018-11-30 23:54:00', '2018-11-30 23:54:00'),
(150, 2, 70, 923, '2018-11-30 23:54:00', '2018-11-30 23:54:00'),
(151, 2, 32, 791, '2018-11-30 23:54:00', '2018-11-30 23:54:00'),
(152, 1, 76, 836, '2018-11-30 23:54:00', '2018-11-30 23:54:00'),
(153, 3, 175, 974, '2018-11-30 23:54:00', '2018-11-30 23:54:00'),
(154, 3, 91, 532, '2018-11-30 23:54:00', '2018-11-30 23:54:00'),
(155, 2, 84, 25, '2018-11-30 23:54:00', '2018-11-30 23:54:00'),
(156, 1, 4, 243, '2018-11-30 23:54:00', '2018-11-30 23:54:00'),
(157, 1, 178, 142, '2018-11-30 23:54:00', '2018-11-30 23:54:00'),
(158, 2, 22, 786, '2018-11-30 23:54:00', '2018-11-30 23:54:00'),
(159, 2, 191, 344, '2018-11-30 23:54:00', '2018-11-30 23:54:00'),
(160, 3, 8, 727, '2018-11-30 23:54:01', '2018-11-30 23:54:01'),
(161, 3, 84, 974, '2018-11-30 23:54:01', '2018-11-30 23:54:01'),
(162, 2, 198, 695, '2018-11-30 23:54:01', '2018-11-30 23:54:01'),
(163, 2, 110, 139, '2018-11-30 23:54:01', '2018-11-30 23:54:01'),
(164, 1, 175, 724, '2018-11-30 23:54:01', '2018-11-30 23:54:01'),
(165, 2, 59, 989, '2018-11-30 23:54:01', '2018-11-30 23:54:01'),
(166, 3, 77, 155, '2018-11-30 23:54:01', '2018-11-30 23:54:01'),
(167, 3, 142, 915, '2018-11-30 23:54:01', '2018-11-30 23:54:01'),
(168, 1, 195, 768, '2018-11-30 23:54:01', '2018-11-30 23:54:01'),
(169, 2, 154, 654, '2018-11-30 23:54:01', '2018-11-30 23:54:01'),
(170, 1, 27, 556, '2018-11-30 23:54:01', '2018-11-30 23:54:01'),
(171, 2, 8, 80, '2018-11-30 23:54:01', '2018-11-30 23:54:01'),
(172, 1, 67, 107, '2018-11-30 23:54:01', '2018-11-30 23:54:01'),
(173, 2, 58, 679, '2018-11-30 23:54:01', '2018-11-30 23:54:01'),
(174, 2, 19, 391, '2018-11-30 23:54:01', '2018-11-30 23:54:01'),
(175, 2, 19, 478, '2018-11-30 23:54:01', '2018-11-30 23:54:01'),
(176, 1, 174, 279, '2018-11-30 23:54:01', '2018-11-30 23:54:01'),
(177, 3, 171, 140, '2018-11-30 23:54:01', '2018-11-30 23:54:01'),
(178, 2, 165, 532, '2018-11-30 23:54:01', '2018-11-30 23:54:01'),
(179, 1, 26, 893, '2018-11-30 23:54:01', '2018-11-30 23:54:01'),
(180, 1, 122, 659, '2018-11-30 23:54:01', '2018-11-30 23:54:01'),
(181, 1, 28, 443, '2018-11-30 23:54:01', '2018-11-30 23:54:01'),
(182, 1, 151, 592, '2018-11-30 23:54:02', '2018-11-30 23:54:02'),
(183, 3, 32, 691, '2018-11-30 23:54:02', '2018-11-30 23:54:02'),
(184, 3, 3, 256, '2018-11-30 23:54:02', '2018-11-30 23:54:02'),
(185, 1, 159, 591, '2018-11-30 23:54:02', '2018-11-30 23:54:02'),
(186, 3, 37, 876, '2018-11-30 23:54:02', '2018-11-30 23:54:02'),
(187, 3, 169, 836, '2018-11-30 23:54:02', '2018-11-30 23:54:02'),
(188, 3, 46, 133, '2018-11-30 23:54:02', '2018-11-30 23:54:02'),
(189, 1, 183, 73, '2018-11-30 23:54:02', '2018-11-30 23:54:02'),
(190, 2, 185, 624, '2018-11-30 23:54:02', '2018-11-30 23:54:02'),
(191, 2, 133, 70, '2018-11-30 23:54:02', '2018-11-30 23:54:02'),
(192, 2, 98, 491, '2018-11-30 23:54:02', '2018-11-30 23:54:02'),
(193, 3, 109, 491, '2018-11-30 23:54:02', '2018-11-30 23:54:02'),
(194, 3, 155, 343, '2018-11-30 23:54:02', '2018-11-30 23:54:02'),
(195, 2, 121, 586, '2018-11-30 23:54:02', '2018-11-30 23:54:02'),
(196, 1, 12, 407, '2018-11-30 23:54:02', '2018-11-30 23:54:02'),
(197, 2, 10, 844, '2018-11-30 23:54:02', '2018-11-30 23:54:02'),
(198, 2, 190, 719, '2018-11-30 23:54:02', '2018-11-30 23:54:02'),
(199, 1, 9, 422, '2018-11-30 23:54:02', '2018-11-30 23:54:02'),
(200, 2, 191, 77, '2018-11-30 23:54:02', '2018-11-30 23:54:02'),
(201, 1, 50, 23, '2018-11-30 23:54:02', '2018-11-30 23:54:02'),
(202, 1, 130, 183, '2018-11-30 23:54:02', '2018-11-30 23:54:02'),
(203, 2, 182, 79, '2018-11-30 23:54:03', '2018-11-30 23:54:03'),
(204, 3, 101, 791, '2018-11-30 23:54:03', '2018-11-30 23:54:03'),
(205, 1, 120, 380, '2018-11-30 23:54:03', '2018-11-30 23:54:03'),
(206, 2, 28, 419, '2018-11-30 23:54:03', '2018-11-30 23:54:03'),
(207, 3, 172, 983, '2018-11-30 23:54:03', '2018-11-30 23:54:03'),
(208, 2, 48, 392, '2018-11-30 23:54:03', '2018-11-30 23:54:03'),
(209, 3, 170, 359, '2018-11-30 23:54:03', '2018-11-30 23:54:03'),
(210, 3, 72, 998, '2018-11-30 23:54:03', '2018-11-30 23:54:03'),
(211, 2, 41, 935, '2018-11-30 23:54:03', '2018-11-30 23:54:03'),
(212, 2, 26, 752, '2018-11-30 23:54:03', '2018-11-30 23:54:03'),
(213, 2, 166, 498, '2018-11-30 23:54:03', '2018-11-30 23:54:03'),
(214, 1, 44, 664, '2018-11-30 23:54:03', '2018-11-30 23:54:03'),
(215, 3, 30, 934, '2018-11-30 23:54:03', '2018-11-30 23:54:03'),
(216, 3, 62, 24, '2018-11-30 23:54:03', '2018-11-30 23:54:03'),
(217, 1, 67, 251, '2018-11-30 23:54:03', '2018-11-30 23:54:03'),
(218, 1, 15, 958, '2018-11-30 23:54:03', '2018-11-30 23:54:03'),
(219, 3, 47, 672, '2018-11-30 23:54:03', '2018-11-30 23:54:03'),
(220, 1, 60, 519, '2018-11-30 23:54:03', '2018-11-30 23:54:03'),
(221, 3, 21, 470, '2018-11-30 23:54:03', '2018-11-30 23:54:03'),
(222, 1, 131, 173, '2018-11-30 23:54:03', '2018-11-30 23:54:03'),
(223, 3, 73, 352, '2018-11-30 23:54:03', '2018-11-30 23:54:03'),
(224, 1, 92, 142, '2018-11-30 23:54:03', '2018-11-30 23:54:03'),
(225, 2, 24, 704, '2018-11-30 23:54:04', '2018-11-30 23:54:04'),
(226, 2, 67, 916, '2018-11-30 23:54:04', '2018-11-30 23:54:04'),
(227, 2, 25, 324, '2018-11-30 23:54:04', '2018-11-30 23:54:04'),
(228, 2, 125, 527, '2018-11-30 23:54:04', '2018-11-30 23:54:04'),
(229, 2, 171, 992, '2018-11-30 23:54:04', '2018-11-30 23:54:04'),
(230, 2, 97, 319, '2018-11-30 23:54:04', '2018-11-30 23:54:04'),
(231, 1, 167, 465, '2018-11-30 23:54:04', '2018-11-30 23:54:04'),
(232, 1, 143, 911, '2018-11-30 23:54:04', '2018-11-30 23:54:04'),
(233, 2, 16, 309, '2018-11-30 23:54:04', '2018-11-30 23:54:04'),
(234, 2, 99, 770, '2018-11-30 23:54:04', '2018-11-30 23:54:04'),
(235, 3, 173, 357, '2018-11-30 23:54:04', '2018-11-30 23:54:04'),
(236, 1, 71, 893, '2018-11-30 23:54:04', '2018-11-30 23:54:04'),
(237, 3, 93, 74, '2018-11-30 23:54:04', '2018-11-30 23:54:04'),
(238, 1, 83, 217, '2018-11-30 23:54:04', '2018-11-30 23:54:04'),
(239, 1, 108, 217, '2018-11-30 23:54:04', '2018-11-30 23:54:04'),
(240, 2, 146, 590, '2018-11-30 23:54:04', '2018-11-30 23:54:04'),
(241, 2, 32, 262, '2018-11-30 23:54:04', '2018-11-30 23:54:04'),
(242, 2, 171, 739, '2018-11-30 23:54:05', '2018-11-30 23:54:05'),
(243, 2, 71, 603, '2018-11-30 23:54:05', '2018-11-30 23:54:05'),
(244, 1, 9, 506, '2018-11-30 23:54:05', '2018-11-30 23:54:05'),
(245, 2, 44, 316, '2018-11-30 23:54:05', '2018-11-30 23:54:05'),
(246, 2, 181, 176, '2018-11-30 23:54:05', '2018-11-30 23:54:05'),
(247, 1, 145, 419, '2018-11-30 23:54:05', '2018-11-30 23:54:05'),
(248, 3, 129, 215, '2018-11-30 23:54:05', '2018-11-30 23:54:05'),
(249, 2, 144, 130, '2018-11-30 23:54:05', '2018-11-30 23:54:05'),
(250, 3, 110, 274, '2018-11-30 23:54:05', '2018-11-30 23:54:05'),
(251, 2, 123, 107, '2018-11-30 23:54:05', '2018-11-30 23:54:05'),
(252, 3, 54, 492, '2018-11-30 23:54:05', '2018-11-30 23:54:05'),
(253, 1, 7, 188, '2018-11-30 23:54:05', '2018-11-30 23:54:05'),
(254, 1, 66, 818, '2018-11-30 23:54:05', '2018-11-30 23:54:05'),
(255, 2, 171, 321, '2018-11-30 23:54:05', '2018-11-30 23:54:05'),
(256, 1, 21, 533, '2018-11-30 23:54:05', '2018-11-30 23:54:05'),
(257, 1, 54, 855, '2018-11-30 23:54:05', '2018-11-30 23:54:05'),
(258, 2, 24, 871, '2018-11-30 23:54:05', '2018-11-30 23:54:05'),
(259, 3, 164, 100, '2018-11-30 23:54:05', '2018-11-30 23:54:05'),
(260, 1, 195, 777, '2018-11-30 23:54:05', '2018-11-30 23:54:05'),
(261, 3, 185, 512, '2018-11-30 23:54:05', '2018-11-30 23:54:05'),
(262, 2, 82, 395, '2018-11-30 23:54:05', '2018-11-30 23:54:05'),
(263, 1, 107, 54, '2018-11-30 23:54:05', '2018-11-30 23:54:05'),
(264, 2, 57, 712, '2018-11-30 23:54:06', '2018-11-30 23:54:06'),
(265, 2, 57, 304, '2018-11-30 23:54:06', '2018-11-30 23:54:06'),
(266, 2, 4, 144, '2018-11-30 23:54:06', '2018-11-30 23:54:06'),
(267, 2, 149, 991, '2018-11-30 23:54:06', '2018-11-30 23:54:06'),
(268, 2, 131, 226, '2018-11-30 23:54:06', '2018-11-30 23:54:06'),
(269, 2, 8, 636, '2018-11-30 23:54:06', '2018-11-30 23:54:06'),
(270, 2, 161, 948, '2018-11-30 23:54:06', '2018-11-30 23:54:06'),
(271, 3, 114, 366, '2018-11-30 23:54:06', '2018-11-30 23:54:06'),
(272, 1, 124, 372, '2018-11-30 23:54:06', '2018-11-30 23:54:06'),
(273, 1, 20, 523, '2018-11-30 23:54:06', '2018-11-30 23:54:06'),
(274, 3, 118, 943, '2018-11-30 23:54:06', '2018-11-30 23:54:06'),
(275, 2, 10, 387, '2018-11-30 23:54:06', '2018-11-30 23:54:06'),
(276, 1, 91, 586, '2018-11-30 23:54:06', '2018-11-30 23:54:06'),
(277, 3, 68, 543, '2018-11-30 23:54:06', '2018-11-30 23:54:06'),
(278, 3, 41, 530, '2018-11-30 23:54:06', '2018-11-30 23:54:06'),
(279, 3, 114, 172, '2018-11-30 23:54:06', '2018-11-30 23:54:06'),
(280, 2, 71, 77, '2018-11-30 23:54:06', '2018-11-30 23:54:06'),
(281, 1, 59, 981, '2018-11-30 23:54:06', '2018-11-30 23:54:06'),
(282, 3, 61, 575, '2018-11-30 23:54:06', '2018-11-30 23:54:06'),
(283, 1, 6, 147, '2018-11-30 23:54:06', '2018-11-30 23:54:06'),
(284, 2, 149, 527, '2018-11-30 23:54:06', '2018-11-30 23:54:06'),
(285, 2, 57, 431, '2018-11-30 23:54:07', '2018-11-30 23:54:07'),
(286, 3, 68, 853, '2018-11-30 23:54:07', '2018-11-30 23:54:07'),
(287, 1, 177, 471, '2018-11-30 23:54:07', '2018-11-30 23:54:07'),
(288, 3, 32, 847, '2018-11-30 23:54:07', '2018-11-30 23:54:07'),
(289, 1, 174, 731, '2018-11-30 23:54:07', '2018-11-30 23:54:07'),
(290, 1, 168, 839, '2018-11-30 23:54:07', '2018-11-30 23:54:07'),
(291, 3, 188, 425, '2018-11-30 23:54:07', '2018-11-30 23:54:07'),
(292, 1, 170, 163, '2018-11-30 23:54:07', '2018-11-30 23:54:07'),
(293, 2, 36, 931, '2018-11-30 23:54:07', '2018-11-30 23:54:07'),
(294, 2, 97, 277, '2018-11-30 23:54:07', '2018-11-30 23:54:07'),
(295, 1, 38, 852, '2018-11-30 23:54:07', '2018-11-30 23:54:07'),
(296, 2, 43, 181, '2018-11-30 23:54:07', '2018-11-30 23:54:07'),
(297, 3, 143, 292, '2018-11-30 23:54:07', '2018-11-30 23:54:07'),
(298, 1, 25, 650, '2018-11-30 23:54:07', '2018-11-30 23:54:07'),
(299, 1, 105, 450, '2018-11-30 23:54:07', '2018-11-30 23:54:07'),
(300, 3, 114, 632, '2018-11-30 23:54:07', '2018-11-30 23:54:07'),
(301, 1, 87, 696, '2018-11-30 23:54:07', '2018-11-30 23:54:07'),
(302, 2, 189, 779, '2018-11-30 23:54:07', '2018-11-30 23:54:07'),
(303, 1, 60, 360, '2018-11-30 23:54:07', '2018-11-30 23:54:07'),
(304, 2, 195, 86, '2018-11-30 23:54:07', '2018-11-30 23:54:07'),
(305, 1, 34, 726, '2018-11-30 23:54:07', '2018-11-30 23:54:07'),
(306, 3, 121, 476, '2018-11-30 23:54:07', '2018-11-30 23:54:07'),
(307, 2, 186, 372, '2018-11-30 23:54:07', '2018-11-30 23:54:07'),
(308, 1, 195, 248, '2018-11-30 23:54:08', '2018-11-30 23:54:08'),
(309, 1, 130, 256, '2018-11-30 23:54:08', '2018-11-30 23:54:08'),
(310, 2, 39, 66, '2018-11-30 23:54:08', '2018-11-30 23:54:08'),
(311, 2, 139, 680, '2018-11-30 23:54:08', '2018-11-30 23:54:08'),
(312, 3, 140, 289, '2018-11-30 23:54:08', '2018-11-30 23:54:08'),
(313, 3, 70, 63, '2018-11-30 23:54:08', '2018-11-30 23:54:08'),
(314, 2, 155, 226, '2018-11-30 23:54:08', '2018-11-30 23:54:08'),
(315, 1, 45, 724, '2018-11-30 23:54:08', '2018-11-30 23:54:08'),
(316, 2, 92, 813, '2018-11-30 23:54:08', '2018-11-30 23:54:08'),
(317, 1, 116, 368, '2018-11-30 23:54:08', '2018-11-30 23:54:08'),
(318, 1, 121, 960, '2018-11-30 23:54:08', '2018-11-30 23:54:08'),
(319, 1, 69, 491, '2018-11-30 23:54:08', '2018-11-30 23:54:08'),
(320, 1, 99, 69, '2018-11-30 23:54:08', '2018-11-30 23:54:08'),
(321, 3, 116, 392, '2018-11-30 23:54:08', '2018-11-30 23:54:08'),
(322, 1, 75, 929, '2018-11-30 23:54:08', '2018-11-30 23:54:08'),
(323, 1, 80, 118, '2018-11-30 23:54:08', '2018-11-30 23:54:08'),
(324, 2, 87, 233, '2018-11-30 23:54:08', '2018-11-30 23:54:08'),
(325, 3, 69, 626, '2018-11-30 23:54:08', '2018-11-30 23:54:08'),
(326, 1, 162, 66, '2018-11-30 23:54:08', '2018-11-30 23:54:08'),
(327, 1, 46, 988, '2018-11-30 23:54:08', '2018-11-30 23:54:08'),
(328, 1, 79, 300, '2018-11-30 23:54:08', '2018-11-30 23:54:08'),
(329, 1, 179, 213, '2018-11-30 23:54:08', '2018-11-30 23:54:08'),
(330, 3, 93, 468, '2018-11-30 23:54:09', '2018-11-30 23:54:09'),
(331, 1, 154, 768, '2018-11-30 23:54:09', '2018-11-30 23:54:09'),
(332, 3, 145, 279, '2018-11-30 23:54:09', '2018-11-30 23:54:09'),
(333, 1, 43, 74, '2018-11-30 23:54:09', '2018-11-30 23:54:09'),
(334, 1, 103, 213, '2018-11-30 23:54:09', '2018-11-30 23:54:09'),
(335, 2, 195, 421, '2018-11-30 23:54:09', '2018-11-30 23:54:09'),
(336, 1, 185, 223, '2018-11-30 23:54:09', '2018-11-30 23:54:09'),
(337, 1, 33, 505, '2018-11-30 23:54:09', '2018-11-30 23:54:09'),
(338, 3, 162, 631, '2018-11-30 23:54:09', '2018-11-30 23:54:09'),
(339, 3, 112, 117, '2018-11-30 23:54:09', '2018-11-30 23:54:09'),
(340, 1, 191, 294, '2018-11-30 23:54:09', '2018-11-30 23:54:09'),
(341, 1, 65, 423, '2018-11-30 23:54:09', '2018-11-30 23:54:09'),
(342, 3, 17, 539, '2018-11-30 23:54:09', '2018-11-30 23:54:09'),
(343, 3, 195, 849, '2018-11-30 23:54:09', '2018-11-30 23:54:09'),
(344, 2, 153, 142, '2018-11-30 23:54:09', '2018-11-30 23:54:09'),
(345, 3, 57, 664, '2018-11-30 23:54:09', '2018-11-30 23:54:09'),
(346, 1, 139, 139, '2018-11-30 23:54:09', '2018-11-30 23:54:09'),
(347, 1, 77, 649, '2018-11-30 23:54:09', '2018-11-30 23:54:09'),
(348, 2, 94, 285, '2018-11-30 23:54:09', '2018-11-30 23:54:09'),
(349, 3, 2, 200, '2018-11-30 23:54:09', '2018-11-30 23:54:09'),
(350, 3, 161, 208, '2018-11-30 23:54:09', '2018-11-30 23:54:09'),
(351, 3, 74, 569, '2018-11-30 23:54:10', '2018-11-30 23:54:10'),
(352, 1, 44, 690, '2018-11-30 23:54:10', '2018-11-30 23:54:10'),
(353, 3, 126, 994, '2018-11-30 23:54:10', '2018-11-30 23:54:10'),
(354, 2, 64, 169, '2018-11-30 23:54:10', '2018-11-30 23:54:10'),
(355, 1, 39, 615, '2018-11-30 23:54:10', '2018-11-30 23:54:10'),
(356, 1, 43, 780, '2018-11-30 23:54:10', '2018-11-30 23:54:10'),
(357, 2, 1, 951, '2018-11-30 23:54:10', '2018-11-30 23:54:10'),
(358, 3, 27, 613, '2018-11-30 23:54:10', '2018-11-30 23:54:10'),
(359, 3, 62, 758, '2018-11-30 23:54:10', '2018-11-30 23:54:10'),
(360, 3, 187, 58, '2018-11-30 23:54:10', '2018-11-30 23:54:10'),
(361, 2, 157, 534, '2018-11-30 23:54:10', '2018-11-30 23:54:10'),
(362, 1, 66, 471, '2018-11-30 23:54:10', '2018-11-30 23:54:10'),
(363, 1, 140, 530, '2018-11-30 23:54:10', '2018-11-30 23:54:10'),
(364, 2, 100, 78, '2018-11-30 23:54:10', '2018-11-30 23:54:10'),
(365, 3, 137, 217, '2018-11-30 23:54:10', '2018-11-30 23:54:10'),
(366, 3, 164, 550, '2018-11-30 23:54:10', '2018-11-30 23:54:10'),
(367, 3, 43, 564, '2018-11-30 23:54:10', '2018-11-30 23:54:10'),
(368, 2, 174, 486, '2018-11-30 23:54:10', '2018-11-30 23:54:10'),
(369, 3, 56, 850, '2018-11-30 23:54:10', '2018-11-30 23:54:10'),
(370, 3, 5, 727, '2018-11-30 23:54:11', '2018-11-30 23:54:11'),
(371, 2, 175, 284, '2018-11-30 23:54:11', '2018-11-30 23:54:11'),
(372, 1, 9, 349, '2018-11-30 23:54:11', '2018-11-30 23:54:11'),
(373, 1, 158, 484, '2018-11-30 23:54:11', '2018-11-30 23:54:11'),
(374, 2, 116, 797, '2018-11-30 23:54:11', '2018-11-30 23:54:11'),
(375, 3, 41, 511, '2018-11-30 23:54:11', '2018-11-30 23:54:11'),
(376, 2, 198, 999, '2018-11-30 23:54:11', '2018-11-30 23:54:11'),
(377, 1, 92, 101, '2018-11-30 23:54:11', '2018-11-30 23:54:11'),
(378, 2, 125, 173, '2018-11-30 23:54:11', '2018-11-30 23:54:11'),
(379, 1, 162, 745, '2018-11-30 23:54:11', '2018-11-30 23:54:11'),
(380, 1, 114, 21, '2018-11-30 23:54:11', '2018-11-30 23:54:11'),
(381, 3, 97, 260, '2018-11-30 23:54:11', '2018-11-30 23:54:11'),
(382, 2, 57, 663, '2018-11-30 23:54:11', '2018-11-30 23:54:11'),
(383, 3, 177, 970, '2018-11-30 23:54:11', '2018-11-30 23:54:11'),
(384, 1, 106, 191, '2018-11-30 23:54:11', '2018-11-30 23:54:11'),
(385, 2, 115, 895, '2018-11-30 23:54:11', '2018-11-30 23:54:11'),
(386, 3, 11, 135, '2018-11-30 23:54:11', '2018-11-30 23:54:11'),
(387, 2, 79, 376, '2018-11-30 23:54:12', '2018-11-30 23:54:12'),
(388, 2, 59, 861, '2018-11-30 23:54:12', '2018-11-30 23:54:12'),
(389, 2, 193, 824, '2018-11-30 23:54:12', '2018-11-30 23:54:12'),
(390, 1, 148, 690, '2018-11-30 23:54:12', '2018-11-30 23:54:12'),
(391, 2, 136, 198, '2018-11-30 23:54:12', '2018-11-30 23:54:12'),
(392, 2, 200, 873, '2018-11-30 23:54:12', '2018-11-30 23:54:12'),
(393, 3, 172, 413, '2018-11-30 23:54:12', '2018-11-30 23:54:12'),
(394, 1, 62, 830, '2018-11-30 23:54:12', '2018-11-30 23:54:12'),
(395, 1, 173, 409, '2018-11-30 23:54:12', '2018-11-30 23:54:12'),
(396, 2, 57, 32, '2018-11-30 23:54:12', '2018-11-30 23:54:12'),
(397, 1, 170, 631, '2018-11-30 23:54:12', '2018-11-30 23:54:12'),
(398, 2, 27, 268, '2018-11-30 23:54:12', '2018-11-30 23:54:12'),
(399, 3, 178, 133, '2018-11-30 23:54:12', '2018-11-30 23:54:12'),
(400, 2, 94, 823, '2018-11-30 23:54:12', '2018-11-30 23:54:12'),
(401, 1, 88, 482, '2018-11-30 23:54:12', '2018-11-30 23:54:12'),
(402, 3, 132, 260, '2018-11-30 23:54:12', '2018-11-30 23:54:12'),
(403, 3, 98, 30, '2018-11-30 23:54:12', '2018-11-30 23:54:12'),
(404, 3, 66, 997, '2018-11-30 23:54:12', '2018-11-30 23:54:12'),
(405, 2, 20, 374, '2018-11-30 23:54:12', '2018-11-30 23:54:12'),
(406, 1, 118, 304, '2018-11-30 23:54:12', '2018-11-30 23:54:12'),
(407, 3, 11, 784, '2018-11-30 23:54:12', '2018-11-30 23:54:12'),
(408, 1, 128, 210, '2018-11-30 23:54:12', '2018-11-30 23:54:12'),
(409, 3, 81, 297, '2018-11-30 23:54:13', '2018-11-30 23:54:13'),
(410, 2, 113, 383, '2018-11-30 23:54:13', '2018-11-30 23:54:13'),
(411, 1, 97, 362, '2018-11-30 23:54:13', '2018-11-30 23:54:13'),
(412, 2, 182, 444, '2018-11-30 23:54:13', '2018-11-30 23:54:13'),
(413, 3, 147, 532, '2018-11-30 23:54:13', '2018-11-30 23:54:13'),
(414, 3, 73, 198, '2018-11-30 23:54:13', '2018-11-30 23:54:13'),
(415, 1, 119, 701, '2018-11-30 23:54:13', '2018-11-30 23:54:13'),
(416, 2, 91, 800, '2018-11-30 23:54:13', '2018-11-30 23:54:13'),
(417, 2, 197, 268, '2018-11-30 23:54:13', '2018-11-30 23:54:13'),
(418, 3, 65, 91, '2018-11-30 23:54:13', '2018-11-30 23:54:13'),
(419, 2, 102, 587, '2018-11-30 23:54:13', '2018-11-30 23:54:13'),
(420, 1, 154, 602, '2018-11-30 23:54:13', '2018-11-30 23:54:13'),
(421, 1, 167, 693, '2018-11-30 23:54:13', '2018-11-30 23:54:13'),
(422, 1, 115, 691, '2018-11-30 23:54:13', '2018-11-30 23:54:13'),
(423, 1, 82, 685, '2018-11-30 23:54:13', '2018-11-30 23:54:13'),
(424, 1, 186, 696, '2018-11-30 23:54:13', '2018-11-30 23:54:13'),
(425, 1, 121, 1000, '2018-11-30 23:54:13', '2018-11-30 23:54:13'),
(426, 3, 1, 279, '2018-11-30 23:54:13', '2018-11-30 23:54:13'),
(427, 3, 142, 906, '2018-11-30 23:54:13', '2018-11-30 23:54:13'),
(428, 3, 17, 795, '2018-11-30 23:54:13', '2018-11-30 23:54:13'),
(429, 2, 7, 122, '2018-11-30 23:54:13', '2018-11-30 23:54:13'),
(430, 3, 134, 426, '2018-11-30 23:54:13', '2018-11-30 23:54:13'),
(431, 1, 69, 3, '2018-11-30 23:54:13', '2018-11-30 23:54:13'),
(432, 1, 120, 373, '2018-11-30 23:54:13', '2018-11-30 23:54:13'),
(433, 1, 4, 82, '2018-11-30 23:54:14', '2018-11-30 23:54:14'),
(434, 2, 13, 720, '2018-11-30 23:54:14', '2018-11-30 23:54:14'),
(435, 3, 148, 43, '2018-11-30 23:54:14', '2018-11-30 23:54:14'),
(436, 3, 59, 373, '2018-11-30 23:54:14', '2018-11-30 23:54:14'),
(437, 3, 155, 45, '2018-11-30 23:54:14', '2018-11-30 23:54:14'),
(438, 3, 76, 679, '2018-11-30 23:54:14', '2018-11-30 23:54:14'),
(439, 1, 5, 76, '2018-11-30 23:54:14', '2018-11-30 23:54:14'),
(440, 1, 33, 43, '2018-11-30 23:54:14', '2018-11-30 23:54:14'),
(441, 1, 147, 448, '2018-11-30 23:54:14', '2018-11-30 23:54:14'),
(442, 2, 60, 416, '2018-11-30 23:54:14', '2018-11-30 23:54:14'),
(443, 2, 70, 944, '2018-11-30 23:54:14', '2018-11-30 23:54:14'),
(444, 3, 94, 837, '2018-11-30 23:54:14', '2018-11-30 23:54:14'),
(445, 1, 190, 573, '2018-11-30 23:54:14', '2018-11-30 23:54:14'),
(446, 2, 90, 632, '2018-11-30 23:54:14', '2018-11-30 23:54:14'),
(447, 2, 91, 825, '2018-11-30 23:54:14', '2018-11-30 23:54:14'),
(448, 3, 158, 642, '2018-11-30 23:54:14', '2018-11-30 23:54:14'),
(449, 1, 168, 825, '2018-11-30 23:54:14', '2018-11-30 23:54:14'),
(450, 1, 82, 181, '2018-11-30 23:54:14', '2018-11-30 23:54:14'),
(451, 3, 69, 115, '2018-11-30 23:54:14', '2018-11-30 23:54:14'),
(452, 3, 15, 992, '2018-11-30 23:54:14', '2018-11-30 23:54:14'),
(453, 2, 22, 721, '2018-11-30 23:54:15', '2018-11-30 23:54:15'),
(454, 1, 30, 515, '2018-11-30 23:54:15', '2018-11-30 23:54:15'),
(455, 2, 2, 861, '2018-11-30 23:54:15', '2018-11-30 23:54:15'),
(456, 2, 34, 366, '2018-11-30 23:54:15', '2018-11-30 23:54:15'),
(457, 3, 179, 408, '2018-11-30 23:54:15', '2018-11-30 23:54:15'),
(458, 3, 178, 737, '2018-11-30 23:54:15', '2018-11-30 23:54:15'),
(459, 2, 26, 648, '2018-11-30 23:54:15', '2018-11-30 23:54:15'),
(460, 1, 30, 476, '2018-11-30 23:54:15', '2018-11-30 23:54:15'),
(461, 3, 103, 8, '2018-11-30 23:54:15', '2018-11-30 23:54:15'),
(462, 1, 193, 201, '2018-11-30 23:54:15', '2018-11-30 23:54:15'),
(463, 1, 61, 220, '2018-11-30 23:54:15', '2018-11-30 23:54:15'),
(464, 3, 44, 334, '2018-11-30 23:54:15', '2018-11-30 23:54:15'),
(465, 2, 149, 498, '2018-11-30 23:54:15', '2018-11-30 23:54:15'),
(466, 3, 189, 908, '2018-11-30 23:54:15', '2018-11-30 23:54:15'),
(467, 3, 75, 724, '2018-11-30 23:54:15', '2018-11-30 23:54:15'),
(468, 3, 153, 45, '2018-11-30 23:54:15', '2018-11-30 23:54:15'),
(469, 1, 60, 49, '2018-11-30 23:54:15', '2018-11-30 23:54:15'),
(470, 3, 146, 571, '2018-11-30 23:54:15', '2018-11-30 23:54:15'),
(471, 2, 30, 302, '2018-11-30 23:54:15', '2018-11-30 23:54:15'),
(472, 2, 78, 272, '2018-11-30 23:54:15', '2018-11-30 23:54:15'),
(473, 3, 178, 866, '2018-11-30 23:54:15', '2018-11-30 23:54:15'),
(474, 3, 71, 708, '2018-11-30 23:54:16', '2018-11-30 23:54:16'),
(475, 3, 120, 350, '2018-11-30 23:54:16', '2018-11-30 23:54:16'),
(476, 1, 28, 439, '2018-11-30 23:54:16', '2018-11-30 23:54:16'),
(477, 1, 196, 673, '2018-11-30 23:54:16', '2018-11-30 23:54:16'),
(478, 3, 87, 39, '2018-11-30 23:54:16', '2018-11-30 23:54:16'),
(479, 3, 135, 555, '2018-11-30 23:54:16', '2018-11-30 23:54:16'),
(480, 3, 154, 272, '2018-11-30 23:54:16', '2018-11-30 23:54:16'),
(481, 2, 163, 309, '2018-11-30 23:54:16', '2018-11-30 23:54:16'),
(482, 2, 32, 877, '2018-11-30 23:54:16', '2018-11-30 23:54:16'),
(483, 3, 85, 472, '2018-11-30 23:54:16', '2018-11-30 23:54:16'),
(484, 2, 168, 537, '2018-11-30 23:54:16', '2018-11-30 23:54:16'),
(485, 1, 160, 636, '2018-11-30 23:54:16', '2018-11-30 23:54:16'),
(486, 2, 17, 393, '2018-11-30 23:54:16', '2018-11-30 23:54:16'),
(487, 1, 23, 96, '2018-11-30 23:54:16', '2018-11-30 23:54:16'),
(488, 1, 190, 989, '2018-11-30 23:54:16', '2018-11-30 23:54:16'),
(489, 2, 35, 585, '2018-11-30 23:54:16', '2018-11-30 23:54:16'),
(490, 3, 22, 210, '2018-11-30 23:54:16', '2018-11-30 23:54:16'),
(491, 2, 112, 613, '2018-11-30 23:54:16', '2018-11-30 23:54:16'),
(492, 2, 195, 934, '2018-11-30 23:54:16', '2018-11-30 23:54:16'),
(493, 3, 103, 182, '2018-11-30 23:54:17', '2018-11-30 23:54:17'),
(494, 3, 150, 822, '2018-11-30 23:54:17', '2018-11-30 23:54:17'),
(495, 2, 4, 175, '2018-11-30 23:54:17', '2018-11-30 23:54:17'),
(496, 2, 19, 463, '2018-11-30 23:54:17', '2018-11-30 23:54:17'),
(497, 2, 65, 906, '2018-11-30 23:54:17', '2018-11-30 23:54:17'),
(498, 2, 31, 929, '2018-11-30 23:54:17', '2018-11-30 23:54:17'),
(499, 1, 78, 592, '2018-11-30 23:54:17', '2018-11-30 23:54:17'),
(500, 1, 98, 125, '2018-11-30 23:54:17', '2018-11-30 23:54:17'),
(501, 1, 138, 111, '2018-11-30 23:54:17', '2018-11-30 23:54:17'),
(502, 1, 110, 900, '2018-11-30 23:54:17', '2018-11-30 23:54:17'),
(503, 2, 75, 522, '2018-11-30 23:54:17', '2018-11-30 23:54:17'),
(504, 2, 158, 957, '2018-11-30 23:54:17', '2018-11-30 23:54:17'),
(505, 1, 21, 177, '2018-11-30 23:54:17', '2018-11-30 23:54:17'),
(506, 2, 153, 825, '2018-11-30 23:54:17', '2018-11-30 23:54:17'),
(507, 2, 118, 316, '2018-11-30 23:54:17', '2018-11-30 23:54:17'),
(508, 3, 155, 311, '2018-11-30 23:54:17', '2018-11-30 23:54:17'),
(509, 2, 23, 782, '2018-11-30 23:54:17', '2018-11-30 23:54:17'),
(510, 2, 154, 309, '2018-11-30 23:54:17', '2018-11-30 23:54:17'),
(511, 3, 50, 384, '2018-11-30 23:54:17', '2018-11-30 23:54:17'),
(512, 2, 174, 607, '2018-11-30 23:54:17', '2018-11-30 23:54:17'),
(513, 2, 104, 119, '2018-11-30 23:54:17', '2018-11-30 23:54:17'),
(514, 3, 129, 472, '2018-11-30 23:54:17', '2018-11-30 23:54:17'),
(515, 1, 31, 415, '2018-11-30 23:54:18', '2018-11-30 23:54:18'),
(516, 3, 172, 190, '2018-11-30 23:54:18', '2018-11-30 23:54:18'),
(517, 1, 56, 110, '2018-11-30 23:54:18', '2018-11-30 23:54:18'),
(518, 3, 51, 609, '2018-11-30 23:54:18', '2018-11-30 23:54:18'),
(519, 2, 49, 927, '2018-11-30 23:54:18', '2018-11-30 23:54:18'),
(520, 3, 102, 369, '2018-11-30 23:54:18', '2018-11-30 23:54:18'),
(521, 2, 43, 934, '2018-11-30 23:54:18', '2018-11-30 23:54:18'),
(522, 2, 190, 537, '2018-11-30 23:54:18', '2018-11-30 23:54:18'),
(523, 1, 37, 376, '2018-11-30 23:54:18', '2018-11-30 23:54:18'),
(524, 3, 15, 163, '2018-11-30 23:54:18', '2018-11-30 23:54:18'),
(525, 3, 41, 160, '2018-11-30 23:54:18', '2018-11-30 23:54:18'),
(526, 2, 21, 880, '2018-11-30 23:54:18', '2018-11-30 23:54:18'),
(527, 1, 130, 551, '2018-11-30 23:54:18', '2018-11-30 23:54:18'),
(528, 2, 20, 620, '2018-11-30 23:54:18', '2018-11-30 23:54:18'),
(529, 2, 64, 746, '2018-11-30 23:54:18', '2018-11-30 23:54:18'),
(530, 3, 144, 411, '2018-11-30 23:54:18', '2018-11-30 23:54:18'),
(531, 2, 40, 867, '2018-11-30 23:54:18', '2018-11-30 23:54:18'),
(532, 2, 44, 549, '2018-11-30 23:54:18', '2018-11-30 23:54:18'),
(533, 3, 147, 944, '2018-11-30 23:54:18', '2018-11-30 23:54:18'),
(534, 3, 137, 400, '2018-11-30 23:54:18', '2018-11-30 23:54:18'),
(535, 2, 122, 401, '2018-11-30 23:54:18', '2018-11-30 23:54:18'),
(536, 3, 152, 654, '2018-11-30 23:54:18', '2018-11-30 23:54:18'),
(537, 3, 83, 145, '2018-11-30 23:54:19', '2018-11-30 23:54:19'),
(538, 2, 132, 590, '2018-11-30 23:54:19', '2018-11-30 23:54:19'),
(539, 2, 190, 394, '2018-11-30 23:54:19', '2018-11-30 23:54:19'),
(540, 2, 174, 481, '2018-11-30 23:54:19', '2018-11-30 23:54:19'),
(541, 2, 120, 977, '2018-11-30 23:54:19', '2018-11-30 23:54:19'),
(542, 3, 101, 234, '2018-11-30 23:54:19', '2018-11-30 23:54:19'),
(543, 3, 90, 977, '2018-11-30 23:54:19', '2018-11-30 23:54:19'),
(544, 2, 57, 420, '2018-11-30 23:54:19', '2018-11-30 23:54:19'),
(545, 2, 190, 374, '2018-11-30 23:54:19', '2018-11-30 23:54:19'),
(546, 3, 43, 871, '2018-11-30 23:54:19', '2018-11-30 23:54:19'),
(547, 1, 83, 398, '2018-11-30 23:54:19', '2018-11-30 23:54:19'),
(548, 2, 191, 326, '2018-11-30 23:54:19', '2018-11-30 23:54:19'),
(549, 3, 55, 328, '2018-11-30 23:54:19', '2018-11-30 23:54:19'),
(550, 2, 8, 894, '2018-11-30 23:54:19', '2018-11-30 23:54:19'),
(551, 1, 182, 149, '2018-11-30 23:54:19', '2018-11-30 23:54:19'),
(552, 1, 12, 626, '2018-11-30 23:54:19', '2018-11-30 23:54:19'),
(553, 2, 146, 181, '2018-11-30 23:54:19', '2018-11-30 23:54:19'),
(554, 1, 115, 144, '2018-11-30 23:54:19', '2018-11-30 23:54:19'),
(555, 3, 7, 111, '2018-11-30 23:54:19', '2018-11-30 23:54:19'),
(556, 1, 84, 972, '2018-11-30 23:54:19', '2018-11-30 23:54:19'),
(557, 3, 62, 766, '2018-11-30 23:54:19', '2018-11-30 23:54:19'),
(558, 1, 45, 186, '2018-11-30 23:54:19', '2018-11-30 23:54:19'),
(559, 2, 128, 754, '2018-11-30 23:54:20', '2018-11-30 23:54:20'),
(560, 3, 164, 663, '2018-11-30 23:54:20', '2018-11-30 23:54:20'),
(561, 1, 123, 112, '2018-11-30 23:54:20', '2018-11-30 23:54:20'),
(562, 3, 75, 47, '2018-11-30 23:54:20', '2018-11-30 23:54:20'),
(563, 3, 190, 537, '2018-11-30 23:54:20', '2018-11-30 23:54:20'),
(564, 3, 170, 467, '2018-11-30 23:54:20', '2018-11-30 23:54:20'),
(565, 2, 63, 836, '2018-11-30 23:54:20', '2018-11-30 23:54:20'),
(566, 3, 117, 502, '2018-11-30 23:54:20', '2018-11-30 23:54:20'),
(567, 2, 9, 764, '2018-11-30 23:54:20', '2018-11-30 23:54:20'),
(568, 1, 72, 297, '2018-11-30 23:54:20', '2018-11-30 23:54:20'),
(569, 2, 170, 955, '2018-11-30 23:54:20', '2018-11-30 23:54:20'),
(570, 2, 40, 723, '2018-11-30 23:54:20', '2018-11-30 23:54:20'),
(571, 3, 180, 901, '2018-11-30 23:54:20', '2018-11-30 23:54:20'),
(572, 3, 151, 935, '2018-11-30 23:54:20', '2018-11-30 23:54:20'),
(573, 3, 177, 746, '2018-11-30 23:54:20', '2018-11-30 23:54:20'),
(574, 1, 26, 143, '2018-11-30 23:54:20', '2018-11-30 23:54:20'),
(575, 2, 182, 179, '2018-11-30 23:54:20', '2018-11-30 23:54:20'),
(576, 1, 136, 877, '2018-11-30 23:54:20', '2018-11-30 23:54:20'),
(577, 2, 63, 538, '2018-11-30 23:54:20', '2018-11-30 23:54:20'),
(578, 3, 2, 829, '2018-11-30 23:54:20', '2018-11-30 23:54:20'),
(579, 3, 157, 902, '2018-11-30 23:54:20', '2018-11-30 23:54:20'),
(580, 3, 121, 699, '2018-11-30 23:54:20', '2018-11-30 23:54:20'),
(581, 2, 1, 170, '2018-11-30 23:54:21', '2018-11-30 23:54:21'),
(582, 1, 161, 594, '2018-11-30 23:54:21', '2018-11-30 23:54:21'),
(583, 1, 135, 41, '2018-11-30 23:54:21', '2018-11-30 23:54:21'),
(584, 2, 21, 395, '2018-11-30 23:54:21', '2018-11-30 23:54:21'),
(585, 2, 181, 359, '2018-11-30 23:54:21', '2018-11-30 23:54:21'),
(586, 3, 151, 872, '2018-11-30 23:54:21', '2018-11-30 23:54:21'),
(587, 2, 69, 221, '2018-11-30 23:54:21', '2018-11-30 23:54:21'),
(588, 2, 84, 934, '2018-11-30 23:54:21', '2018-11-30 23:54:21'),
(589, 3, 113, 960, '2018-11-30 23:54:21', '2018-11-30 23:54:21'),
(590, 2, 158, 385, '2018-11-30 23:54:21', '2018-11-30 23:54:21'),
(591, 3, 124, 537, '2018-11-30 23:54:21', '2018-11-30 23:54:21'),
(592, 3, 119, 678, '2018-11-30 23:54:21', '2018-11-30 23:54:21'),
(593, 1, 194, 42, '2018-11-30 23:54:21', '2018-11-30 23:54:21'),
(594, 3, 18, 700, '2018-11-30 23:54:21', '2018-11-30 23:54:21'),
(595, 3, 22, 39, '2018-11-30 23:54:21', '2018-11-30 23:54:21'),
(596, 2, 144, 465, '2018-11-30 23:54:21', '2018-11-30 23:54:21'),
(597, 3, 133, 258, '2018-11-30 23:54:21', '2018-11-30 23:54:21'),
(598, 1, 116, 782, '2018-11-30 23:54:21', '2018-11-30 23:54:21'),
(599, 2, 60, 420, '2018-11-30 23:54:21', '2018-11-30 23:54:21'),
(600, 1, 80, 290, '2018-11-30 23:54:21', '2018-11-30 23:54:21'),
(601, 2, 17, 421, '2018-11-30 23:54:21', '2018-11-30 23:54:21'),
(602, 1, 94, 374, '2018-11-30 23:54:22', '2018-11-30 23:54:22'),
(603, 3, 65, 482, '2018-11-30 23:54:22', '2018-11-30 23:54:22'),
(604, 1, 109, 594, '2018-11-30 23:54:22', '2018-11-30 23:54:22'),
(605, 2, 96, 260, '2018-11-30 23:54:22', '2018-11-30 23:54:22'),
(606, 3, 52, 622, '2018-11-30 23:54:22', '2018-11-30 23:54:22'),
(607, 3, 40, 402, '2018-11-30 23:54:22', '2018-11-30 23:54:22'),
(608, 3, 2, 52, '2018-11-30 23:54:22', '2018-11-30 23:54:22'),
(609, 3, 38, 378, '2018-11-30 23:54:22', '2018-11-30 23:54:22'),
(610, 3, 195, 562, '2018-11-30 23:54:22', '2018-11-30 23:54:22'),
(611, 2, 18, 828, '2018-11-30 23:54:22', '2018-11-30 23:54:22'),
(612, 2, 104, 616, '2018-11-30 23:54:22', '2018-11-30 23:54:22'),
(613, 1, 87, 99, '2018-11-30 23:54:22', '2018-11-30 23:54:22'),
(614, 3, 71, 262, '2018-11-30 23:54:22', '2018-11-30 23:54:22'),
(615, 1, 54, 46, '2018-11-30 23:54:22', '2018-11-30 23:54:22'),
(616, 2, 48, 741, '2018-11-30 23:54:22', '2018-11-30 23:54:22'),
(617, 3, 3, 303, '2018-11-30 23:54:22', '2018-11-30 23:54:22'),
(618, 1, 134, 973, '2018-11-30 23:54:22', '2018-11-30 23:54:22'),
(619, 2, 85, 105, '2018-11-30 23:54:22', '2018-11-30 23:54:22'),
(620, 1, 62, 274, '2018-11-30 23:54:22', '2018-11-30 23:54:22'),
(621, 1, 124, 279, '2018-11-30 23:54:22', '2018-11-30 23:54:22'),
(622, 3, 156, 970, '2018-11-30 23:54:22', '2018-11-30 23:54:22'),
(623, 3, 67, 791, '2018-11-30 23:54:22', '2018-11-30 23:54:22'),
(624, 2, 13, 358, '2018-11-30 23:54:23', '2018-11-30 23:54:23'),
(625, 1, 156, 372, '2018-11-30 23:54:23', '2018-11-30 23:54:23'),
(626, 1, 177, 325, '2018-11-30 23:54:23', '2018-11-30 23:54:23'),
(627, 2, 116, 865, '2018-11-30 23:54:23', '2018-11-30 23:54:23'),
(628, 1, 93, 283, '2018-11-30 23:54:23', '2018-11-30 23:54:23'),
(629, 2, 153, 631, '2018-11-30 23:54:23', '2018-11-30 23:54:23'),
(630, 1, 70, 652, '2018-11-30 23:54:23', '2018-11-30 23:54:23'),
(631, 1, 145, 102, '2018-11-30 23:54:23', '2018-11-30 23:54:23'),
(632, 1, 156, 850, '2018-11-30 23:54:23', '2018-11-30 23:54:23'),
(633, 3, 75, 653, '2018-11-30 23:54:23', '2018-11-30 23:54:23'),
(634, 3, 100, 165, '2018-11-30 23:54:23', '2018-11-30 23:54:23'),
(635, 3, 95, 359, '2018-11-30 23:54:23', '2018-11-30 23:54:23'),
(636, 1, 31, 505, '2018-11-30 23:54:23', '2018-11-30 23:54:23'),
(637, 2, 180, 932, '2018-11-30 23:54:23', '2018-11-30 23:54:23'),
(638, 1, 69, 959, '2018-11-30 23:54:23', '2018-11-30 23:54:23'),
(639, 1, 175, 323, '2018-11-30 23:54:23', '2018-11-30 23:54:23'),
(640, 2, 151, 956, '2018-11-30 23:54:23', '2018-11-30 23:54:23'),
(641, 3, 17, 915, '2018-11-30 23:54:23', '2018-11-30 23:54:23'),
(642, 2, 188, 193, '2018-11-30 23:54:23', '2018-11-30 23:54:23'),
(643, 2, 135, 367, '2018-11-30 23:54:23', '2018-11-30 23:54:23'),
(644, 2, 134, 496, '2018-11-30 23:54:23', '2018-11-30 23:54:23'),
(645, 3, 158, 712, '2018-11-30 23:54:23', '2018-11-30 23:54:23'),
(646, 1, 106, 733, '2018-11-30 23:54:24', '2018-11-30 23:54:24'),
(647, 2, 165, 819, '2018-11-30 23:54:24', '2018-11-30 23:54:24'),
(648, 1, 70, 217, '2018-11-30 23:54:24', '2018-11-30 23:54:24'),
(649, 1, 70, 260, '2018-11-30 23:54:24', '2018-11-30 23:54:24'),
(650, 1, 131, 315, '2018-11-30 23:54:24', '2018-11-30 23:54:24'),
(651, 1, 7, 555, '2018-11-30 23:54:24', '2018-11-30 23:54:24'),
(652, 2, 78, 33, '2018-11-30 23:54:24', '2018-11-30 23:54:24'),
(653, 1, 168, 280, '2018-11-30 23:54:24', '2018-11-30 23:54:24'),
(654, 1, 129, 634, '2018-11-30 23:54:24', '2018-11-30 23:54:24'),
(655, 1, 105, 401, '2018-11-30 23:54:24', '2018-11-30 23:54:24'),
(656, 1, 67, 202, '2018-11-30 23:54:24', '2018-11-30 23:54:24'),
(657, 1, 181, 994, '2018-11-30 23:54:24', '2018-11-30 23:54:24'),
(658, 3, 146, 692, '2018-11-30 23:54:24', '2018-11-30 23:54:24'),
(659, 1, 15, 407, '2018-11-30 23:54:24', '2018-11-30 23:54:24'),
(660, 1, 63, 442, '2018-11-30 23:54:24', '2018-11-30 23:54:24'),
(661, 3, 67, 897, '2018-11-30 23:54:24', '2018-11-30 23:54:24'),
(662, 3, 6, 533, '2018-11-30 23:54:24', '2018-11-30 23:54:24'),
(663, 1, 70, 964, '2018-11-30 23:54:24', '2018-11-30 23:54:24'),
(664, 3, 72, 99, '2018-11-30 23:54:24', '2018-11-30 23:54:24'),
(665, 1, 146, 994, '2018-11-30 23:54:24', '2018-11-30 23:54:24'),
(666, 2, 57, 814, '2018-11-30 23:54:24', '2018-11-30 23:54:24'),
(667, 2, 94, 134, '2018-11-30 23:54:25', '2018-11-30 23:54:25'),
(668, 2, 90, 840, '2018-11-30 23:54:25', '2018-11-30 23:54:25'),
(669, 2, 57, 25, '2018-11-30 23:54:25', '2018-11-30 23:54:25'),
(670, 2, 166, 717, '2018-11-30 23:54:25', '2018-11-30 23:54:25'),
(671, 3, 185, 571, '2018-11-30 23:54:25', '2018-11-30 23:54:25'),
(672, 1, 187, 54, '2018-11-30 23:54:25', '2018-11-30 23:54:25'),
(673, 3, 73, 417, '2018-11-30 23:54:25', '2018-11-30 23:54:25'),
(674, 1, 183, 241, '2018-11-30 23:54:25', '2018-11-30 23:54:25'),
(675, 1, 165, 420, '2018-11-30 23:54:25', '2018-11-30 23:54:25'),
(676, 3, 165, 252, '2018-11-30 23:54:25', '2018-11-30 23:54:25'),
(677, 3, 191, 642, '2018-11-30 23:54:25', '2018-11-30 23:54:25'),
(678, 1, 18, 54, '2018-11-30 23:54:25', '2018-11-30 23:54:25'),
(679, 3, 122, 459, '2018-11-30 23:54:25', '2018-11-30 23:54:25'),
(680, 3, 68, 906, '2018-11-30 23:54:25', '2018-11-30 23:54:25'),
(681, 3, 95, 991, '2018-11-30 23:54:25', '2018-11-30 23:54:25'),
(682, 1, 157, 398, '2018-11-30 23:54:25', '2018-11-30 23:54:25'),
(683, 2, 55, 58, '2018-11-30 23:54:25', '2018-11-30 23:54:25'),
(684, 1, 8, 929, '2018-11-30 23:54:25', '2018-11-30 23:54:25'),
(685, 1, 9, 394, '2018-11-30 23:54:25', '2018-11-30 23:54:25'),
(686, 2, 140, 325, '2018-11-30 23:54:25', '2018-11-30 23:54:25'),
(687, 3, 88, 517, '2018-11-30 23:54:26', '2018-11-30 23:54:26'),
(688, 1, 157, 458, '2018-11-30 23:54:26', '2018-11-30 23:54:26'),
(689, 2, 48, 14, '2018-11-30 23:54:26', '2018-11-30 23:54:26'),
(690, 2, 55, 213, '2018-11-30 23:54:26', '2018-11-30 23:54:26'),
(691, 3, 177, 90, '2018-11-30 23:54:26', '2018-11-30 23:54:26'),
(692, 3, 102, 428, '2018-11-30 23:54:26', '2018-11-30 23:54:26'),
(693, 1, 2, 444, '2018-11-30 23:54:26', '2018-11-30 23:54:26'),
(694, 3, 26, 355, '2018-11-30 23:54:26', '2018-11-30 23:54:26'),
(695, 3, 98, 529, '2018-11-30 23:54:26', '2018-11-30 23:54:26'),
(696, 3, 100, 520, '2018-11-30 23:54:26', '2018-11-30 23:54:26'),
(697, 3, 112, 952, '2018-11-30 23:54:26', '2018-11-30 23:54:26'),
(698, 2, 48, 374, '2018-11-30 23:54:26', '2018-11-30 23:54:26'),
(699, 3, 140, 392, '2018-11-30 23:54:26', '2018-11-30 23:54:26'),
(700, 2, 14, 233, '2018-11-30 23:54:26', '2018-11-30 23:54:26'),
(701, 1, 148, 645, '2018-11-30 23:54:26', '2018-11-30 23:54:26'),
(702, 1, 114, 527, '2018-11-30 23:54:26', '2018-11-30 23:54:26'),
(703, 3, 21, 670, '2018-11-30 23:54:26', '2018-11-30 23:54:26'),
(704, 2, 69, 642, '2018-11-30 23:54:26', '2018-11-30 23:54:26'),
(705, 1, 2, 274, '2018-11-30 23:54:26', '2018-11-30 23:54:26'),
(706, 3, 15, 704, '2018-11-30 23:54:26', '2018-11-30 23:54:26'),
(707, 1, 111, 469, '2018-11-30 23:54:26', '2018-11-30 23:54:26'),
(708, 2, 124, 101, '2018-11-30 23:54:26', '2018-11-30 23:54:26'),
(709, 1, 124, 994, '2018-11-30 23:54:27', '2018-11-30 23:54:27'),
(710, 1, 15, 906, '2018-11-30 23:54:27', '2018-11-30 23:54:27'),
(711, 3, 144, 28, '2018-11-30 23:54:27', '2018-11-30 23:54:27'),
(712, 1, 114, 892, '2018-11-30 23:54:27', '2018-11-30 23:54:27'),
(713, 2, 131, 987, '2018-11-30 23:54:27', '2018-11-30 23:54:27'),
(714, 2, 11, 109, '2018-11-30 23:54:27', '2018-11-30 23:54:27'),
(715, 2, 16, 260, '2018-11-30 23:54:27', '2018-11-30 23:54:27'),
(716, 2, 135, 509, '2018-11-30 23:54:27', '2018-11-30 23:54:27'),
(717, 3, 20, 540, '2018-11-30 23:54:27', '2018-11-30 23:54:27'),
(718, 1, 132, 46, '2018-11-30 23:54:27', '2018-11-30 23:54:27'),
(719, 3, 182, 172, '2018-11-30 23:54:27', '2018-11-30 23:54:27'),
(720, 2, 35, 638, '2018-11-30 23:54:27', '2018-11-30 23:54:27'),
(721, 1, 107, 919, '2018-11-30 23:54:27', '2018-11-30 23:54:27'),
(722, 1, 115, 984, '2018-11-30 23:54:27', '2018-11-30 23:54:27'),
(723, 3, 31, 719, '2018-11-30 23:54:27', '2018-11-30 23:54:27'),
(724, 2, 97, 717, '2018-11-30 23:54:27', '2018-11-30 23:54:27'),
(725, 2, 132, 943, '2018-11-30 23:54:27', '2018-11-30 23:54:27'),
(726, 2, 7, 742, '2018-11-30 23:54:27', '2018-11-30 23:54:27'),
(727, 3, 44, 809, '2018-11-30 23:54:27', '2018-11-30 23:54:27'),
(728, 3, 105, 75, '2018-11-30 23:54:27', '2018-11-30 23:54:27'),
(729, 2, 82, 345, '2018-11-30 23:54:27', '2018-11-30 23:54:27'),
(730, 2, 46, 595, '2018-11-30 23:54:28', '2018-11-30 23:54:28'),
(731, 2, 142, 462, '2018-11-30 23:54:28', '2018-11-30 23:54:28'),
(732, 2, 40, 81, '2018-11-30 23:54:28', '2018-11-30 23:54:28'),
(733, 1, 49, 292, '2018-11-30 23:54:28', '2018-11-30 23:54:28'),
(734, 1, 26, 952, '2018-11-30 23:54:28', '2018-11-30 23:54:28'),
(735, 1, 2, 213, '2018-11-30 23:54:28', '2018-11-30 23:54:28'),
(736, 1, 65, 146, '2018-11-30 23:54:28', '2018-11-30 23:54:28'),
(737, 1, 8, 289, '2018-11-30 23:54:28', '2018-11-30 23:54:28'),
(738, 2, 133, 316, '2018-11-30 23:54:28', '2018-11-30 23:54:28'),
(739, 2, 117, 222, '2018-11-30 23:54:28', '2018-11-30 23:54:28'),
(740, 1, 60, 485, '2018-11-30 23:54:28', '2018-11-30 23:54:28'),
(741, 3, 156, 976, '2018-11-30 23:54:28', '2018-11-30 23:54:28'),
(742, 1, 7, 142, '2018-11-30 23:54:28', '2018-11-30 23:54:28'),
(743, 3, 78, 650, '2018-11-30 23:54:28', '2018-11-30 23:54:28'),
(744, 2, 1, 139, '2018-11-30 23:54:28', '2018-11-30 23:54:28'),
(745, 1, 46, 630, '2018-11-30 23:54:28', '2018-11-30 23:54:28'),
(746, 2, 11, 287, '2018-11-30 23:54:28', '2018-11-30 23:54:28'),
(747, 3, 165, 198, '2018-11-30 23:54:28', '2018-11-30 23:54:28'),
(748, 1, 109, 107, '2018-11-30 23:54:29', '2018-11-30 23:54:29'),
(749, 2, 25, 303, '2018-11-30 23:54:29', '2018-11-30 23:54:29'),
(750, 1, 125, 420, '2018-11-30 23:54:29', '2018-11-30 23:54:29'),
(751, 2, 19, 935, '2018-11-30 23:54:29', '2018-11-30 23:54:29'),
(752, 3, 124, 960, '2018-11-30 23:54:29', '2018-11-30 23:54:29'),
(753, 2, 61, 859, '2018-11-30 23:54:29', '2018-11-30 23:54:29'),
(754, 3, 40, 53, '2018-11-30 23:54:29', '2018-11-30 23:54:29'),
(755, 2, 117, 845, '2018-11-30 23:54:29', '2018-11-30 23:54:29'),
(756, 1, 93, 270, '2018-11-30 23:54:29', '2018-11-30 23:54:29'),
(757, 3, 141, 38, '2018-11-30 23:54:29', '2018-11-30 23:54:29'),
(758, 1, 118, 748, '2018-11-30 23:54:29', '2018-11-30 23:54:29'),
(759, 2, 14, 430, '2018-11-30 23:54:29', '2018-11-30 23:54:29'),
(760, 3, 31, 997, '2018-11-30 23:54:29', '2018-11-30 23:54:29'),
(761, 3, 67, 816, '2018-11-30 23:54:29', '2018-11-30 23:54:29'),
(762, 1, 164, 941, '2018-11-30 23:54:29', '2018-11-30 23:54:29'),
(763, 1, 125, 746, '2018-11-30 23:54:29', '2018-11-30 23:54:29'),
(764, 3, 21, 887, '2018-11-30 23:54:29', '2018-11-30 23:54:29'),
(765, 2, 183, 393, '2018-11-30 23:54:29', '2018-11-30 23:54:29'),
(766, 1, 129, 141, '2018-11-30 23:54:29', '2018-11-30 23:54:29'),
(767, 2, 167, 912, '2018-11-30 23:54:29', '2018-11-30 23:54:29'),
(768, 3, 143, 343, '2018-11-30 23:54:29', '2018-11-30 23:54:29'),
(769, 3, 60, 541, '2018-11-30 23:54:29', '2018-11-30 23:54:29'),
(770, 1, 90, 672, '2018-11-30 23:54:30', '2018-11-30 23:54:30'),
(771, 1, 195, 331, '2018-11-30 23:54:30', '2018-11-30 23:54:30'),
(772, 2, 163, 83, '2018-11-30 23:54:30', '2018-11-30 23:54:30'),
(773, 1, 69, 512, '2018-11-30 23:54:30', '2018-11-30 23:54:30'),
(774, 2, 29, 857, '2018-11-30 23:54:30', '2018-11-30 23:54:30'),
(775, 3, 156, 628, '2018-11-30 23:54:30', '2018-11-30 23:54:30'),
(776, 2, 83, 365, '2018-11-30 23:54:30', '2018-11-30 23:54:30'),
(777, 1, 159, 384, '2018-11-30 23:54:30', '2018-11-30 23:54:30'),
(778, 2, 65, 567, '2018-11-30 23:54:30', '2018-11-30 23:54:30'),
(779, 2, 38, 936, '2018-11-30 23:54:30', '2018-11-30 23:54:30'),
(780, 1, 113, 175, '2018-11-30 23:54:30', '2018-11-30 23:54:30'),
(781, 1, 85, 85, '2018-11-30 23:54:30', '2018-11-30 23:54:30'),
(782, 1, 191, 546, '2018-11-30 23:54:30', '2018-11-30 23:54:30'),
(783, 2, 166, 294, '2018-11-30 23:54:30', '2018-11-30 23:54:30'),
(784, 2, 140, 228, '2018-11-30 23:54:30', '2018-11-30 23:54:30'),
(785, 1, 2, 182, '2018-11-30 23:54:30', '2018-11-30 23:54:30'),
(786, 3, 115, 111, '2018-11-30 23:54:30', '2018-11-30 23:54:30'),
(787, 1, 192, 748, '2018-11-30 23:54:30', '2018-11-30 23:54:30'),
(788, 1, 91, 374, '2018-11-30 23:54:30', '2018-11-30 23:54:30'),
(789, 1, 179, 448, '2018-11-30 23:54:30', '2018-11-30 23:54:30');
INSERT INTO `transactions` (`id`, `quantity`, `buyer_id`, `product_id`, `created_at`, `updated_at`) VALUES
(790, 3, 84, 875, '2018-11-30 23:54:30', '2018-11-30 23:54:30'),
(791, 1, 69, 289, '2018-11-30 23:54:31', '2018-11-30 23:54:31'),
(792, 1, 129, 219, '2018-11-30 23:54:31', '2018-11-30 23:54:31'),
(793, 1, 127, 679, '2018-11-30 23:54:31', '2018-11-30 23:54:31'),
(794, 2, 168, 182, '2018-11-30 23:54:31', '2018-11-30 23:54:31'),
(795, 1, 39, 976, '2018-11-30 23:54:31', '2018-11-30 23:54:31'),
(796, 1, 146, 92, '2018-11-30 23:54:31', '2018-11-30 23:54:31'),
(797, 1, 107, 680, '2018-11-30 23:54:31', '2018-11-30 23:54:31'),
(798, 3, 94, 853, '2018-11-30 23:54:31', '2018-11-30 23:54:31'),
(799, 2, 47, 75, '2018-11-30 23:54:31', '2018-11-30 23:54:31'),
(800, 3, 60, 319, '2018-11-30 23:54:31', '2018-11-30 23:54:31'),
(801, 3, 141, 620, '2018-11-30 23:54:31', '2018-11-30 23:54:31'),
(802, 1, 193, 728, '2018-11-30 23:54:31', '2018-11-30 23:54:31'),
(803, 1, 176, 651, '2018-11-30 23:54:31', '2018-11-30 23:54:31'),
(804, 3, 121, 411, '2018-11-30 23:54:31', '2018-11-30 23:54:31'),
(805, 2, 54, 247, '2018-11-30 23:54:31', '2018-11-30 23:54:31'),
(806, 1, 93, 509, '2018-11-30 23:54:31', '2018-11-30 23:54:31'),
(807, 1, 81, 966, '2018-11-30 23:54:31', '2018-11-30 23:54:31'),
(808, 2, 100, 266, '2018-11-30 23:54:31', '2018-11-30 23:54:31'),
(809, 1, 180, 977, '2018-11-30 23:54:31', '2018-11-30 23:54:31'),
(810, 3, 19, 890, '2018-11-30 23:54:31', '2018-11-30 23:54:31'),
(811, 1, 121, 348, '2018-11-30 23:54:31', '2018-11-30 23:54:31'),
(812, 1, 120, 755, '2018-11-30 23:54:31', '2018-11-30 23:54:31'),
(813, 1, 128, 174, '2018-11-30 23:54:31', '2018-11-30 23:54:31'),
(814, 3, 81, 144, '2018-11-30 23:54:31', '2018-11-30 23:54:31'),
(815, 2, 139, 252, '2018-11-30 23:54:32', '2018-11-30 23:54:32'),
(816, 3, 151, 676, '2018-11-30 23:54:32', '2018-11-30 23:54:32'),
(817, 3, 160, 575, '2018-11-30 23:54:32', '2018-11-30 23:54:32'),
(818, 1, 117, 614, '2018-11-30 23:54:32', '2018-11-30 23:54:32'),
(819, 2, 153, 205, '2018-11-30 23:54:32', '2018-11-30 23:54:32'),
(820, 2, 67, 488, '2018-11-30 23:54:32', '2018-11-30 23:54:32'),
(821, 3, 68, 238, '2018-11-30 23:54:32', '2018-11-30 23:54:32'),
(822, 2, 78, 673, '2018-11-30 23:54:32', '2018-11-30 23:54:32'),
(823, 2, 20, 393, '2018-11-30 23:54:32', '2018-11-30 23:54:32'),
(824, 2, 116, 174, '2018-11-30 23:54:32', '2018-11-30 23:54:32'),
(825, 1, 135, 536, '2018-11-30 23:54:32', '2018-11-30 23:54:32'),
(826, 1, 20, 640, '2018-11-30 23:54:32', '2018-11-30 23:54:32'),
(827, 3, 171, 203, '2018-11-30 23:54:32', '2018-11-30 23:54:32'),
(828, 3, 82, 491, '2018-11-30 23:54:32', '2018-11-30 23:54:32'),
(829, 2, 199, 274, '2018-11-30 23:54:32', '2018-11-30 23:54:32'),
(830, 3, 127, 957, '2018-11-30 23:54:32', '2018-11-30 23:54:32'),
(831, 1, 89, 983, '2018-11-30 23:54:32', '2018-11-30 23:54:32'),
(832, 1, 94, 855, '2018-11-30 23:54:32', '2018-11-30 23:54:32'),
(833, 2, 78, 910, '2018-11-30 23:54:32', '2018-11-30 23:54:32'),
(834, 1, 195, 975, '2018-11-30 23:54:32', '2018-11-30 23:54:32'),
(835, 1, 57, 997, '2018-11-30 23:54:32', '2018-11-30 23:54:32'),
(836, 3, 186, 994, '2018-11-30 23:54:32', '2018-11-30 23:54:32'),
(837, 2, 177, 217, '2018-11-30 23:54:32', '2018-11-30 23:54:32'),
(838, 3, 189, 985, '2018-11-30 23:54:32', '2018-11-30 23:54:32'),
(839, 3, 101, 673, '2018-11-30 23:54:33', '2018-11-30 23:54:33'),
(840, 3, 145, 481, '2018-11-30 23:54:33', '2018-11-30 23:54:33'),
(841, 2, 102, 724, '2018-11-30 23:54:33', '2018-11-30 23:54:33'),
(842, 3, 143, 893, '2018-11-30 23:54:33', '2018-11-30 23:54:33'),
(843, 2, 72, 449, '2018-11-30 23:54:33', '2018-11-30 23:54:33'),
(844, 3, 173, 929, '2018-11-30 23:54:33', '2018-11-30 23:54:33'),
(845, 1, 68, 924, '2018-11-30 23:54:33', '2018-11-30 23:54:33'),
(846, 1, 177, 655, '2018-11-30 23:54:33', '2018-11-30 23:54:33'),
(847, 2, 117, 977, '2018-11-30 23:54:33', '2018-11-30 23:54:33'),
(848, 3, 27, 527, '2018-11-30 23:54:33', '2018-11-30 23:54:33'),
(849, 3, 182, 952, '2018-11-30 23:54:33', '2018-11-30 23:54:33'),
(850, 2, 84, 616, '2018-11-30 23:54:33', '2018-11-30 23:54:33'),
(851, 1, 197, 578, '2018-11-30 23:54:33', '2018-11-30 23:54:33'),
(852, 3, 157, 393, '2018-11-30 23:54:33', '2018-11-30 23:54:33'),
(853, 2, 190, 230, '2018-11-30 23:54:33', '2018-11-30 23:54:33'),
(854, 1, 106, 612, '2018-11-30 23:54:33', '2018-11-30 23:54:33'),
(855, 2, 79, 410, '2018-11-30 23:54:33', '2018-11-30 23:54:33'),
(856, 1, 192, 676, '2018-11-30 23:54:33', '2018-11-30 23:54:33'),
(857, 2, 147, 673, '2018-11-30 23:54:33', '2018-11-30 23:54:33'),
(858, 1, 175, 605, '2018-11-30 23:54:33', '2018-11-30 23:54:33'),
(859, 1, 142, 555, '2018-11-30 23:54:33', '2018-11-30 23:54:33'),
(860, 1, 181, 131, '2018-11-30 23:54:34', '2018-11-30 23:54:34'),
(861, 2, 22, 184, '2018-11-30 23:54:34', '2018-11-30 23:54:34'),
(862, 2, 8, 556, '2018-11-30 23:54:34', '2018-11-30 23:54:34'),
(863, 1, 33, 475, '2018-11-30 23:54:34', '2018-11-30 23:54:34'),
(864, 3, 38, 600, '2018-11-30 23:54:34', '2018-11-30 23:54:34'),
(865, 1, 89, 31, '2018-11-30 23:54:34', '2018-11-30 23:54:34'),
(866, 2, 128, 699, '2018-11-30 23:54:34', '2018-11-30 23:54:34'),
(867, 1, 62, 567, '2018-11-30 23:54:34', '2018-11-30 23:54:34'),
(868, 2, 199, 17, '2018-11-30 23:54:34', '2018-11-30 23:54:34'),
(869, 1, 190, 557, '2018-11-30 23:54:34', '2018-11-30 23:54:34'),
(870, 1, 114, 8, '2018-11-30 23:54:34', '2018-11-30 23:54:34'),
(871, 2, 59, 993, '2018-11-30 23:54:34', '2018-11-30 23:54:34'),
(872, 3, 14, 204, '2018-11-30 23:54:34', '2018-11-30 23:54:34'),
(873, 2, 197, 917, '2018-11-30 23:54:34', '2018-11-30 23:54:34'),
(874, 1, 147, 282, '2018-11-30 23:54:34', '2018-11-30 23:54:34'),
(875, 2, 70, 984, '2018-11-30 23:54:34', '2018-11-30 23:54:34'),
(876, 3, 82, 716, '2018-11-30 23:54:34', '2018-11-30 23:54:34'),
(877, 1, 127, 170, '2018-11-30 23:54:34', '2018-11-30 23:54:34'),
(878, 2, 30, 27, '2018-11-30 23:54:34', '2018-11-30 23:54:34'),
(879, 2, 63, 796, '2018-11-30 23:54:34', '2018-11-30 23:54:34'),
(880, 1, 141, 379, '2018-11-30 23:54:34', '2018-11-30 23:54:34'),
(881, 2, 115, 767, '2018-11-30 23:54:35', '2018-11-30 23:54:35'),
(882, 1, 195, 125, '2018-11-30 23:54:35', '2018-11-30 23:54:35'),
(883, 3, 92, 316, '2018-11-30 23:54:35', '2018-11-30 23:54:35'),
(884, 1, 112, 939, '2018-11-30 23:54:35', '2018-11-30 23:54:35'),
(885, 2, 74, 622, '2018-11-30 23:54:35', '2018-11-30 23:54:35'),
(886, 3, 129, 835, '2018-11-30 23:54:35', '2018-11-30 23:54:35'),
(887, 1, 81, 918, '2018-11-30 23:54:35', '2018-11-30 23:54:35'),
(888, 3, 144, 409, '2018-11-30 23:54:35', '2018-11-30 23:54:35'),
(889, 3, 186, 142, '2018-11-30 23:54:35', '2018-11-30 23:54:35'),
(890, 2, 92, 520, '2018-11-30 23:54:35', '2018-11-30 23:54:35'),
(891, 1, 53, 424, '2018-11-30 23:54:35', '2018-11-30 23:54:35'),
(892, 2, 91, 24, '2018-11-30 23:54:35', '2018-11-30 23:54:35'),
(893, 3, 128, 199, '2018-11-30 23:54:35', '2018-11-30 23:54:35'),
(894, 3, 87, 90, '2018-11-30 23:54:35', '2018-11-30 23:54:35'),
(895, 3, 195, 749, '2018-11-30 23:54:35', '2018-11-30 23:54:35'),
(896, 2, 152, 645, '2018-11-30 23:54:35', '2018-11-30 23:54:35'),
(897, 1, 179, 573, '2018-11-30 23:54:35', '2018-11-30 23:54:35'),
(898, 1, 12, 335, '2018-11-30 23:54:35', '2018-11-30 23:54:35'),
(899, 1, 23, 362, '2018-11-30 23:54:35', '2018-11-30 23:54:35'),
(900, 1, 113, 77, '2018-11-30 23:54:35', '2018-11-30 23:54:35'),
(901, 2, 60, 388, '2018-11-30 23:54:36', '2018-11-30 23:54:36'),
(902, 2, 156, 26, '2018-11-30 23:54:36', '2018-11-30 23:54:36'),
(903, 3, 82, 586, '2018-11-30 23:54:36', '2018-11-30 23:54:36'),
(904, 3, 75, 297, '2018-11-30 23:54:36', '2018-11-30 23:54:36'),
(905, 3, 98, 309, '2018-11-30 23:54:36', '2018-11-30 23:54:36'),
(906, 1, 43, 793, '2018-11-30 23:54:36', '2018-11-30 23:54:36'),
(907, 3, 174, 994, '2018-11-30 23:54:36', '2018-11-30 23:54:36'),
(908, 1, 110, 649, '2018-11-30 23:54:36', '2018-11-30 23:54:36'),
(909, 1, 58, 110, '2018-11-30 23:54:36', '2018-11-30 23:54:36'),
(910, 3, 138, 941, '2018-11-30 23:54:36', '2018-11-30 23:54:36'),
(911, 3, 40, 724, '2018-11-30 23:54:36', '2018-11-30 23:54:36'),
(912, 3, 182, 176, '2018-11-30 23:54:36', '2018-11-30 23:54:36'),
(913, 1, 49, 518, '2018-11-30 23:54:36', '2018-11-30 23:54:36'),
(914, 1, 169, 470, '2018-11-30 23:54:36', '2018-11-30 23:54:36'),
(915, 2, 10, 565, '2018-11-30 23:54:36', '2018-11-30 23:54:36'),
(916, 3, 174, 260, '2018-11-30 23:54:36', '2018-11-30 23:54:36'),
(917, 3, 43, 442, '2018-11-30 23:54:36', '2018-11-30 23:54:36'),
(918, 1, 162, 940, '2018-11-30 23:54:36', '2018-11-30 23:54:36'),
(919, 3, 78, 550, '2018-11-30 23:54:36', '2018-11-30 23:54:36'),
(920, 3, 182, 135, '2018-11-30 23:54:36', '2018-11-30 23:54:36'),
(921, 2, 151, 215, '2018-11-30 23:54:36', '2018-11-30 23:54:36'),
(922, 1, 83, 921, '2018-11-30 23:54:36', '2018-11-30 23:54:36'),
(923, 3, 172, 603, '2018-11-30 23:54:37', '2018-11-30 23:54:37'),
(924, 2, 135, 988, '2018-11-30 23:54:37', '2018-11-30 23:54:37'),
(925, 3, 112, 415, '2018-11-30 23:54:37', '2018-11-30 23:54:37'),
(926, 2, 44, 74, '2018-11-30 23:54:37', '2018-11-30 23:54:37'),
(927, 1, 72, 117, '2018-11-30 23:54:37', '2018-11-30 23:54:37'),
(928, 3, 18, 844, '2018-11-30 23:54:37', '2018-11-30 23:54:37'),
(929, 1, 118, 399, '2018-11-30 23:54:37', '2018-11-30 23:54:37'),
(930, 1, 75, 126, '2018-11-30 23:54:37', '2018-11-30 23:54:37'),
(931, 3, 142, 930, '2018-11-30 23:54:37', '2018-11-30 23:54:37'),
(932, 2, 8, 851, '2018-11-30 23:54:37', '2018-11-30 23:54:37'),
(933, 2, 75, 393, '2018-11-30 23:54:37', '2018-11-30 23:54:37'),
(934, 2, 197, 477, '2018-11-30 23:54:37', '2018-11-30 23:54:37'),
(935, 3, 157, 712, '2018-11-30 23:54:37', '2018-11-30 23:54:37'),
(936, 3, 93, 376, '2018-11-30 23:54:37', '2018-11-30 23:54:37'),
(937, 1, 71, 429, '2018-11-30 23:54:37', '2018-11-30 23:54:37'),
(938, 3, 178, 557, '2018-11-30 23:54:37', '2018-11-30 23:54:37'),
(939, 3, 65, 795, '2018-11-30 23:54:37', '2018-11-30 23:54:37'),
(940, 3, 161, 187, '2018-11-30 23:54:37', '2018-11-30 23:54:37'),
(941, 3, 51, 350, '2018-11-30 23:54:37', '2018-11-30 23:54:37'),
(942, 2, 34, 33, '2018-11-30 23:54:37', '2018-11-30 23:54:37'),
(943, 2, 193, 165, '2018-11-30 23:54:37', '2018-11-30 23:54:37'),
(944, 2, 145, 161, '2018-11-30 23:54:38', '2018-11-30 23:54:38'),
(945, 2, 16, 802, '2018-11-30 23:54:38', '2018-11-30 23:54:38'),
(946, 3, 98, 813, '2018-11-30 23:54:38', '2018-11-30 23:54:38'),
(947, 2, 65, 374, '2018-11-30 23:54:38', '2018-11-30 23:54:38'),
(948, 3, 75, 645, '2018-11-30 23:54:38', '2018-11-30 23:54:38'),
(949, 2, 193, 171, '2018-11-30 23:54:38', '2018-11-30 23:54:38'),
(950, 1, 155, 266, '2018-11-30 23:54:38', '2018-11-30 23:54:38'),
(951, 3, 182, 414, '2018-11-30 23:54:38', '2018-11-30 23:54:38'),
(952, 1, 12, 7, '2018-11-30 23:54:38', '2018-11-30 23:54:38'),
(953, 1, 22, 459, '2018-11-30 23:54:38', '2018-11-30 23:54:38'),
(954, 2, 92, 34, '2018-11-30 23:54:38', '2018-11-30 23:54:38'),
(955, 2, 83, 253, '2018-11-30 23:54:38', '2018-11-30 23:54:38'),
(956, 2, 145, 334, '2018-11-30 23:54:38', '2018-11-30 23:54:38'),
(957, 2, 58, 907, '2018-11-30 23:54:38', '2018-11-30 23:54:38'),
(958, 2, 129, 618, '2018-11-30 23:54:38', '2018-11-30 23:54:38'),
(959, 1, 189, 274, '2018-11-30 23:54:38', '2018-11-30 23:54:38'),
(960, 3, 162, 888, '2018-11-30 23:54:38', '2018-11-30 23:54:38'),
(961, 3, 100, 139, '2018-11-30 23:54:38', '2018-11-30 23:54:38'),
(962, 1, 153, 643, '2018-11-30 23:54:38', '2018-11-30 23:54:38'),
(963, 1, 81, 218, '2018-11-30 23:54:39', '2018-11-30 23:54:39'),
(964, 1, 181, 249, '2018-11-30 23:54:39', '2018-11-30 23:54:39'),
(965, 3, 22, 864, '2018-11-30 23:54:39', '2018-11-30 23:54:39'),
(966, 3, 13, 91, '2018-11-30 23:54:39', '2018-11-30 23:54:39'),
(967, 1, 177, 992, '2018-11-30 23:54:39', '2018-11-30 23:54:39'),
(968, 2, 131, 1000, '2018-11-30 23:54:39', '2018-11-30 23:54:39'),
(969, 1, 76, 791, '2018-11-30 23:54:39', '2018-11-30 23:54:39'),
(970, 2, 15, 236, '2018-11-30 23:54:39', '2018-11-30 23:54:39'),
(971, 3, 178, 780, '2018-11-30 23:54:39', '2018-11-30 23:54:39'),
(972, 1, 111, 731, '2018-11-30 23:54:39', '2018-11-30 23:54:39'),
(973, 2, 17, 847, '2018-11-30 23:54:39', '2018-11-30 23:54:39'),
(974, 3, 4, 784, '2018-11-30 23:54:39', '2018-11-30 23:54:39'),
(975, 2, 196, 634, '2018-11-30 23:54:39', '2018-11-30 23:54:39'),
(976, 2, 60, 536, '2018-11-30 23:54:39', '2018-11-30 23:54:39'),
(977, 3, 70, 421, '2018-11-30 23:54:39', '2018-11-30 23:54:39'),
(978, 3, 174, 970, '2018-11-30 23:54:39', '2018-11-30 23:54:39'),
(979, 3, 62, 499, '2018-11-30 23:54:39', '2018-11-30 23:54:39'),
(980, 3, 103, 354, '2018-11-30 23:54:39', '2018-11-30 23:54:39'),
(981, 2, 96, 685, '2018-11-30 23:54:39', '2018-11-30 23:54:39'),
(982, 1, 24, 144, '2018-11-30 23:54:40', '2018-11-30 23:54:40'),
(983, 3, 187, 238, '2018-11-30 23:54:40', '2018-11-30 23:54:40'),
(984, 1, 184, 149, '2018-11-30 23:54:40', '2018-11-30 23:54:40'),
(985, 2, 148, 283, '2018-11-30 23:54:40', '2018-11-30 23:54:40'),
(986, 2, 87, 894, '2018-11-30 23:54:40', '2018-11-30 23:54:40'),
(987, 2, 78, 891, '2018-11-30 23:54:40', '2018-11-30 23:54:40'),
(988, 3, 146, 798, '2018-11-30 23:54:40', '2018-11-30 23:54:40'),
(989, 1, 152, 170, '2018-11-30 23:54:40', '2018-11-30 23:54:40'),
(990, 2, 78, 754, '2018-11-30 23:54:40', '2018-11-30 23:54:40'),
(991, 3, 120, 663, '2018-11-30 23:54:40', '2018-11-30 23:54:40'),
(992, 3, 124, 456, '2018-11-30 23:54:40', '2018-11-30 23:54:40'),
(993, 2, 175, 38, '2018-11-30 23:54:40', '2018-11-30 23:54:40'),
(994, 3, 67, 999, '2018-11-30 23:54:40', '2018-11-30 23:54:40'),
(995, 1, 23, 246, '2018-11-30 23:54:40', '2018-11-30 23:54:40'),
(996, 1, 115, 42, '2018-11-30 23:54:40', '2018-11-30 23:54:40'),
(997, 1, 130, 877, '2018-11-30 23:54:40', '2018-11-30 23:54:40'),
(998, 2, 28, 39, '2018-11-30 23:54:40', '2018-11-30 23:54:40'),
(999, 1, 165, 373, '2018-11-30 23:54:40', '2018-11-30 23:54:40'),
(1000, 1, 155, 130, '2018-11-30 23:54:40', '2018-11-30 23:54:40');

-- --------------------------------------------------------

--
-- Table structure for table `users`
--

CREATE TABLE `users` (
  `id` int(10) UNSIGNED NOT NULL,
  `name` varchar(191) COLLATE utf8mb4_unicode_ci NOT NULL,
  `email` varchar(191) COLLATE utf8mb4_unicode_ci NOT NULL,
  `email_verified_at` timestamp NULL DEFAULT NULL,
  `password` varchar(191) COLLATE utf8mb4_unicode_ci NOT NULL,
  `verified` varchar(191) COLLATE utf8mb4_unicode_ci NOT NULL DEFAULT '0',
  `verification_token` varchar(191) COLLATE utf8mb4_unicode_ci DEFAULT NULL,
  `admin` varchar(191) COLLATE utf8mb4_unicode_ci NOT NULL DEFAULT 'false',
  `remember_token` varchar(100) COLLATE utf8mb4_unicode_ci DEFAULT NULL,
  `created_at` timestamp NULL DEFAULT NULL,
  `updated_at` timestamp NULL DEFAULT NULL
) ENGINE=InnoDB DEFAULT CHARSET=utf8mb4 COLLATE=utf8mb4_unicode_ci;

--
-- Dumping data for table `users`
--

INSERT INTO `users` (`id`, `name`, `email`, `email_verified_at`, `password`, `verified`, `verification_token`, `admin`, `remember_token`, `created_at`, `updated_at`) VALUES
(1, 'Rosamond Pagac V', 'bogan.julian@example.org', '2018-11-30 23:51:55', '$2y$10$TKh8H1.PfQx37YgCzwiKb.KjNyWgaHb9cbcoQgdIVFlYg7B77UdFm', '1', NULL, 'true', 'M6zy5iHJZU', '2018-11-30 23:51:55', '2018-11-30 23:51:55'),
(2, 'Miss Adah Rath', 'tyshawn45@example.org', '2018-11-30 23:51:55', '$2y$10$TKh8H1.PfQx37YgCzwiKb.KjNyWgaHb9cbcoQgdIVFlYg7B77UdFm', '1', NULL, 'true', 'FmlauZFfWl', '2018-11-30 23:51:55', '2018-11-30 23:51:55'),
(3, 'Dr. Anderson Altenwerth', 'vgaylord@example.com', '2018-11-30 23:51:55', '$2y$10$TKh8H1.PfQx37YgCzwiKb.KjNyWgaHb9cbcoQgdIVFlYg7B77UdFm', '0', 'EiKgolazI5stGi2KmP8jr9ibCegSmPR1PBsNoFUL', 'false', 'eFc5OAgBqz', '2018-11-30 23:51:55', '2018-11-30 23:51:55'),
(4, 'Aleen Ward', 'dcarter@example.org', '2018-11-30 23:51:55', '$2y$10$TKh8H1.PfQx37YgCzwiKb.KjNyWgaHb9cbcoQgdIVFlYg7B77UdFm', '0', '6wYifaNGpkQwX7IVpqB0wKIK8ZQ0n6jZMEViqTTf', 'true', '2LFLwPDIdm', '2018-11-30 23:51:55', '2018-11-30 23:51:55'),
(5, 'Sonya Hirthe MD', 'alyson63@example.org', '2018-11-30 23:51:55', '$2y$10$TKh8H1.PfQx37YgCzwiKb.KjNyWgaHb9cbcoQgdIVFlYg7B77UdFm', '1', NULL, 'true', '9BDtU4GiFe', '2018-11-30 23:51:55', '2018-11-30 23:51:55'),
(6, 'Antonia Beatty DVM', 'vgottlieb@example.com', '2018-11-30 23:51:55', '$2y$10$TKh8H1.PfQx37YgCzwiKb.KjNyWgaHb9cbcoQgdIVFlYg7B77UdFm', '1', NULL, 'true', 'JIoqigvGy6', '2018-11-30 23:51:55', '2018-11-30 23:51:55'),
(7, 'Abelardo Schumm', 'xfahey@example.net', '2018-11-30 23:51:55', '$2y$10$TKh8H1.PfQx37YgCzwiKb.KjNyWgaHb9cbcoQgdIVFlYg7B77UdFm', '0', 'ITMPhrxG2pkwfUe2g0iRotQxb9RR4ZsC1J7ABgdG', 'false', 'VKXVi3836f', '2018-11-30 23:51:55', '2018-11-30 23:51:55'),
(8, 'Dr. Margarette Hagenes II', 'david.auer@example.net', '2018-11-30 23:51:55', '$2y$10$TKh8H1.PfQx37YgCzwiKb.KjNyWgaHb9cbcoQgdIVFlYg7B77UdFm', '0', '7lF8nfCJHnRNuLwzydJN06zXFDeLFwgWcL387d3p', 'false', '1Wy0JmCgnd', '2018-11-30 23:51:55', '2018-11-30 23:51:55'),
(9, 'Mr. Johnson Howell', 'schmitt.lisette@example.net', '2018-11-30 23:51:55', '$2y$10$TKh8H1.PfQx37YgCzwiKb.KjNyWgaHb9cbcoQgdIVFlYg7B77UdFm', '1', NULL, 'false', 'MDxnz3vHXw', '2018-11-30 23:51:55', '2018-11-30 23:51:55'),
(10, 'Mr. Americo Daugherty IV', 'coty39@example.org', '2018-11-30 23:51:55', '$2y$10$TKh8H1.PfQx37YgCzwiKb.KjNyWgaHb9cbcoQgdIVFlYg7B77UdFm', '0', 'UIvWG29SR9hDAZLXzzmWGiElTwIe303Pf7XZCtpF', 'false', 'wG6LT4ni3w', '2018-11-30 23:51:55', '2018-11-30 23:51:55'),
(11, 'Deshawn Rath V', 'oconner.letitia@example.org', '2018-11-30 23:51:55', '$2y$10$TKh8H1.PfQx37YgCzwiKb.KjNyWgaHb9cbcoQgdIVFlYg7B77UdFm', '1', NULL, 'false', 'iLyZ1tJQRD', '2018-11-30 23:51:55', '2018-11-30 23:51:55'),
(12, 'Randal Langosh I', 'ondricka.haylee@example.com', '2018-11-30 23:51:55', '$2y$10$TKh8H1.PfQx37YgCzwiKb.KjNyWgaHb9cbcoQgdIVFlYg7B77UdFm', '0', 'VafGqOrXVI7OYf09ezIPVdjgZcu2ACRmhCHNfGAX', 'true', 'ACuI6BeDyN', '2018-11-30 23:51:55', '2018-11-30 23:51:55'),
(13, 'Prof. Cierra Feest DDS', 'streich.norene@example.org', '2018-11-30 23:51:55', '$2y$10$TKh8H1.PfQx37YgCzwiKb.KjNyWgaHb9cbcoQgdIVFlYg7B77UdFm', '0', 'InUoFJY2MqI6AyOcjkF7ycxWIoaa33O1mmXV4wwr', 'false', '2Zm3R9Yxyx', '2018-11-30 23:51:55', '2018-11-30 23:51:55'),
(14, 'Rodger Willms PhD', 'maximo14@example.org', '2018-11-30 23:51:55', '$2y$10$TKh8H1.PfQx37YgCzwiKb.KjNyWgaHb9cbcoQgdIVFlYg7B77UdFm', '1', NULL, 'true', 'sM6HMk4Tgx', '2018-11-30 23:51:55', '2018-11-30 23:51:55'),
(15, 'Mrs. Althea Rogahn MD', 'gene86@example.org', '2018-11-30 23:51:55', '$2y$10$TKh8H1.PfQx37YgCzwiKb.KjNyWgaHb9cbcoQgdIVFlYg7B77UdFm', '0', 'IrKbMV1zQ6O5FQIow13qJvyO87OYNErlu38QgaV3', 'false', '59AqFznuFj', '2018-11-30 23:51:55', '2018-11-30 23:51:55'),
(16, 'Eladio Hirthe DVM', 'ykeebler@example.net', '2018-11-30 23:51:55', '$2y$10$TKh8H1.PfQx37YgCzwiKb.KjNyWgaHb9cbcoQgdIVFlYg7B77UdFm', '0', 'pDKiED3JVdsN93E9WuEvjoTMXvjWHkFpJEpFRB18', 'true', 'LiIt7xnh3X', '2018-11-30 23:51:55', '2018-11-30 23:51:55'),
(17, 'Nicolette Hansen', 'virgie90@example.com', '2018-11-30 23:51:55', '$2y$10$TKh8H1.PfQx37YgCzwiKb.KjNyWgaHb9cbcoQgdIVFlYg7B77UdFm', '0', 'pvJ8XiJMGH2h204LkojZLXWx1AAcwXSokK0nzIQG', 'true', '4aU6NCzPUG', '2018-11-30 23:51:55', '2018-11-30 23:51:55'),
(18, 'Nigel Walter', 'david62@example.net', '2018-11-30 23:51:55', '$2y$10$TKh8H1.PfQx37YgCzwiKb.KjNyWgaHb9cbcoQgdIVFlYg7B77UdFm', '1', NULL, 'false', '053Edcxs9z', '2018-11-30 23:51:55', '2018-11-30 23:51:55'),
(19, 'Dr. Granville Mueller V', 'kspinka@example.org', '2018-11-30 23:51:55', '$2y$10$TKh8H1.PfQx37YgCzwiKb.KjNyWgaHb9cbcoQgdIVFlYg7B77UdFm', '1', NULL, 'true', 'f1hPQJvedT', '2018-11-30 23:51:55', '2018-11-30 23:51:55'),
(20, 'Minerva Sporer III', 'jeanne77@example.com', '2018-11-30 23:51:55', '$2y$10$TKh8H1.PfQx37YgCzwiKb.KjNyWgaHb9cbcoQgdIVFlYg7B77UdFm', '0', 'yboe5ZfJDW8FdyhqwS8rbPzADsfIByiwBpEfJnkM', 'false', 'nIWaecwfGb', '2018-11-30 23:51:55', '2018-11-30 23:51:55'),
(21, 'Rey Treutel', 'cecile25@example.net', '2018-11-30 23:51:55', '$2y$10$TKh8H1.PfQx37YgCzwiKb.KjNyWgaHb9cbcoQgdIVFlYg7B77UdFm', '1', NULL, 'true', '6zJgoSEgWo', '2018-11-30 23:51:56', '2018-11-30 23:51:56'),
(22, 'Ms. Daisha Glover IV', 'qsmith@example.org', '2018-11-30 23:51:55', '$2y$10$TKh8H1.PfQx37YgCzwiKb.KjNyWgaHb9cbcoQgdIVFlYg7B77UdFm', '0', 'PjloxL5qELaXYz1QVeqzA8NVJN3D65Kf1dClti75', 'false', 'yEHdD0py4l', '2018-11-30 23:51:56', '2018-11-30 23:51:56'),
(23, 'Rhiannon Walsh', 'nankunding@example.com', '2018-11-30 23:51:55', '$2y$10$TKh8H1.PfQx37YgCzwiKb.KjNyWgaHb9cbcoQgdIVFlYg7B77UdFm', '0', 'JKsGTVVU75N1Uu7UkV5RGo0hJBo4CvFGxYzDtXkn', 'true', 'uwOpaPYZeF', '2018-11-30 23:51:56', '2018-11-30 23:51:56'),
(24, 'Thelma Paucek', 'kihn.gage@example.com', '2018-11-30 23:51:55', '$2y$10$TKh8H1.PfQx37YgCzwiKb.KjNyWgaHb9cbcoQgdIVFlYg7B77UdFm', '1', NULL, 'true', 'UASwuDcK9P', '2018-11-30 23:51:56', '2018-11-30 23:51:56'),
(25, 'Lacy Baumbach II', 'shields.gisselle@example.net', '2018-11-30 23:51:55', '$2y$10$TKh8H1.PfQx37YgCzwiKb.KjNyWgaHb9cbcoQgdIVFlYg7B77UdFm', '0', '85XFGUUeNuf91p99xOZ2aTwnxHwhdz7IHvxrvhYt', 'false', 'p4mgzx8A2Q', '2018-11-30 23:51:56', '2018-11-30 23:51:56'),
(26, 'Prof. Coby O\'Reilly', 'kweber@example.net', '2018-11-30 23:51:55', '$2y$10$TKh8H1.PfQx37YgCzwiKb.KjNyWgaHb9cbcoQgdIVFlYg7B77UdFm', '1', NULL, 'false', 'LZjebBiuyj', '2018-11-30 23:51:56', '2018-11-30 23:51:56'),
(27, 'Dr. Emmie Wisoky', 'selmer87@example.net', '2018-11-30 23:51:55', '$2y$10$TKh8H1.PfQx37YgCzwiKb.KjNyWgaHb9cbcoQgdIVFlYg7B77UdFm', '0', 'bno5joM9QHFfJIH9PC5u4oipY8CJb1p5N6Xx9gzz', 'true', 'bhRDmvKfcw', '2018-11-30 23:51:56', '2018-11-30 23:51:56'),
(28, 'Miss Mattie Daugherty III', 'nolan.dejuan@example.org', '2018-11-30 23:51:55', '$2y$10$TKh8H1.PfQx37YgCzwiKb.KjNyWgaHb9cbcoQgdIVFlYg7B77UdFm', '1', NULL, 'true', '6uxaXLQHVN', '2018-11-30 23:51:56', '2018-11-30 23:51:56'),
(29, 'Maida Murphy II', 'murphy.garrick@example.org', '2018-11-30 23:51:55', '$2y$10$TKh8H1.PfQx37YgCzwiKb.KjNyWgaHb9cbcoQgdIVFlYg7B77UdFm', '1', NULL, 'true', 'kNFbmZepnY', '2018-11-30 23:51:56', '2018-11-30 23:51:56'),
(30, 'Russ Stanton', 'lyric.carter@example.net', '2018-11-30 23:51:55', '$2y$10$TKh8H1.PfQx37YgCzwiKb.KjNyWgaHb9cbcoQgdIVFlYg7B77UdFm', '0', 'efEnD9fHFshpWdLtXIBp3pjirEIOJ9co2jBnVqvM', 'false', '5QnuOqAlLO', '2018-11-30 23:51:56', '2018-11-30 23:51:56'),
(31, 'Prof. Braulio Ondricka', 'cormier.arely@example.com', '2018-11-30 23:51:55', '$2y$10$TKh8H1.PfQx37YgCzwiKb.KjNyWgaHb9cbcoQgdIVFlYg7B77UdFm', '0', 'AUTIUzAEOulsNHGy0ftPSi7NuOC6miAV7258jQFR', 'true', '4JQDFExNcO', '2018-11-30 23:51:56', '2018-11-30 23:51:56'),
(32, 'Lela Paucek I', 'casimer64@example.net', '2018-11-30 23:51:55', '$2y$10$TKh8H1.PfQx37YgCzwiKb.KjNyWgaHb9cbcoQgdIVFlYg7B77UdFm', '1', NULL, 'true', 'Dxj50W4hTp', '2018-11-30 23:51:56', '2018-11-30 23:51:56'),
(33, 'Dr. Ashton Hettinger III', 'moriah.adams@example.com', '2018-11-30 23:51:55', '$2y$10$TKh8H1.PfQx37YgCzwiKb.KjNyWgaHb9cbcoQgdIVFlYg7B77UdFm', '1', NULL, 'false', 'npxzLoYzyQ', '2018-11-30 23:51:56', '2018-11-30 23:51:56'),
(34, 'Bruce Parker', 'zhuel@example.com', '2018-11-30 23:51:55', '$2y$10$TKh8H1.PfQx37YgCzwiKb.KjNyWgaHb9cbcoQgdIVFlYg7B77UdFm', '0', 'GyNv1eJnEJyOBlabFvMQ0pE4eXGQ3nbMCL5WVdRQ', 'false', 'HaurR7neH4', '2018-11-30 23:51:56', '2018-11-30 23:51:56'),
(35, 'Prof. Jaeden Auer III', 'pbeatty@example.org', '2018-11-30 23:51:55', '$2y$10$TKh8H1.PfQx37YgCzwiKb.KjNyWgaHb9cbcoQgdIVFlYg7B77UdFm', '1', NULL, 'true', 'Cx77StPgk5', '2018-11-30 23:51:56', '2018-11-30 23:51:56'),
(36, 'Miss Kattie Crona', 'buckridge.coy@example.org', '2018-11-30 23:51:55', '$2y$10$TKh8H1.PfQx37YgCzwiKb.KjNyWgaHb9cbcoQgdIVFlYg7B77UdFm', '0', '6uaxiBcTHzSAbUT8ya11rFf0fxtKlEDQBVjK6MMv', 'false', 'WYLnt4c5u7', '2018-11-30 23:51:56', '2018-11-30 23:51:56'),
(37, 'Nelle Mosciski', 'pcruickshank@example.com', '2018-11-30 23:51:55', '$2y$10$TKh8H1.PfQx37YgCzwiKb.KjNyWgaHb9cbcoQgdIVFlYg7B77UdFm', '1', NULL, 'true', 'wSNpPQEjeb', '2018-11-30 23:51:56', '2018-11-30 23:51:56'),
(38, 'Katrine Treutel', 'emmanuelle.leannon@example.com', '2018-11-30 23:51:55', '$2y$10$TKh8H1.PfQx37YgCzwiKb.KjNyWgaHb9cbcoQgdIVFlYg7B77UdFm', '0', 'tcOJR7d53gefzMcyYyAxvpByfAn173EtmGxy7qFn', 'false', 'OHntqei9l3', '2018-11-30 23:51:56', '2018-11-30 23:51:56'),
(39, 'Hadley Botsford', 'toby78@example.net', '2018-11-30 23:51:55', '$2y$10$TKh8H1.PfQx37YgCzwiKb.KjNyWgaHb9cbcoQgdIVFlYg7B77UdFm', '0', 'afKJ9eudJQo9E1AmvAMyuZoNOzkPXT33KT0ogP5P', 'false', 'rXPqa2IGm8', '2018-11-30 23:51:56', '2018-11-30 23:51:56'),
(40, 'Fredy VonRueden', 'hugh95@example.com', '2018-11-30 23:51:55', '$2y$10$TKh8H1.PfQx37YgCzwiKb.KjNyWgaHb9cbcoQgdIVFlYg7B77UdFm', '1', NULL, 'true', 'MqYiLRaikR', '2018-11-30 23:51:56', '2018-11-30 23:51:56'),
(41, 'Mr. Seamus Kessler', 'edison.durgan@example.org', '2018-11-30 23:51:55', '$2y$10$TKh8H1.PfQx37YgCzwiKb.KjNyWgaHb9cbcoQgdIVFlYg7B77UdFm', '0', 'Nm7YqCPeCvoCdUpBhNBbrvpLHwRkVIp86Pqr8rOI', 'true', 'Akbudf2eVf', '2018-11-30 23:51:56', '2018-11-30 23:51:56'),
(42, 'Alfredo Shanahan', 'freeman80@example.net', '2018-11-30 23:51:55', '$2y$10$TKh8H1.PfQx37YgCzwiKb.KjNyWgaHb9cbcoQgdIVFlYg7B77UdFm', '0', 'FF4Run0z8ZaD9sn88x0yLWATu0ZNq7rzj96hI32f', 'true', 'FDfquAodpP', '2018-11-30 23:51:56', '2018-11-30 23:51:56'),
(43, 'Devyn Lindgren', 'bhirthe@example.org', '2018-11-30 23:51:55', '$2y$10$TKh8H1.PfQx37YgCzwiKb.KjNyWgaHb9cbcoQgdIVFlYg7B77UdFm', '1', NULL, 'false', 'XDZjge2VUU', '2018-11-30 23:51:56', '2018-11-30 23:51:56'),
(44, 'Cleveland Bednar', 'carleton.conroy@example.com', '2018-11-30 23:51:55', '$2y$10$TKh8H1.PfQx37YgCzwiKb.KjNyWgaHb9cbcoQgdIVFlYg7B77UdFm', '1', NULL, 'true', '0tHcVe1hXd', '2018-11-30 23:51:57', '2018-11-30 23:51:57'),
(45, 'Prof. Corine Altenwerth MD', 'clowe@example.com', '2018-11-30 23:51:55', '$2y$10$TKh8H1.PfQx37YgCzwiKb.KjNyWgaHb9cbcoQgdIVFlYg7B77UdFm', '1', NULL, 'true', 'Y2STH1IJF1', '2018-11-30 23:51:57', '2018-11-30 23:51:57'),
(46, 'Preston Monahan', 'ethan23@example.org', '2018-11-30 23:51:55', '$2y$10$TKh8H1.PfQx37YgCzwiKb.KjNyWgaHb9cbcoQgdIVFlYg7B77UdFm', '0', '6Jbgyxy3O1KZxlSO5Hxyu4C5UckBTHiHaz34KdG2', 'false', 'Dwri8XGsYW', '2018-11-30 23:51:57', '2018-11-30 23:51:57'),
(47, 'Miss Kayli Cronin MD', 'zcarter@example.com', '2018-11-30 23:51:55', '$2y$10$TKh8H1.PfQx37YgCzwiKb.KjNyWgaHb9cbcoQgdIVFlYg7B77UdFm', '0', 'VnYE6TbeqGNZ1n5Py8Rh7XVdupna9bZvbmOXAU5u', 'true', 'J4T2toXzYg', '2018-11-30 23:51:57', '2018-11-30 23:51:57'),
(48, 'Prof. Evans Langworth', 'joshua60@example.org', '2018-11-30 23:51:55', '$2y$10$TKh8H1.PfQx37YgCzwiKb.KjNyWgaHb9cbcoQgdIVFlYg7B77UdFm', '0', 'OIJZ6yJDlatdREPaqXoynqrgmGr3Casl0CgHIcGP', 'true', 'T7DzCX4I3Q', '2018-11-30 23:51:57', '2018-11-30 23:51:57'),
(49, 'Amber Rau', 'keyshawn.lemke@example.org', '2018-11-30 23:51:55', '$2y$10$TKh8H1.PfQx37YgCzwiKb.KjNyWgaHb9cbcoQgdIVFlYg7B77UdFm', '1', NULL, 'false', '8uD4DGseY7', '2018-11-30 23:51:57', '2018-11-30 23:51:57'),
(50, 'Hyman Goodwin', 'gino.padberg@example.net', '2018-11-30 23:51:55', '$2y$10$TKh8H1.PfQx37YgCzwiKb.KjNyWgaHb9cbcoQgdIVFlYg7B77UdFm', '1', NULL, 'false', 'oNhEFhtGPG', '2018-11-30 23:51:57', '2018-11-30 23:51:57'),
(51, 'Cheyanne Gislason V', 'jo.ohara@example.com', '2018-11-30 23:51:55', '$2y$10$TKh8H1.PfQx37YgCzwiKb.KjNyWgaHb9cbcoQgdIVFlYg7B77UdFm', '1', NULL, 'true', '9GRe4HTIxb', '2018-11-30 23:51:57', '2018-11-30 23:51:57'),
(52, 'Malinda Dicki PhD', 'candelario.maggio@example.net', '2018-11-30 23:51:55', '$2y$10$TKh8H1.PfQx37YgCzwiKb.KjNyWgaHb9cbcoQgdIVFlYg7B77UdFm', '1', NULL, 'true', 'cmxh2m3KDi', '2018-11-30 23:51:57', '2018-11-30 23:51:57'),
(53, 'Mr. Rex Kshlerin', 'alexanne17@example.net', '2018-11-30 23:51:55', '$2y$10$TKh8H1.PfQx37YgCzwiKb.KjNyWgaHb9cbcoQgdIVFlYg7B77UdFm', '0', 'mvjrX09lDPfbxRt01WiaFDiJqBXigCoOQMyqJjaQ', 'false', '5iCYcZrouE', '2018-11-30 23:51:57', '2018-11-30 23:51:57'),
(54, 'Donald Jerde', 'alisa.nicolas@example.com', '2018-11-30 23:51:55', '$2y$10$TKh8H1.PfQx37YgCzwiKb.KjNyWgaHb9cbcoQgdIVFlYg7B77UdFm', '1', NULL, 'true', '3nnrheB4t2', '2018-11-30 23:51:57', '2018-11-30 23:51:57'),
(55, 'Mrs. Elfrieda Hill', 'alexandrine.wehner@example.org', '2018-11-30 23:51:55', '$2y$10$TKh8H1.PfQx37YgCzwiKb.KjNyWgaHb9cbcoQgdIVFlYg7B77UdFm', '1', NULL, 'false', 'ckec0jkRql', '2018-11-30 23:51:57', '2018-11-30 23:51:57'),
(56, 'Prof. Nils Jerde', 'baumbach.laverne@example.org', '2018-11-30 23:51:55', '$2y$10$TKh8H1.PfQx37YgCzwiKb.KjNyWgaHb9cbcoQgdIVFlYg7B77UdFm', '1', NULL, 'true', '6gmrCNPcgh', '2018-11-30 23:51:57', '2018-11-30 23:51:57'),
(57, 'Dr. Isidro Beer Jr.', 'dashawn91@example.net', '2018-11-30 23:51:55', '$2y$10$TKh8H1.PfQx37YgCzwiKb.KjNyWgaHb9cbcoQgdIVFlYg7B77UdFm', '0', 'cgmjThu1oZQhUO4mwbkXYSnNEHyuRkwGKImf0Jlv', 'false', '1LKOw6q0Jc', '2018-11-30 23:51:57', '2018-11-30 23:51:57'),
(58, 'Kelsi Crona', 'tschoen@example.com', '2018-11-30 23:51:55', '$2y$10$TKh8H1.PfQx37YgCzwiKb.KjNyWgaHb9cbcoQgdIVFlYg7B77UdFm', '0', 'fzprApLh9KPZbX6HyfH4TqOc6PgmP6yuFumAKYs1', 'true', 'YyKEmcuSl1', '2018-11-30 23:51:57', '2018-11-30 23:51:57'),
(59, 'Emmet Langosh', 'dmayer@example.com', '2018-11-30 23:51:55', '$2y$10$TKh8H1.PfQx37YgCzwiKb.KjNyWgaHb9cbcoQgdIVFlYg7B77UdFm', '0', 'lWz94tlw4Kp9aCvSXcxTTCSENhYQ4gpFRcops3dX', 'false', '5oLCpzYSDV', '2018-11-30 23:51:57', '2018-11-30 23:51:57'),
(60, 'Arnold Kuhic I', 'shanie.hackett@example.net', '2018-11-30 23:51:55', '$2y$10$TKh8H1.PfQx37YgCzwiKb.KjNyWgaHb9cbcoQgdIVFlYg7B77UdFm', '0', 'StP69teOS7EfkTIbBetSvDxmsWtvnn5V7MpNFpzh', 'false', 'foXUCSNS2D', '2018-11-30 23:51:57', '2018-11-30 23:51:57'),
(61, 'Dr. Rahul Kohler', 'tiana03@example.net', '2018-11-30 23:51:55', '$2y$10$TKh8H1.PfQx37YgCzwiKb.KjNyWgaHb9cbcoQgdIVFlYg7B77UdFm', '0', 'BJWHivZ5MefXsvzOsW11nwFyLyob5Ue3hHZmQ1dz', 'true', '2b3M8uNOpg', '2018-11-30 23:51:57', '2018-11-30 23:51:57'),
(62, 'Rachelle Schimmel IV', 'wpacocha@example.org', '2018-11-30 23:51:55', '$2y$10$TKh8H1.PfQx37YgCzwiKb.KjNyWgaHb9cbcoQgdIVFlYg7B77UdFm', '1', NULL, 'true', 'BhNO5aisZX', '2018-11-30 23:51:57', '2018-11-30 23:51:57'),
(63, 'Prof. Blanca Kassulke Sr.', 'enrico.huels@example.org', '2018-11-30 23:51:55', '$2y$10$TKh8H1.PfQx37YgCzwiKb.KjNyWgaHb9cbcoQgdIVFlYg7B77UdFm', '0', 'znmHxAeRjjLg3v5Fw9yuexhQQ3uiJOrf6IdVjay1', 'false', '6Bkmrjyqx9', '2018-11-30 23:51:57', '2018-11-30 23:51:57'),
(64, 'Kenyatta Gerlach', 'dbartell@example.com', '2018-11-30 23:51:55', '$2y$10$TKh8H1.PfQx37YgCzwiKb.KjNyWgaHb9cbcoQgdIVFlYg7B77UdFm', '1', NULL, 'false', 'aZXPOKgkcE', '2018-11-30 23:51:57', '2018-11-30 23:51:57'),
(65, 'Alexa Hintz', 'sarah48@example.com', '2018-11-30 23:51:55', '$2y$10$TKh8H1.PfQx37YgCzwiKb.KjNyWgaHb9cbcoQgdIVFlYg7B77UdFm', '1', NULL, 'true', 'SCwUc1JhNx', '2018-11-30 23:51:57', '2018-11-30 23:51:57'),
(66, 'Thad Morissette', 'isobel35@example.org', '2018-11-30 23:51:55', '$2y$10$TKh8H1.PfQx37YgCzwiKb.KjNyWgaHb9cbcoQgdIVFlYg7B77UdFm', '0', 'u0re4f5ShzATrfG5z3LI6qY6dxC6ifbvMljvJnnx', 'true', 'XTBjg0Kqte', '2018-11-30 23:51:57', '2018-11-30 23:51:57'),
(67, 'Prof. Zachery O\'Conner Jr.', 'dejuan25@example.com', '2018-11-30 23:51:55', '$2y$10$TKh8H1.PfQx37YgCzwiKb.KjNyWgaHb9cbcoQgdIVFlYg7B77UdFm', '0', 'LMag5CXrmTsyNAIotqniigYCQCtCiK3A7HaIw0WA', 'false', 'ylcwB5pMEN', '2018-11-30 23:51:57', '2018-11-30 23:51:57'),
(68, 'Angel Treutel', 'constantin.brakus@example.org', '2018-11-30 23:51:55', '$2y$10$TKh8H1.PfQx37YgCzwiKb.KjNyWgaHb9cbcoQgdIVFlYg7B77UdFm', '1', NULL, 'false', 'qEur4MQPn7', '2018-11-30 23:51:58', '2018-11-30 23:51:58'),
(69, 'Lambert Harvey MD', 'konopelski.tiara@example.net', '2018-11-30 23:51:55', '$2y$10$TKh8H1.PfQx37YgCzwiKb.KjNyWgaHb9cbcoQgdIVFlYg7B77UdFm', '0', '43J1MF1SLHBbvkb9t2mPKtQfVAFOZUxGmAcXN7TS', 'false', '7fyPFJjJ8Q', '2018-11-30 23:51:58', '2018-11-30 23:51:58'),
(70, 'Georgiana Abshire', 'hahn.crawford@example.com', '2018-11-30 23:51:55', '$2y$10$TKh8H1.PfQx37YgCzwiKb.KjNyWgaHb9cbcoQgdIVFlYg7B77UdFm', '0', '85XatMnl5892MSDSm43DET3pe0uSTIuXxmlGrtsJ', 'false', 'oeHAdHBeWR', '2018-11-30 23:51:58', '2018-11-30 23:51:58'),
(71, 'Benedict Morar', 'icrist@example.net', '2018-11-30 23:51:55', '$2y$10$TKh8H1.PfQx37YgCzwiKb.KjNyWgaHb9cbcoQgdIVFlYg7B77UdFm', '0', 'jH6OjGrROc7LWKIzYhl9sSazcjzq0TbwOSyMSmC3', 'false', 'nwPRhCwfXs', '2018-11-30 23:51:58', '2018-11-30 23:51:58'),
(72, 'Kylie Goodwin PhD', 'btillman@example.net', '2018-11-30 23:51:55', '$2y$10$TKh8H1.PfQx37YgCzwiKb.KjNyWgaHb9cbcoQgdIVFlYg7B77UdFm', '1', NULL, 'false', 'udclpr2qor', '2018-11-30 23:51:58', '2018-11-30 23:51:58'),
(73, 'Lorenzo Greenholt', 'elian.parisian@example.net', '2018-11-30 23:51:55', '$2y$10$TKh8H1.PfQx37YgCzwiKb.KjNyWgaHb9cbcoQgdIVFlYg7B77UdFm', '0', 'ZVtPaBuQg8Gswe8ni1HezSMh88dj2eN2pH8Crme2', 'true', 'N3I2yMJagF', '2018-11-30 23:51:58', '2018-11-30 23:51:58'),
(74, 'Kristofer Bruen', 'ilebsack@example.org', '2018-11-30 23:51:55', '$2y$10$TKh8H1.PfQx37YgCzwiKb.KjNyWgaHb9cbcoQgdIVFlYg7B77UdFm', '0', 'kYg3talg9bBlxCtjW8Rhy0q3X5v0dtIW63ua3vNq', 'false', 'D1ALH3sJbF', '2018-11-30 23:51:58', '2018-11-30 23:51:58'),
(75, 'Tremaine Keebler', 'theaney@example.net', '2018-11-30 23:51:55', '$2y$10$TKh8H1.PfQx37YgCzwiKb.KjNyWgaHb9cbcoQgdIVFlYg7B77UdFm', '1', NULL, 'false', 'R5Es5VYWGY', '2018-11-30 23:51:58', '2018-11-30 23:51:58'),
(76, 'Mr. Franz Littel III', 'joshua.ohara@example.net', '2018-11-30 23:51:55', '$2y$10$TKh8H1.PfQx37YgCzwiKb.KjNyWgaHb9cbcoQgdIVFlYg7B77UdFm', '0', 'TgRse7474nwAfreTwRGxn798nj257Tcx0WhZwpXl', 'false', 'f9Fd9erNIB', '2018-11-30 23:51:58', '2018-11-30 23:51:58'),
(77, 'Delta Ondricka', 'daugherty.forrest@example.org', '2018-11-30 23:51:55', '$2y$10$TKh8H1.PfQx37YgCzwiKb.KjNyWgaHb9cbcoQgdIVFlYg7B77UdFm', '1', NULL, 'false', 'VEBwwotBLx', '2018-11-30 23:51:58', '2018-11-30 23:51:58'),
(78, 'Prof. Sallie Steuber', 'jaylen.emmerich@example.com', '2018-11-30 23:51:55', '$2y$10$TKh8H1.PfQx37YgCzwiKb.KjNyWgaHb9cbcoQgdIVFlYg7B77UdFm', '0', '9s633OvRvXazkmNV1EFUliFZ0jQsJHp3gbLXmZga', 'true', '9O5xv4UWGA', '2018-11-30 23:51:58', '2018-11-30 23:51:58'),
(79, 'Gustave Baumbach', 'twila48@example.com', '2018-11-30 23:51:55', '$2y$10$TKh8H1.PfQx37YgCzwiKb.KjNyWgaHb9cbcoQgdIVFlYg7B77UdFm', '0', 'ED24FsGNNvyHgHobPsBt1KSzFqQBnnGA49z3YrWf', 'true', 'breOnJdBzH', '2018-11-30 23:51:58', '2018-11-30 23:51:58'),
(80, 'Savannah Wisoky', 'mcrooks@example.com', '2018-11-30 23:51:55', '$2y$10$TKh8H1.PfQx37YgCzwiKb.KjNyWgaHb9cbcoQgdIVFlYg7B77UdFm', '1', NULL, 'true', 'An9Q9NNTgn', '2018-11-30 23:51:58', '2018-11-30 23:51:58'),
(81, 'Pedro Feeney V', 'zwisozk@example.com', '2018-11-30 23:51:55', '$2y$10$TKh8H1.PfQx37YgCzwiKb.KjNyWgaHb9cbcoQgdIVFlYg7B77UdFm', '1', NULL, 'false', 'VCpGx6WaJn', '2018-11-30 23:51:58', '2018-11-30 23:51:58'),
(82, 'Sigurd Dickens', 'creola.russel@example.net', '2018-11-30 23:51:55', '$2y$10$TKh8H1.PfQx37YgCzwiKb.KjNyWgaHb9cbcoQgdIVFlYg7B77UdFm', '0', 'IvWVZXpuEPfb4yV56bozolIi2Cr9lLpKkDNKDH7S', 'false', '31sVI8UCob', '2018-11-30 23:51:58', '2018-11-30 23:51:58'),
(83, 'Ms. Nola Considine I', 'torp.magali@example.org', '2018-11-30 23:51:55', '$2y$10$TKh8H1.PfQx37YgCzwiKb.KjNyWgaHb9cbcoQgdIVFlYg7B77UdFm', '1', NULL, 'false', 'Cook1hpPPk', '2018-11-30 23:51:58', '2018-11-30 23:51:58'),
(84, 'Alan Greenholt III', 'mfay@example.net', '2018-11-30 23:51:55', '$2y$10$TKh8H1.PfQx37YgCzwiKb.KjNyWgaHb9cbcoQgdIVFlYg7B77UdFm', '0', 'jNRz84mLGRK0OAZ46ueNpOZADqs2t1kZI35bLXXP', 'true', '3HAfyjJqGu', '2018-11-30 23:51:58', '2018-11-30 23:51:58'),
(85, 'Mr. Jamar Grimes Jr.', 'mercedes.crooks@example.org', '2018-11-30 23:51:55', '$2y$10$TKh8H1.PfQx37YgCzwiKb.KjNyWgaHb9cbcoQgdIVFlYg7B77UdFm', '1', NULL, 'false', 'JPowcTYfds', '2018-11-30 23:51:58', '2018-11-30 23:51:58'),
(86, 'Teagan Krajcik', 'hadley.parisian@example.org', '2018-11-30 23:51:55', '$2y$10$TKh8H1.PfQx37YgCzwiKb.KjNyWgaHb9cbcoQgdIVFlYg7B77UdFm', '1', NULL, 'true', 'G3KePtyGbY', '2018-11-30 23:51:58', '2018-11-30 23:51:58'),
(87, 'Marjorie Rath', 'schiller.alisha@example.org', '2018-11-30 23:51:55', '$2y$10$TKh8H1.PfQx37YgCzwiKb.KjNyWgaHb9cbcoQgdIVFlYg7B77UdFm', '0', 'ytyQqZgcDkxoxwnb7lRC2n0EAS7kIrie6Zd9dg7J', 'false', 'jTDDKE1HBA', '2018-11-30 23:51:58', '2018-11-30 23:51:58'),
(88, 'Vivienne Predovic', 'armstrong.raleigh@example.com', '2018-11-30 23:51:55', '$2y$10$TKh8H1.PfQx37YgCzwiKb.KjNyWgaHb9cbcoQgdIVFlYg7B77UdFm', '0', 'MySy4PotmVFxrgEtEPzFTD0UH8papEwVKdFV5lVn', 'false', 'K8FB0TKC9S', '2018-11-30 23:51:59', '2018-11-30 23:51:59'),
(89, 'Ward Gusikowski', 'amanda68@example.org', '2018-11-30 23:51:55', '$2y$10$TKh8H1.PfQx37YgCzwiKb.KjNyWgaHb9cbcoQgdIVFlYg7B77UdFm', '1', NULL, 'true', 'iczVpQ8sPj', '2018-11-30 23:51:59', '2018-11-30 23:51:59'),
(90, 'Lauryn Lindgren IV', 'audreanne.barrows@example.org', '2018-11-30 23:51:55', '$2y$10$TKh8H1.PfQx37YgCzwiKb.KjNyWgaHb9cbcoQgdIVFlYg7B77UdFm', '0', 'u8TmvjumsUvEmm4ZNsrVzlyUpsAOWhDIitxOy9dw', 'false', 'dJzzhyt0lC', '2018-11-30 23:51:59', '2018-11-30 23:51:59'),
(91, 'Prof. Elwin Rice', 'dillon08@example.com', '2018-11-30 23:51:55', '$2y$10$TKh8H1.PfQx37YgCzwiKb.KjNyWgaHb9cbcoQgdIVFlYg7B77UdFm', '0', 'MjdYWYFiAiIFZfl7O7hRb0r1RG0askaOA50I4Zjj', 'true', 'B4l6vWyn7u', '2018-11-30 23:51:59', '2018-11-30 23:51:59'),
(92, 'Murl Bernier Sr.', 'larry00@example.net', '2018-11-30 23:51:55', '$2y$10$TKh8H1.PfQx37YgCzwiKb.KjNyWgaHb9cbcoQgdIVFlYg7B77UdFm', '0', 'q8HLIYptguFqeiChuuYCHhvzaZdyP6STEaMLs8pv', 'false', 'rBVufFwSJR', '2018-11-30 23:51:59', '2018-11-30 23:51:59'),
(93, 'Reta Brekke IV', 'emmet.fisher@example.org', '2018-11-30 23:51:55', '$2y$10$TKh8H1.PfQx37YgCzwiKb.KjNyWgaHb9cbcoQgdIVFlYg7B77UdFm', '1', NULL, 'false', 'mAdI3CKpBF', '2018-11-30 23:51:59', '2018-11-30 23:51:59'),
(94, 'Madalyn Cummings', 'xrobel@example.org', '2018-11-30 23:51:55', '$2y$10$TKh8H1.PfQx37YgCzwiKb.KjNyWgaHb9cbcoQgdIVFlYg7B77UdFm', '0', 'nF0kOjJy5gWU8FznqAyrTnQhMTt7XQVxC1XGEhgz', 'false', 'TSlKbqbP33', '2018-11-30 23:51:59', '2018-11-30 23:51:59'),
(95, 'Lily Bins', 'chloe09@example.org', '2018-11-30 23:51:55', '$2y$10$TKh8H1.PfQx37YgCzwiKb.KjNyWgaHb9cbcoQgdIVFlYg7B77UdFm', '0', '8QjFvYRZu8HbQR4OmfcivqFlhunMdNUkkq94LqfI', 'true', 'tS1YJhL7C8', '2018-11-30 23:51:59', '2018-11-30 23:51:59'),
(96, 'Hettie Huel', 'kgulgowski@example.org', '2018-11-30 23:51:55', '$2y$10$TKh8H1.PfQx37YgCzwiKb.KjNyWgaHb9cbcoQgdIVFlYg7B77UdFm', '1', NULL, 'false', 'Ugll4dBngu', '2018-11-30 23:51:59', '2018-11-30 23:51:59'),
(97, 'Prof. Murray Rolfson II', 'randal.kling@example.net', '2018-11-30 23:51:55', '$2y$10$TKh8H1.PfQx37YgCzwiKb.KjNyWgaHb9cbcoQgdIVFlYg7B77UdFm', '1', NULL, 'true', 'WKQRwdee58', '2018-11-30 23:51:59', '2018-11-30 23:51:59'),
(98, 'Chasity Lemke', 'macejkovic.daphne@example.net', '2018-11-30 23:51:55', '$2y$10$TKh8H1.PfQx37YgCzwiKb.KjNyWgaHb9cbcoQgdIVFlYg7B77UdFm', '1', NULL, 'true', 'RR1fKhQEJE', '2018-11-30 23:51:59', '2018-11-30 23:51:59'),
(99, 'Mr. Javier Waters', 'clemmie.stokes@example.org', '2018-11-30 23:51:55', '$2y$10$TKh8H1.PfQx37YgCzwiKb.KjNyWgaHb9cbcoQgdIVFlYg7B77UdFm', '0', '19Mzae5jSv5zzRL7rx6GmccRzerbUQo4aZ6tLepC', 'false', 'TVtKt2BjhV', '2018-11-30 23:51:59', '2018-11-30 23:51:59'),
(100, 'Janessa Yundt MD', 'glover.carissa@example.net', '2018-11-30 23:51:55', '$2y$10$TKh8H1.PfQx37YgCzwiKb.KjNyWgaHb9cbcoQgdIVFlYg7B77UdFm', '1', NULL, 'false', 'L3Z26PxZKQ', '2018-11-30 23:51:59', '2018-11-30 23:51:59'),
(101, 'Frank Murazik', 'jayson.quigley@example.org', '2018-11-30 23:51:55', '$2y$10$TKh8H1.PfQx37YgCzwiKb.KjNyWgaHb9cbcoQgdIVFlYg7B77UdFm', '1', NULL, 'true', 'aOHNSZlhQx', '2018-11-30 23:51:59', '2018-11-30 23:51:59'),
(102, 'Alanis Friesen', 'euna.cremin@example.com', '2018-11-30 23:51:55', '$2y$10$TKh8H1.PfQx37YgCzwiKb.KjNyWgaHb9cbcoQgdIVFlYg7B77UdFm', '1', NULL, 'false', 'aI0dKjkc6n', '2018-11-30 23:51:59', '2018-11-30 23:51:59'),
(103, 'Elenora Quigley', 'lou.harvey@example.com', '2018-11-30 23:51:55', '$2y$10$TKh8H1.PfQx37YgCzwiKb.KjNyWgaHb9cbcoQgdIVFlYg7B77UdFm', '1', NULL, 'false', 'kb9z4lJjeQ', '2018-11-30 23:51:59', '2018-11-30 23:51:59'),
(104, 'Kade Hyatt V', 'andreane.macejkovic@example.org', '2018-11-30 23:51:55', '$2y$10$TKh8H1.PfQx37YgCzwiKb.KjNyWgaHb9cbcoQgdIVFlYg7B77UdFm', '0', 'TugJWd8PysL4WdKyFEUmBhFpgCLrAzMZjwyr40x0', 'true', 'dAePZGnKTt', '2018-11-30 23:51:59', '2018-11-30 23:51:59'),
(105, 'Lenore Rau', 'dryan@example.net', '2018-11-30 23:51:55', '$2y$10$TKh8H1.PfQx37YgCzwiKb.KjNyWgaHb9cbcoQgdIVFlYg7B77UdFm', '1', NULL, 'true', 'X6m1gBHVyz', '2018-11-30 23:52:00', '2018-11-30 23:52:00'),
(106, 'Mr. Casimir Anderson III', 'garrett.adams@example.net', '2018-11-30 23:51:55', '$2y$10$TKh8H1.PfQx37YgCzwiKb.KjNyWgaHb9cbcoQgdIVFlYg7B77UdFm', '1', NULL, 'false', 'qkI2PB0eCT', '2018-11-30 23:52:00', '2018-11-30 23:52:00'),
(107, 'Kristy Moen', 'barrows.carleton@example.org', '2018-11-30 23:51:55', '$2y$10$TKh8H1.PfQx37YgCzwiKb.KjNyWgaHb9cbcoQgdIVFlYg7B77UdFm', '1', NULL, 'true', 'AbGHRNcPhy', '2018-11-30 23:52:00', '2018-11-30 23:52:00'),
(108, 'Alicia Zulauf', 'andreanne75@example.org', '2018-11-30 23:51:55', '$2y$10$TKh8H1.PfQx37YgCzwiKb.KjNyWgaHb9cbcoQgdIVFlYg7B77UdFm', '0', 'rMWueE2RPHUUMl7q3BklXFTNlcJ3OkaHrWEO4Ru9', 'true', '9D1CVpyCUx', '2018-11-30 23:52:00', '2018-11-30 23:52:00'),
(109, 'Ryley Luettgen DDS', 'xparisian@example.com', '2018-11-30 23:51:55', '$2y$10$TKh8H1.PfQx37YgCzwiKb.KjNyWgaHb9cbcoQgdIVFlYg7B77UdFm', '0', 'cITh1AHFk9VTnoITxKcqz4h8QqTpmLSofsByHSNY', 'false', '1cw1Wfbzbd', '2018-11-30 23:52:00', '2018-11-30 23:52:00'),
(110, 'Guillermo Langosh', 'marquardt.cordia@example.net', '2018-11-30 23:51:55', '$2y$10$TKh8H1.PfQx37YgCzwiKb.KjNyWgaHb9cbcoQgdIVFlYg7B77UdFm', '0', 'Fh1oo9gt9r1OWj2nADhUqnJSYz84T9Pmr1LpGPWD', 'false', 'qSyWwogv6p', '2018-11-30 23:52:00', '2018-11-30 23:52:00'),
(111, 'Prof. Chadd Hilpert II', 'myron.barrows@example.org', '2018-11-30 23:51:55', '$2y$10$TKh8H1.PfQx37YgCzwiKb.KjNyWgaHb9cbcoQgdIVFlYg7B77UdFm', '1', NULL, 'true', '2fEPCUpgJI', '2018-11-30 23:52:00', '2018-11-30 23:52:00'),
(112, 'Dr. Lilla Weissnat III', 'sturcotte@example.org', '2018-11-30 23:51:55', '$2y$10$TKh8H1.PfQx37YgCzwiKb.KjNyWgaHb9cbcoQgdIVFlYg7B77UdFm', '1', NULL, 'true', 'LFl5sxR6wz', '2018-11-30 23:52:00', '2018-11-30 23:52:00'),
(113, 'Daphnee Carroll', 'mnienow@example.net', '2018-11-30 23:51:55', '$2y$10$TKh8H1.PfQx37YgCzwiKb.KjNyWgaHb9cbcoQgdIVFlYg7B77UdFm', '1', NULL, 'true', 'sH3vMuRPCX', '2018-11-30 23:52:00', '2018-11-30 23:52:00'),
(114, 'Serena Olson', 'wdavis@example.com', '2018-11-30 23:51:55', '$2y$10$TKh8H1.PfQx37YgCzwiKb.KjNyWgaHb9cbcoQgdIVFlYg7B77UdFm', '0', 'vbQP9ZaZgRiVCFna3HrWIN6e1X1b946qY6onXMHF', 'true', 'd826r9ScLX', '2018-11-30 23:52:00', '2018-11-30 23:52:00'),
(115, 'Dr. Noemy Aufderhar II', 'harrison92@example.net', '2018-11-30 23:51:55', '$2y$10$TKh8H1.PfQx37YgCzwiKb.KjNyWgaHb9cbcoQgdIVFlYg7B77UdFm', '0', 'umQ9acb9AhizSFAbFaM7uYSNp9DPtnWyzU8eAMyL', 'false', 'aCmEVj0Q2B', '2018-11-30 23:52:00', '2018-11-30 23:52:00'),
(116, 'Alta Baumbach', 'shermann@example.net', '2018-11-30 23:51:55', '$2y$10$TKh8H1.PfQx37YgCzwiKb.KjNyWgaHb9cbcoQgdIVFlYg7B77UdFm', '1', NULL, 'true', 'xJBCVCLPzQ', '2018-11-30 23:52:00', '2018-11-30 23:52:00'),
(117, 'Mr. Emery Terry', 'schultz.olin@example.net', '2018-11-30 23:51:55', '$2y$10$TKh8H1.PfQx37YgCzwiKb.KjNyWgaHb9cbcoQgdIVFlYg7B77UdFm', '1', NULL, 'true', 'jXiGVwGDaM', '2018-11-30 23:52:00', '2018-11-30 23:52:00'),
(118, 'Glenna Orn', 'montana60@example.com', '2018-11-30 23:51:55', '$2y$10$TKh8H1.PfQx37YgCzwiKb.KjNyWgaHb9cbcoQgdIVFlYg7B77UdFm', '0', 'iLOhlyiiuqyuAEQcAl0v3bhz5E4apGb3nVcypjL2', 'true', 'segetzkOK4', '2018-11-30 23:52:00', '2018-11-30 23:52:00'),
(119, 'Ivy Kuvalis', 'kali39@example.org', '2018-11-30 23:51:55', '$2y$10$TKh8H1.PfQx37YgCzwiKb.KjNyWgaHb9cbcoQgdIVFlYg7B77UdFm', '0', 'PSWwqXa9zqbnQAqRrpKyqiC6kx7OPj3kFjPsZU2H', 'false', 'YsavSvnlE1', '2018-11-30 23:52:00', '2018-11-30 23:52:00'),
(120, 'Dr. Esta O\'Kon', 'bjacobs@example.org', '2018-11-30 23:51:55', '$2y$10$TKh8H1.PfQx37YgCzwiKb.KjNyWgaHb9cbcoQgdIVFlYg7B77UdFm', '0', 'HYwVvfVtEwGfLkpPKogw4lY3vayW1sAhFEALZanL', 'false', 'Stk59nvBWG', '2018-11-30 23:52:00', '2018-11-30 23:52:00'),
(121, 'Wayne Spencer V', 'leopoldo.adams@example.com', '2018-11-30 23:51:55', '$2y$10$TKh8H1.PfQx37YgCzwiKb.KjNyWgaHb9cbcoQgdIVFlYg7B77UdFm', '0', 'FsBxYTLzzIiw95cDJHsMLm4wtIK67kn2VruexGBy', 'true', 'cKzrUITIsE', '2018-11-30 23:52:00', '2018-11-30 23:52:00'),
(122, 'Ashton Flatley', 'stevie11@example.com', '2018-11-30 23:51:55', '$2y$10$TKh8H1.PfQx37YgCzwiKb.KjNyWgaHb9cbcoQgdIVFlYg7B77UdFm', '0', 'C4sFBUyYjrkctrDCcaR7Sssa5rZpbGHyDArpqbiZ', 'true', '18KjzlxISI', '2018-11-30 23:52:00', '2018-11-30 23:52:00'),
(123, 'Jammie Carroll', 'walter.xander@example.com', '2018-11-30 23:51:55', '$2y$10$TKh8H1.PfQx37YgCzwiKb.KjNyWgaHb9cbcoQgdIVFlYg7B77UdFm', '1', NULL, 'true', 'TrhAOR8hQo', '2018-11-30 23:52:00', '2018-11-30 23:52:00'),
(124, 'Sylvan Buckridge', 'idooley@example.com', '2018-11-30 23:51:55', '$2y$10$TKh8H1.PfQx37YgCzwiKb.KjNyWgaHb9cbcoQgdIVFlYg7B77UdFm', '1', NULL, 'true', 'O3op4M1vZS', '2018-11-30 23:52:00', '2018-11-30 23:52:00'),
(125, 'Miss Amalia Beier', 'kylie25@example.com', '2018-11-30 23:51:55', '$2y$10$TKh8H1.PfQx37YgCzwiKb.KjNyWgaHb9cbcoQgdIVFlYg7B77UdFm', '0', '3eUaEgAaoHFw1FAHiN7dCVy3bJvMzLhvLsyI0QSw', 'false', 'h6Kx2OXhwF', '2018-11-30 23:52:00', '2018-11-30 23:52:00'),
(126, 'Prof. Selena McClure MD', 'bradley50@example.com', '2018-11-30 23:51:55', '$2y$10$TKh8H1.PfQx37YgCzwiKb.KjNyWgaHb9cbcoQgdIVFlYg7B77UdFm', '0', 'J72srHkqObscvggqgurwRAds3jiwftLsLqo9xRaz', 'true', 'OqA0R86w3q', '2018-11-30 23:52:00', '2018-11-30 23:52:00'),
(127, 'Kristina Kassulke', 'graynor@example.com', '2018-11-30 23:51:55', '$2y$10$TKh8H1.PfQx37YgCzwiKb.KjNyWgaHb9cbcoQgdIVFlYg7B77UdFm', '0', 'SVKptMLSFsefQrDZRy7lnnuvtxZu3JjAGyOmXMOt', 'false', 'vZ613MsZJ9', '2018-11-30 23:52:00', '2018-11-30 23:52:00'),
(128, 'Effie Becker', 'npfeffer@example.org', '2018-11-30 23:51:55', '$2y$10$TKh8H1.PfQx37YgCzwiKb.KjNyWgaHb9cbcoQgdIVFlYg7B77UdFm', '0', 'FpFJsVlxnv5r2pn87qaeF6b5cSxooknIbNtofU3Y', 'true', 'BsbCx1vS9C', '2018-11-30 23:52:00', '2018-11-30 23:52:00'),
(129, 'Marlen Lehner', 'katlynn85@example.org', '2018-11-30 23:51:55', '$2y$10$TKh8H1.PfQx37YgCzwiKb.KjNyWgaHb9cbcoQgdIVFlYg7B77UdFm', '0', 'OWOBQvLRTFfEOGNgF0gipqpGOmqb4xx365CLXXz0', 'false', 'fxhdGDLOdm', '2018-11-30 23:52:00', '2018-11-30 23:52:00'),
(130, 'Corene Roberts Sr.', 'ihaley@example.com', '2018-11-30 23:51:55', '$2y$10$TKh8H1.PfQx37YgCzwiKb.KjNyWgaHb9cbcoQgdIVFlYg7B77UdFm', '1', NULL, 'true', 'fLJryMzQxO', '2018-11-30 23:52:00', '2018-11-30 23:52:00'),
(131, 'Mckenna Collier', 'margarette58@example.org', '2018-11-30 23:51:55', '$2y$10$TKh8H1.PfQx37YgCzwiKb.KjNyWgaHb9cbcoQgdIVFlYg7B77UdFm', '1', NULL, 'true', '2ObhrTkTCn', '2018-11-30 23:52:01', '2018-11-30 23:52:01'),
(132, 'Merritt Turner MD', 'howe.myrl@example.com', '2018-11-30 23:51:55', '$2y$10$TKh8H1.PfQx37YgCzwiKb.KjNyWgaHb9cbcoQgdIVFlYg7B77UdFm', '1', NULL, 'false', 'HNuDo0gmcs', '2018-11-30 23:52:01', '2018-11-30 23:52:01'),
(133, 'Amelie Beahan', 'branson27@example.org', '2018-11-30 23:51:55', '$2y$10$TKh8H1.PfQx37YgCzwiKb.KjNyWgaHb9cbcoQgdIVFlYg7B77UdFm', '1', NULL, 'true', 'wJcSXJDr0W', '2018-11-30 23:52:01', '2018-11-30 23:52:01'),
(134, 'Keely Marks', 'mabel.abbott@example.org', '2018-11-30 23:51:55', '$2y$10$TKh8H1.PfQx37YgCzwiKb.KjNyWgaHb9cbcoQgdIVFlYg7B77UdFm', '1', NULL, 'false', 'GEPnQ7MgPX', '2018-11-30 23:52:01', '2018-11-30 23:52:01'),
(135, 'Dr. Cade Baumbach MD', 'amedhurst@example.net', '2018-11-30 23:51:55', '$2y$10$TKh8H1.PfQx37YgCzwiKb.KjNyWgaHb9cbcoQgdIVFlYg7B77UdFm', '0', 'n3SvsYeFJoIcY4Fcw5P5vKSgg9zVopTkMxmzhEYS', 'true', '4CJ1CbmVYF', '2018-11-30 23:52:01', '2018-11-30 23:52:01'),
(136, 'Mr. Zachary Robel', 'hbins@example.org', '2018-11-30 23:51:55', '$2y$10$TKh8H1.PfQx37YgCzwiKb.KjNyWgaHb9cbcoQgdIVFlYg7B77UdFm', '0', 'eZdvZm1Qx3mW9ANZhdBWO8Zq4agp1xOzg8TElnFZ', 'false', 'smOx0DdHAT', '2018-11-30 23:52:01', '2018-11-30 23:52:01'),
(137, 'Hilario Blick', 'sabrina.oconnell@example.com', '2018-11-30 23:51:55', '$2y$10$TKh8H1.PfQx37YgCzwiKb.KjNyWgaHb9cbcoQgdIVFlYg7B77UdFm', '0', 'OCjug86waJCfJKhHHb2m7q8Syl7RUR7qlXwCqR4y', 'true', 'bJuNPu5Not', '2018-11-30 23:52:01', '2018-11-30 23:52:01'),
(138, 'Prof. Hailey Pfeffer Jr.', 'duncan13@example.net', '2018-11-30 23:51:55', '$2y$10$TKh8H1.PfQx37YgCzwiKb.KjNyWgaHb9cbcoQgdIVFlYg7B77UdFm', '1', NULL, 'true', 'geoVsBYXap', '2018-11-30 23:52:01', '2018-11-30 23:52:01'),
(139, 'Esperanza Denesik', 'gparker@example.com', '2018-11-30 23:51:55', '$2y$10$TKh8H1.PfQx37YgCzwiKb.KjNyWgaHb9cbcoQgdIVFlYg7B77UdFm', '1', NULL, 'true', 'NyMP9kIhlR', '2018-11-30 23:52:01', '2018-11-30 23:52:01'),
(140, 'Monte Schaefer', 'laura18@example.com', '2018-11-30 23:51:55', '$2y$10$TKh8H1.PfQx37YgCzwiKb.KjNyWgaHb9cbcoQgdIVFlYg7B77UdFm', '1', NULL, 'false', 'ANANMV6r75', '2018-11-30 23:52:01', '2018-11-30 23:52:01'),
(141, 'Elizabeth Kris', 'deckow.zola@example.org', '2018-11-30 23:51:55', '$2y$10$TKh8H1.PfQx37YgCzwiKb.KjNyWgaHb9cbcoQgdIVFlYg7B77UdFm', '0', '9IBM4AFEjPFJq9Aohn8e56rN8MDO7ds7fhwRhAB1', 'false', 'VOt9MnujgE', '2018-11-30 23:52:01', '2018-11-30 23:52:01'),
(142, 'Crystal Price', 'horace95@example.net', '2018-11-30 23:51:55', '$2y$10$TKh8H1.PfQx37YgCzwiKb.KjNyWgaHb9cbcoQgdIVFlYg7B77UdFm', '0', 'AFpALB5z1KRSAxZXDQ4fkwv8d8I6oK0YKWpoWRk7', 'false', 'CiATobiTpJ', '2018-11-30 23:52:01', '2018-11-30 23:52:01'),
(143, 'Eldridge O\'Kon', 'orn.ruben@example.com', '2018-11-30 23:51:55', '$2y$10$TKh8H1.PfQx37YgCzwiKb.KjNyWgaHb9cbcoQgdIVFlYg7B77UdFm', '1', NULL, 'true', 'im8c6i9IOG', '2018-11-30 23:52:01', '2018-11-30 23:52:01'),
(144, 'Prof. Adolf White III', 'cferry@example.org', '2018-11-30 23:51:55', '$2y$10$TKh8H1.PfQx37YgCzwiKb.KjNyWgaHb9cbcoQgdIVFlYg7B77UdFm', '1', NULL, 'true', '93sHNiLMjB', '2018-11-30 23:52:01', '2018-11-30 23:52:01'),
(145, 'Kelsie Towne', 'terdman@example.org', '2018-11-30 23:51:55', '$2y$10$TKh8H1.PfQx37YgCzwiKb.KjNyWgaHb9cbcoQgdIVFlYg7B77UdFm', '0', 'WMbzBLnHTofslXYbzOHTVdCLFuCFXK7YSS1yFqUs', 'true', 'FgZ1gtpLJJ', '2018-11-30 23:52:01', '2018-11-30 23:52:01'),
(146, 'Sebastian Crona', 'fay.darron@example.com', '2018-11-30 23:51:55', '$2y$10$TKh8H1.PfQx37YgCzwiKb.KjNyWgaHb9cbcoQgdIVFlYg7B77UdFm', '1', NULL, 'true', '33whBVz4A8', '2018-11-30 23:52:01', '2018-11-30 23:52:01'),
(147, 'Robert Erdman', 'herbert.torphy@example.org', '2018-11-30 23:51:55', '$2y$10$TKh8H1.PfQx37YgCzwiKb.KjNyWgaHb9cbcoQgdIVFlYg7B77UdFm', '1', NULL, 'false', 'uHhWS7ZUQF', '2018-11-30 23:52:01', '2018-11-30 23:52:01'),
(148, 'Enoch Osinski IV', 'osvaldo05@example.org', '2018-11-30 23:51:55', '$2y$10$TKh8H1.PfQx37YgCzwiKb.KjNyWgaHb9cbcoQgdIVFlYg7B77UdFm', '0', 'JpaQoA9Oht4IuvGj7EBrAEm76N553oZYfwUatiNb', 'false', 'GBv7hCVgDV', '2018-11-30 23:52:01', '2018-11-30 23:52:01'),
(149, 'Cielo Thiel', 'dkautzer@example.com', '2018-11-30 23:51:55', '$2y$10$TKh8H1.PfQx37YgCzwiKb.KjNyWgaHb9cbcoQgdIVFlYg7B77UdFm', '0', 'uo2Zsy4llBC1ERAgvJj4hEP7isiM1mpcMlkKwYz3', 'true', '9PFtfYTNkV', '2018-11-30 23:52:01', '2018-11-30 23:52:01'),
(150, 'Corene Pacocha', 'jamie.nolan@example.net', '2018-11-30 23:51:55', '$2y$10$TKh8H1.PfQx37YgCzwiKb.KjNyWgaHb9cbcoQgdIVFlYg7B77UdFm', '1', NULL, 'true', 'CjBDpUCCXF', '2018-11-30 23:52:01', '2018-11-30 23:52:01'),
(151, 'Rocio Donnelly', 'ottis.runte@example.org', '2018-11-30 23:51:55', '$2y$10$TKh8H1.PfQx37YgCzwiKb.KjNyWgaHb9cbcoQgdIVFlYg7B77UdFm', '1', NULL, 'false', 'GGIS5XWL4X', '2018-11-30 23:52:01', '2018-11-30 23:52:01'),
(152, 'Dr. Tevin Grady', 'ayla.cronin@example.org', '2018-11-30 23:51:55', '$2y$10$TKh8H1.PfQx37YgCzwiKb.KjNyWgaHb9cbcoQgdIVFlYg7B77UdFm', '1', NULL, 'true', 'EbZAnAFgbk', '2018-11-30 23:52:01', '2018-11-30 23:52:01'),
(153, 'Dr. Emelie Cassin', 'candido.hartmann@example.org', '2018-11-30 23:51:55', '$2y$10$TKh8H1.PfQx37YgCzwiKb.KjNyWgaHb9cbcoQgdIVFlYg7B77UdFm', '0', 'Efz1LXWmXQuW5Wrtj0dXeAr8HxZf9XtIuEzVZChl', 'false', 'ZvMCEsR9gz', '2018-11-30 23:52:01', '2018-11-30 23:52:01'),
(154, 'Prof. Brock Gerlach', 'fwilkinson@example.com', '2018-11-30 23:51:55', '$2y$10$TKh8H1.PfQx37YgCzwiKb.KjNyWgaHb9cbcoQgdIVFlYg7B77UdFm', '0', '1bxTblp1rTQImJqVEvKhW05ScHUwyxim252q7I3A', 'true', '4pwUY2ik8w', '2018-11-30 23:52:01', '2018-11-30 23:52:01'),
(155, 'Angie Jenkins', 'estrella02@example.org', '2018-11-30 23:51:55', '$2y$10$TKh8H1.PfQx37YgCzwiKb.KjNyWgaHb9cbcoQgdIVFlYg7B77UdFm', '1', NULL, 'true', 'pk52h8AqQ7', '2018-11-30 23:52:01', '2018-11-30 23:52:01'),
(156, 'Aliza Hegmann', 'kwilkinson@example.net', '2018-11-30 23:51:55', '$2y$10$TKh8H1.PfQx37YgCzwiKb.KjNyWgaHb9cbcoQgdIVFlYg7B77UdFm', '0', 'SNUFnS32D0EgWBemgOjzi1XluE1ZuBZOtbr0tTyv', 'true', 'SC8DGz9jHG', '2018-11-30 23:52:01', '2018-11-30 23:52:01'),
(157, 'Bernhard Moore', 'dock.bernier@example.com', '2018-11-30 23:51:55', '$2y$10$TKh8H1.PfQx37YgCzwiKb.KjNyWgaHb9cbcoQgdIVFlYg7B77UdFm', '1', NULL, 'true', 'DLejc4WtCo', '2018-11-30 23:52:01', '2018-11-30 23:52:01'),
(158, 'Rosetta Kuvalis MD', 'luciano.veum@example.net', '2018-11-30 23:51:55', '$2y$10$TKh8H1.PfQx37YgCzwiKb.KjNyWgaHb9cbcoQgdIVFlYg7B77UdFm', '1', NULL, 'true', 'kPDjp0onb4', '2018-11-30 23:52:02', '2018-11-30 23:52:02'),
(159, 'Evangeline Rohan', 'shanahan.gerardo@example.org', '2018-11-30 23:51:55', '$2y$10$TKh8H1.PfQx37YgCzwiKb.KjNyWgaHb9cbcoQgdIVFlYg7B77UdFm', '0', 'wpFEn2J6YKEUj7pEMLQlIOuuV7Afd5tB4bL1oQrQ', 'true', 'xAY2Dgd4Np', '2018-11-30 23:52:02', '2018-11-30 23:52:02'),
(160, 'Dr. Rupert Conn MD', 'crona.cody@example.com', '2018-11-30 23:51:55', '$2y$10$TKh8H1.PfQx37YgCzwiKb.KjNyWgaHb9cbcoQgdIVFlYg7B77UdFm', '1', NULL, 'false', 'nBrNlUDLfI', '2018-11-30 23:52:02', '2018-11-30 23:52:02'),
(161, 'Prof. Hank Schumm II', 'jacinthe26@example.net', '2018-11-30 23:51:55', '$2y$10$TKh8H1.PfQx37YgCzwiKb.KjNyWgaHb9cbcoQgdIVFlYg7B77UdFm', '0', 'CKuY4PgT97Np5cWwS547RNt2jBLNsloBfD9oeVBE', 'true', 's1nTeuzfPM', '2018-11-30 23:52:02', '2018-11-30 23:52:02'),
(162, 'Dr. Ashlee Rohan', 'polly.ziemann@example.com', '2018-11-30 23:51:55', '$2y$10$TKh8H1.PfQx37YgCzwiKb.KjNyWgaHb9cbcoQgdIVFlYg7B77UdFm', '1', NULL, 'false', 'WfnpDBRSho', '2018-11-30 23:52:02', '2018-11-30 23:52:02'),
(163, 'Juana Beier', 'olaf76@example.org', '2018-11-30 23:51:55', '$2y$10$TKh8H1.PfQx37YgCzwiKb.KjNyWgaHb9cbcoQgdIVFlYg7B77UdFm', '1', NULL, 'false', 'UU7tDeAxNb', '2018-11-30 23:52:02', '2018-11-30 23:52:02'),
(164, 'Angelita Pouros', 'qschuppe@example.org', '2018-11-30 23:51:55', '$2y$10$TKh8H1.PfQx37YgCzwiKb.KjNyWgaHb9cbcoQgdIVFlYg7B77UdFm', '1', NULL, 'true', 'CD7jz2KOky', '2018-11-30 23:52:02', '2018-11-30 23:52:02'),
(165, 'Lesly Gusikowski', 'angelina46@example.org', '2018-11-30 23:51:55', '$2y$10$TKh8H1.PfQx37YgCzwiKb.KjNyWgaHb9cbcoQgdIVFlYg7B77UdFm', '0', 'bPYmSqGvkk58vJIaYtrZ8V9TDqbL08dLf0YLE5Y3', 'false', 'S3bRoeYC1d', '2018-11-30 23:52:02', '2018-11-30 23:52:02'),
(166, 'Dr. Johann Smitham', 'gabe.kilback@example.org', '2018-11-30 23:51:55', '$2y$10$TKh8H1.PfQx37YgCzwiKb.KjNyWgaHb9cbcoQgdIVFlYg7B77UdFm', '1', NULL, 'false', 'HQzFhga0RT', '2018-11-30 23:52:02', '2018-11-30 23:52:02'),
(167, 'Verona Kuhlman Jr.', 'frieda08@example.org', '2018-11-30 23:51:55', '$2y$10$TKh8H1.PfQx37YgCzwiKb.KjNyWgaHb9cbcoQgdIVFlYg7B77UdFm', '1', NULL, 'true', 'CPl7lWfjvU', '2018-11-30 23:52:02', '2018-11-30 23:52:02'),
(168, 'Ms. Otha Simonis', 'kdickinson@example.com', '2018-11-30 23:51:55', '$2y$10$TKh8H1.PfQx37YgCzwiKb.KjNyWgaHb9cbcoQgdIVFlYg7B77UdFm', '0', 'hemb28iAnTljjvsB1a7MIFF13hK88aLsriQdytSD', 'true', 'UpOKI0xyal', '2018-11-30 23:52:02', '2018-11-30 23:52:02'),
(169, 'Jane Carroll Sr.', 'jayson15@example.com', '2018-11-30 23:51:55', '$2y$10$TKh8H1.PfQx37YgCzwiKb.KjNyWgaHb9cbcoQgdIVFlYg7B77UdFm', '1', NULL, 'true', 'axrXZi6qct', '2018-11-30 23:52:02', '2018-11-30 23:52:02'),
(170, 'Flavie Hegmann', 'dakota64@example.com', '2018-11-30 23:51:55', '$2y$10$TKh8H1.PfQx37YgCzwiKb.KjNyWgaHb9cbcoQgdIVFlYg7B77UdFm', '0', '6n93USHdlaThKEZM4GsBvfPMTzVBSSlDBLHkVD6U', 'true', 'NCnuWFFmuO', '2018-11-30 23:52:02', '2018-11-30 23:52:02'),
(171, 'Dr. Alexys Pouros', 'lmetz@example.com', '2018-11-30 23:51:55', '$2y$10$TKh8H1.PfQx37YgCzwiKb.KjNyWgaHb9cbcoQgdIVFlYg7B77UdFm', '0', 'XlvoX6JbWwkwG8g3YVCCTvvIgc6aY8wugQMJ1EFV', 'false', 'YTgVIEvcPV', '2018-11-30 23:52:02', '2018-11-30 23:52:02'),
(172, 'Zion Bailey', 'steuber.scottie@example.net', '2018-11-30 23:51:55', '$2y$10$TKh8H1.PfQx37YgCzwiKb.KjNyWgaHb9cbcoQgdIVFlYg7B77UdFm', '1', NULL, 'false', 'bAAVt9OIXU', '2018-11-30 23:52:02', '2018-11-30 23:52:02'),
(173, 'Clotilde McCullough', 'vandervort.modesto@example.com', '2018-11-30 23:51:55', '$2y$10$TKh8H1.PfQx37YgCzwiKb.KjNyWgaHb9cbcoQgdIVFlYg7B77UdFm', '1', NULL, 'true', 'ktSa6oc5mx', '2018-11-30 23:52:02', '2018-11-30 23:52:02'),
(174, 'River Cronin', 'georgiana72@example.com', '2018-11-30 23:51:55', '$2y$10$TKh8H1.PfQx37YgCzwiKb.KjNyWgaHb9cbcoQgdIVFlYg7B77UdFm', '1', NULL, 'false', 'gTV6Hybsdj', '2018-11-30 23:52:02', '2018-11-30 23:52:02'),
(175, 'Mrs. Tessie Koelpin', 'kathlyn22@example.com', '2018-11-30 23:51:55', '$2y$10$TKh8H1.PfQx37YgCzwiKb.KjNyWgaHb9cbcoQgdIVFlYg7B77UdFm', '0', 'LCZNdoxMXxO1Lh2kUYezZupfwO8lNPlX5JqPGOCE', 'false', 'OSZCrstuln', '2018-11-30 23:52:02', '2018-11-30 23:52:02'),
(176, 'Dr. Duncan Trantow III', 'gaylord.sincere@example.net', '2018-11-30 23:51:55', '$2y$10$TKh8H1.PfQx37YgCzwiKb.KjNyWgaHb9cbcoQgdIVFlYg7B77UdFm', '1', NULL, 'true', 'Yj7W4bhKO3', '2018-11-30 23:52:02', '2018-11-30 23:52:02'),
(177, 'Roxanne Waelchi', 'vhegmann@example.net', '2018-11-30 23:51:55', '$2y$10$TKh8H1.PfQx37YgCzwiKb.KjNyWgaHb9cbcoQgdIVFlYg7B77UdFm', '0', 'TR6IH5fQohu6tN8gmFqE0nVJDdVNDZXkIowM4a8d', 'false', 'Yq0w8tYcOG', '2018-11-30 23:52:02', '2018-11-30 23:52:02'),
(178, 'Ms. Mallie Lind', 'robbie28@example.org', '2018-11-30 23:51:55', '$2y$10$TKh8H1.PfQx37YgCzwiKb.KjNyWgaHb9cbcoQgdIVFlYg7B77UdFm', '1', NULL, 'false', '32leBLfA9p', '2018-11-30 23:52:02', '2018-11-30 23:52:02'),
(179, 'Sarina Harris', 'aniyah89@example.com', '2018-11-30 23:51:55', '$2y$10$TKh8H1.PfQx37YgCzwiKb.KjNyWgaHb9cbcoQgdIVFlYg7B77UdFm', '1', NULL, 'false', 'Ep1xHok0Ay', '2018-11-30 23:52:02', '2018-11-30 23:52:02'),
(180, 'Russel Donnelly IV', 'tessie39@example.org', '2018-11-30 23:51:55', '$2y$10$TKh8H1.PfQx37YgCzwiKb.KjNyWgaHb9cbcoQgdIVFlYg7B77UdFm', '0', 'izcAjrrDr3luW9uW1yauq6ha4gaSfOc9jJEw3qFa', 'true', '71Cg5bHY4K', '2018-11-30 23:52:02', '2018-11-30 23:52:02'),
(181, 'Alivia Barrows', 'gerald27@example.com', '2018-11-30 23:51:55', '$2y$10$TKh8H1.PfQx37YgCzwiKb.KjNyWgaHb9cbcoQgdIVFlYg7B77UdFm', '1', NULL, 'true', 'ynlt9c9h15', '2018-11-30 23:52:03', '2018-11-30 23:52:03'),
(182, 'Prof. Oran West', 'monahan.jewell@example.com', '2018-11-30 23:51:55', '$2y$10$TKh8H1.PfQx37YgCzwiKb.KjNyWgaHb9cbcoQgdIVFlYg7B77UdFm', '0', '5odF2f25g7fi7YBundfhDayCvXnKpmteoaZ2YDEk', 'false', '4dQ3tsS462', '2018-11-30 23:52:03', '2018-11-30 23:52:03'),
(183, 'Andy Wintheiser', 'huels.viviane@example.com', '2018-11-30 23:51:55', '$2y$10$TKh8H1.PfQx37YgCzwiKb.KjNyWgaHb9cbcoQgdIVFlYg7B77UdFm', '1', NULL, 'false', 'DeVIQg4Ew6', '2018-11-30 23:52:03', '2018-11-30 23:52:03'),
(184, 'Dawson Koepp', 'mafalda.gusikowski@example.org', '2018-11-30 23:51:55', '$2y$10$TKh8H1.PfQx37YgCzwiKb.KjNyWgaHb9cbcoQgdIVFlYg7B77UdFm', '1', NULL, 'true', 'KLV6RptEHL', '2018-11-30 23:52:03', '2018-11-30 23:52:03'),
(185, 'Miss Ramona Jast Sr.', 'kaelyn05@example.net', '2018-11-30 23:51:55', '$2y$10$TKh8H1.PfQx37YgCzwiKb.KjNyWgaHb9cbcoQgdIVFlYg7B77UdFm', '0', 'tE5cwqICzfoMGBJnUPFsxSqRNnKwhvudVK7YeJal', 'true', 'uOg9PIw2dR', '2018-11-30 23:52:03', '2018-11-30 23:52:03'),
(186, 'Prof. Cali Cartwright II', 'rkoelpin@example.org', '2018-11-30 23:51:55', '$2y$10$TKh8H1.PfQx37YgCzwiKb.KjNyWgaHb9cbcoQgdIVFlYg7B77UdFm', '1', NULL, 'false', 'oOn0GZfuHc', '2018-11-30 23:52:03', '2018-11-30 23:52:03'),
(187, 'Oliver Orn', 'watsica.golden@example.com', '2018-11-30 23:51:55', '$2y$10$TKh8H1.PfQx37YgCzwiKb.KjNyWgaHb9cbcoQgdIVFlYg7B77UdFm', '1', NULL, 'false', 'iopPTCnuug', '2018-11-30 23:52:03', '2018-11-30 23:52:03'),
(188, 'Charlie Schaefer Jr.', 'carter.ora@example.com', '2018-11-30 23:51:55', '$2y$10$TKh8H1.PfQx37YgCzwiKb.KjNyWgaHb9cbcoQgdIVFlYg7B77UdFm', '1', NULL, 'false', '3Xr43AZ5W6', '2018-11-30 23:52:03', '2018-11-30 23:52:03'),
(189, 'Mr. Nash Pacocha', 'elva.fahey@example.com', '2018-11-30 23:51:55', '$2y$10$TKh8H1.PfQx37YgCzwiKb.KjNyWgaHb9cbcoQgdIVFlYg7B77UdFm', '0', 'EFmCTLKmho0bfQgYyU0zyz4i4fNrbBXimsAeCcOg', 'true', 'hB029JvCiD', '2018-11-30 23:52:03', '2018-11-30 23:52:03'),
(190, 'Dr. Presley Wilderman', 'ovon@example.org', '2018-11-30 23:51:55', '$2y$10$TKh8H1.PfQx37YgCzwiKb.KjNyWgaHb9cbcoQgdIVFlYg7B77UdFm', '1', NULL, 'false', 'cR67HbA9gW', '2018-11-30 23:52:03', '2018-11-30 23:52:03'),
(191, 'Morton Schmeler', 'sipes.robbie@example.net', '2018-11-30 23:51:55', '$2y$10$TKh8H1.PfQx37YgCzwiKb.KjNyWgaHb9cbcoQgdIVFlYg7B77UdFm', '0', 'tIW36V92HjEbQN2TEX2Pvir4aLP0pQL2rk9hfORu', 'false', 'JLVo0yBDGJ', '2018-11-30 23:52:03', '2018-11-30 23:52:03'),
(192, 'Juliana Carter', 'novella.stracke@example.org', '2018-11-30 23:51:55', '$2y$10$TKh8H1.PfQx37YgCzwiKb.KjNyWgaHb9cbcoQgdIVFlYg7B77UdFm', '1', NULL, 'false', 'j3AtbXRCYU', '2018-11-30 23:52:03', '2018-11-30 23:52:03'),
(193, 'Berta Hirthe', 'anastacio18@example.net', '2018-11-30 23:51:55', '$2y$10$TKh8H1.PfQx37YgCzwiKb.KjNyWgaHb9cbcoQgdIVFlYg7B77UdFm', '0', 'EqYknllhGA8135RCzxdcdgeH6X1KMCFTjbynrjCr', 'false', 'z5JalmS98V', '2018-11-30 23:52:03', '2018-11-30 23:52:03'),
(194, 'Will Rempel', 'schaden.nicholas@example.com', '2018-11-30 23:51:55', '$2y$10$TKh8H1.PfQx37YgCzwiKb.KjNyWgaHb9cbcoQgdIVFlYg7B77UdFm', '0', '3n8eN1eOXYtb5UexHldAMFmFbYqsDDPNw0nfi2C2', 'true', 'dXCG2zph05', '2018-11-30 23:52:03', '2018-11-30 23:52:03'),
(195, 'Prof. Ilene Grady', 'magdalena.okuneva@example.com', '2018-11-30 23:51:55', '$2y$10$TKh8H1.PfQx37YgCzwiKb.KjNyWgaHb9cbcoQgdIVFlYg7B77UdFm', '1', NULL, 'false', 'WxYVDGXveL', '2018-11-30 23:52:03', '2018-11-30 23:52:03'),
(196, 'Prof. Bobbie Marks DVM', 'cleveland.stoltenberg@example.com', '2018-11-30 23:51:55', '$2y$10$TKh8H1.PfQx37YgCzwiKb.KjNyWgaHb9cbcoQgdIVFlYg7B77UdFm', '0', 'NcgN1S2iGA4bCaXibqh7gTPSTcITFwg9ppluAR1g', 'true', 'YUyiyFP3R2', '2018-11-30 23:52:03', '2018-11-30 23:52:03'),
(197, 'Corbin Daugherty', 'samanta.schimmel@example.org', '2018-11-30 23:51:55', '$2y$10$TKh8H1.PfQx37YgCzwiKb.KjNyWgaHb9cbcoQgdIVFlYg7B77UdFm', '1', NULL, 'true', 'XaZe4RC8r0', '2018-11-30 23:52:03', '2018-11-30 23:52:03'),
(198, 'Fidel Cremin', 'cameron.leffler@example.net', '2018-11-30 23:51:55', '$2y$10$TKh8H1.PfQx37YgCzwiKb.KjNyWgaHb9cbcoQgdIVFlYg7B77UdFm', '1', NULL, 'false', 't8IQUu5dll', '2018-11-30 23:52:03', '2018-11-30 23:52:03'),
(199, 'Mrs. Alta Collins', 'matilde.reichel@example.org', '2018-11-30 23:51:55', '$2y$10$TKh8H1.PfQx37YgCzwiKb.KjNyWgaHb9cbcoQgdIVFlYg7B77UdFm', '0', 'X2tsvGhw7fQF4zbnT5lPKOPxFdRPuJ6DP9yrfbci', 'false', '7Io8dYNcmr', '2018-11-30 23:52:03', '2018-11-30 23:52:03'),
(200, 'Dr. Misael VonRueden', 'vernie.stanton@example.org', '2018-11-30 23:51:55', '$2y$10$TKh8H1.PfQx37YgCzwiKb.KjNyWgaHb9cbcoQgdIVFlYg7B77UdFm', '1', NULL, 'true', 'qPbRMYMa8W', '2018-11-30 23:52:03', '2018-11-30 23:52:03'),
(202, 'testio', 'admin1@mail.com', NULL, '$2y$10$n.OvYYbyM57H3lJS7rGK4u1MGXlJk.v40IiECIJ2sssuQk7avEA2G', '1', '55XLc1kgrIk7uNkXS5TJerrrfquQP92oRzssF6VC', 'true', NULL, '2018-12-01 02:00:24', '2018-12-01 04:26:22');

--
-- Indexes for dumped tables
--

--
-- Indexes for table `categories`
--
ALTER TABLE `categories`
  ADD PRIMARY KEY (`id`);

--
-- Indexes for table `category_product`
--
ALTER TABLE `category_product`
  ADD KEY `category_product_category_id_foreign` (`category_id`),
  ADD KEY `category_product_product_id_foreign` (`product_id`);

--
-- Indexes for table `migrations`
--
ALTER TABLE `migrations`
  ADD PRIMARY KEY (`id`);

--
-- Indexes for table `password_resets`
--
ALTER TABLE `password_resets`
  ADD KEY `password_resets_email_index` (`email`);

--
-- Indexes for table `products`
--
ALTER TABLE `products`
  ADD PRIMARY KEY (`id`),
  ADD KEY `products_seller_id_foreign` (`seller_id`);

--
-- Indexes for table `transactions`
--
ALTER TABLE `transactions`
  ADD PRIMARY KEY (`id`),
  ADD KEY `transactions_buyer_id_foreign` (`buyer_id`),
  ADD KEY `transactions_product_id_foreign` (`product_id`);

--
-- Indexes for table `users`
--
ALTER TABLE `users`
  ADD PRIMARY KEY (`id`),
  ADD UNIQUE KEY `users_email_unique` (`email`);

--
-- AUTO_INCREMENT for dumped tables
--

--
-- AUTO_INCREMENT for table `categories`
--
ALTER TABLE `categories`
  MODIFY `id` int(10) UNSIGNED NOT NULL AUTO_INCREMENT, AUTO_INCREMENT=31;

--
-- AUTO_INCREMENT for table `migrations`
--
ALTER TABLE `migrations`
  MODIFY `id` int(10) UNSIGNED NOT NULL AUTO_INCREMENT, AUTO_INCREMENT=19;

--
-- AUTO_INCREMENT for table `products`
--
ALTER TABLE `products`
  MODIFY `id` int(10) UNSIGNED NOT NULL AUTO_INCREMENT, AUTO_INCREMENT=1001;

--
-- AUTO_INCREMENT for table `transactions`
--
ALTER TABLE `transactions`
  MODIFY `id` int(10) UNSIGNED NOT NULL AUTO_INCREMENT, AUTO_INCREMENT=1001;

--
-- AUTO_INCREMENT for table `users`
--
ALTER TABLE `users`
  MODIFY `id` int(10) UNSIGNED NOT NULL AUTO_INCREMENT, AUTO_INCREMENT=203;

--
-- Constraints for dumped tables
--

--
-- Constraints for table `category_product`
--
ALTER TABLE `category_product`
  ADD CONSTRAINT `category_product_category_id_foreign` FOREIGN KEY (`category_id`) REFERENCES `categories` (`id`),
  ADD CONSTRAINT `category_product_product_id_foreign` FOREIGN KEY (`product_id`) REFERENCES `products` (`id`);

--
-- Constraints for table `products`
--
ALTER TABLE `products`
  ADD CONSTRAINT `products_seller_id_foreign` FOREIGN KEY (`seller_id`) REFERENCES `users` (`id`);

--
-- Constraints for table `transactions`
--
ALTER TABLE `transactions`
  ADD CONSTRAINT `transactions_buyer_id_foreign` FOREIGN KEY (`buyer_id`) REFERENCES `users` (`id`),
  ADD CONSTRAINT `transactions_product_id_foreign` FOREIGN KEY (`product_id`) REFERENCES `products` (`id`);
COMMIT;

/*!40101 SET CHARACTER_SET_CLIENT=@OLD_CHARACTER_SET_CLIENT */;
/*!40101 SET CHARACTER_SET_RESULTS=@OLD_CHARACTER_SET_RESULTS */;
/*!40101 SET COLLATION_CONNECTION=@OLD_COLLATION_CONNECTION */;
